sleeve,is_sharpe,is_cagr,oos_sharpe,oos_cagr,active_frac
edge_ols_RB_HC,0.8563424990664001,0.025345842774114224,-0.06667390903988038,-0.0009487512442742929,0.1890595009596929
edge_ols_RU_TA,0.7123495480608504,0.03391843154895824,-0.5937161709055184,-0.0002926082104804939,0.01872299567930869
edge_olsx_RB_HC,0.6801141562961107,0.01438565106244738,0.40337564881636384,0.0035445236555833315,0.12284069097888675
edge_on_mom20,0.5688292242462863,0.04784703083145403,-0.3402322136804616,-0.02580063493147111,0.9904076738609112
pair_SC_TA,0.5082173411013037,0.03005324430268108,-0.19638772859636627,-0.018763258619539536,0.19001919385796545
edge_olsx_RU_TA,0.488839381022663,0.021182987948801246,-0.5281810559960569,-0.0006497658316431121,0.0043206913106096975
cal_HC,0.4734415708043796,0.010441110581461466,0.40820770571962983,0.0035125360324805843,0.21065259117082533
trend_tsmom120,0.44961228322366814,0.03396689723037749,-0.34730906485958857,-0.026248733331006524,0.9419664268585132
pair_I_HC,0.44062964040939223,0.027024330796400653,1.0643540878764701,0.0495984229601083,0.15690978886756238
pair_RB_HC,0.3779133149760118,0.015618790531534366,0.5782198992403363,0.012852330655635402,0.30326295585412666
cal_I,0.36669062901124966,0.01276608439890059,0.38294640109867545,0.0028105004702132508,0.20681381957773512
edge_on_mom5,0.35751765976430067,0.02409826999724185,0.3615614418621009,0.023169427302664358,0.9976019184652278
cal_AU,0.34829113860056615,0.0012563687908180299,0.2597146638212983,0.0005108564798612658,0.08109404990403071
pair_MA_TA,0.34521189013139164,0.014331065265641652,-0.09315203218993,-0.006790811010440878,0.12962073931829093
edge_ols_MA_TA,0.33937766058820246,0.006598384443172289,-0.7031326996655141,-0.02803551456246689,0.05715658021133525
edge_basis_mom60,0.33661576902971235,0.017821210941921795,-0.9667428026480779,-0.05435841042807665,0.8450095969289827
cal_C,0.3073255775085794,0.005349552366224808,0.022125781860233885,0.0007217327988673361,0.20825335892514396
cal_CU,0.3040869240737402,0.00043966524585470346,-0.17024529936730062,-0.00028831832137710123,0.028790786948176585
cal_RB,0.24273037603277792,0.005261331588005014,0.37618914280131016,0.011428273733842476,0.15355086372360843
trend_tsmom60,0.2423556659764052,0.016819650800100172,0.3197561110864905,0.024259826336370693,0.9707434052757794
edge_carry_xs,0.2416370446320369,0.015283798606579913,0.9054480362927677,0.052682437259723436,0.8771593090211133
edge_ols_SC_TA,0.22766809406778324,0.005748477581481781,-0.30758343146138606,-0.011370147915917506,0.050763923114834894
trend_donchian55,0.22168937003459113,0.018637968801190175,0.2695100226830082,0.023848369250158985,0.9731414868105516
pair_SC_MA,0.2204422725498145,0.008414876551261274,-0.1187875786546358,-0.009951001425403838,0.07053742802303263
edge_olsx_SC_TA,0.16101730207887227,0.004013243275693634,0.2521579453714775,0.005741584489773466,0.031542631838344014
cal_RU,0.13008661541596533,0.00176833692890499,0.2213165492302845,0.002004081100026145,0.23848368522072938
edge_basis_mom20,0.11390415455226016,0.005302107356021546,-0.8779820619954127,-0.051187503264647716,0.8661228406909789
edge_xs_overnight5,0.11314371354659737,0.006006280396999797,-0.39792593851495706,-0.03687200069403185,0.9952038369304557
edge_olsx_I_HC,0.08373777784279147,0.0020925058920739925,-0.13045923542661397,-0.0038900106026773518,0.0628598848368522
trend_dualma_atr,0.0716323191993996,0.0024884808370377876,0.3870456520249907,0.027598941157206403,0.9717026378896882
edge_ols_Y_C,0.0,0.0,0.047055701779838296,0.000687505677541278,0.005758157389635317
pair_CU_AU,0.0,0.0,-0.3325050245497941,-0.004407681953767728,0.019193857965451054
cal_M,0.0,0.0,-0.11340718586530137,-0.005468491790282193,0.12044145873320537
pair_Y_M,0.0,0.0,-0.07365338584090589,-0.004081491729676978,0.028790786948176585
edge_ols_CU_AU,0.0,0.0,0.0,0.0,0.0
edge_olsx_Y_C,0.0,0.0,0.04705570177983837,0.000687505677541278,0.005758157389635317
edge_olsx_MA_TA,0.0,0.0,-0.7741490687544771,-0.011690573384489977,0.008165225744476465
edge_ols_SC_MA,0.0,0.0,0.5637681842184954,0.00852716420530375,0.004437869822485207
pair_Y_C,0.0,0.0,0.1155738175769356,0.0016812897419575812,0.0047984644913627635
cal_SC,0.0,0.0,0.0,0.0,0.0
edge_ols_Y_M,0.0,0.0,-0.7616608826531864,-0.015152981922062048,0.016314779270633396
edge_olsx_SC_MA,0.0,0.0,0.0,0.0,0.0
edge_olsx_CU_AU,0.0,0.0,0.0,0.0,0.0
edge_olsx_Y_M,0.0,0.0,-0.60009275926184,-0.012303373141372753,0.015355086372360844
edge_ols_I_HC,-0.03906582038736651,-0.0035144585639960146,0.13943446451346458,0.005002832714571026,0.12236084452975048
pair_C_M,-0.10942118226592552,-0.001758783202396308,0.0,0.0,0.014875239923224568
cal_MA,-0.12406847027635426,-0.00259953093889409,0.41399929657295487,0.01313920763640719,0.04366602687140115
edge_ols_I_RB,-0.2586354484591947,-0.011909517425925609,-0.011742376367770459,-0.0007361791684619146,0.0916506717850288
edge_olsx_I_RB,-0.29728931730734914,-0.013252461013918415,0.039819612220026675,0.0006392986198602291,0.05326295585412668
pair_RU_TA,-0.30962491822262805,-0.014913461180690035,-0.3329122277049128,-0.003481304840478039,0.06238003838771593
pair_I_RB,-0.5391579487687881,-0.03531616499831092,0.8277099968441944,0.032016638711422685,0.18570057581573896
edge_ols_C_M,-0.5508986893559168,-0.0009851200132846571,0.0,0.0,0.0009596928982725527
edge_olsx_C_M,-0.5508986893559168,-0.0009851200132846571,0.0,0.0,0.0009596928982725527
edge_intraday_rev1,-0.5642411675899734,-0.04503778233833644,-0.4320723574402468,-0.033026280137927966,1.0
cal_Y,-0.6098677266563928,-0.017155833250953045,-0.13152126990073357,-0.004000607132401912,0.395873320537428
cal_TA,-0.709970163350262,-0.01726531590144942,-0.2319351952546146,-0.0020849234758543167,0.08637236084452975
edge_intraday_rev5,-0.8866348941463702,-0.0700372907647826,-0.661088832529651,-0.0515298919662176,0.9980815347721822
