date,open,high,low,close,volume
2020-01-02,1.057,1.065,1.057,1.065,32685909.999999996
2020-01-03,1.067,1.079,1.065,1.076,37642598.0
2020-01-06,1.065,1.065,1.055,1.055,72132160.0
2020-01-07,1.06,1.062,1.058,1.059,71336657.0
2020-01-08,1.046,1.051,1.036,1.046,66562904.0
2020-01-09,1.058,1.06,1.057,1.059,92698720.0
2020-01-10,1.065,1.072,1.063,1.07,24271804.0
2020-01-13,1.063,1.069,1.062,1.067,62571318.99999999
2020-01-14,1.072,1.077,1.07,1.074,52409119.0
2020-01-15,1.072,1.072,1.065,1.071,50152400.0
2020-01-16,1.07,1.07,1.064,1.065,51118800.0
2020-01-17,1.072,1.074,1.068,1.068,54167600.0
2020-01-20,1.072,1.072,1.068,1.069,40457200.0
2020-01-21,1.069,1.07,1.068,1.069,77349000.0
2020-01-22,1.069,1.078,1.069,1.078,46801700.0
2020-01-23,1.072,1.077,1.07,1.074,85220580.0
2020-02-03,1.028,1.062,1.028,1.058,26009730.0
2020-02-04,1.065,1.067,1.058,1.065,26674000.0
2020-02-05,1.072,1.075,1.07,1.071,45840104.0
2020-02-06,1.085,1.091,1.084,1.09,50427300.0
2020-02-07,1.09,1.093,1.088,1.093,53605500.0
2020-02-10,1.088,1.095,1.086,1.095,29926955.0
2020-02-11,1.097,1.112,1.097,1.11,45738610.0
2020-02-12,1.113,1.13,1.111,1.129,33664400.0
2020-02-13,1.15,1.184,1.139,1.175,63950002.0
2020-02-14,1.165,1.165,1.12,1.124,62719500.0
2020-02-17,1.126,1.141,1.116,1.131,55627900.0
2020-02-18,1.127,1.128,1.114,1.115,38263660.0
2020-02-19,1.112,1.118,1.108,1.112,40754500.0
2020-02-20,1.12,1.123,1.113,1.119,65322300.0
2020-02-21,1.11,1.124,1.108,1.108,87355909.0
2020-02-24,1.09,1.092,1.083,1.084,67321800.0
2020-02-25,1.064,1.084,1.064,1.084,108357383.0
2020-02-26,1.044,1.064,1.044,1.055,46020856.0
2020-02-27,1.056,1.056,1.048,1.049,39656800.0
2020-02-28,1.012,1.022,1.008,1.015,43572819.0
2020-03-02,1.015,1.044,0.997,1.035,151252400.0
2020-03-03,1.06,1.068,1.025,1.03,138934999.0
2020-03-04,1.01,1.019,1.004,1.017,55358578.0
2020-03-05,1.035,1.038,1.026,1.031,56256475.0
2020-03-06,1.017,1.017,1.008,1.009,28265875.0
2020-03-09,0.982,0.982,0.95,0.954,48657961.0
2020-03-10,0.944,0.985,0.94,0.983,63913100.0
2020-03-11,0.979,0.979,0.96,0.965,51473866.0
2020-03-12,0.943,0.943,0.916,0.93,66192692.00000001
2020-03-13,0.844,0.944,0.837,0.912,96231800.0
2020-03-16,0.892,0.905,0.874,0.89,75464972.0
2020-03-17,0.882,0.945,0.875,0.882,82421000.0
2020-03-18,0.885,0.893,0.852,0.853,50132301.0
2020-03-19,0.86,0.864,0.817,0.85,72220212.0
2020-03-20,0.855,0.883,0.852,0.879,59395950.0
2020-03-23,0.838,0.852,0.824,0.826,55870626.0
2020-03-24,0.85,0.86,0.835,0.859,112557969.0
2020-03-25,0.885,0.894,0.879,0.893,118424802.0
2020-03-26,0.892,0.892,0.872,0.882,50563400.0
2020-03-27,0.902,0.904,0.883,0.884,72272832.0
2020-03-30,0.867,0.879,0.856,0.87,58299648.0
2020-03-31,0.886,0.889,0.88,0.882,40390600.0
2020-04-01,0.87,0.881,0.862,0.863,36395835.0
2020-04-02,0.861,0.873,0.851,0.872,55731337.0
2020-04-03,0.867,0.871,0.86,0.863,28004340.000000004
2020-04-07,0.895,0.906,0.891,0.905,54022374.0
2020-04-08,0.899,0.906,0.894,0.898,44602000.0
2020-04-09,0.914,0.927,0.914,0.925,88200100.0
2020-04-10,0.929,0.934,0.921,0.924,60717609.0
2020-04-13,0.919,0.919,0.912,0.916,47116409.0
2020-04-14,0.921,0.934,0.918,0.934,45715309.0
2020-04-15,0.943,0.948,0.939,0.941,76510000.0
2020-04-16,0.926,0.941,0.923,0.936,65469800.0
2020-04-17,0.958,0.961,0.953,0.956,98469197.0
2020-04-20,0.958,0.959,0.952,0.956,34675900.0
2020-04-21,0.951,0.951,0.931,0.937,65320076.0
2020-04-22,0.916,0.93,0.916,0.926,83599806.0
2020-04-23,0.934,0.938,0.929,0.936,54845800.0
2020-04-24,0.927,0.93,0.924,0.93,38582201.0
2020-04-27,0.942,0.956,0.94,0.949,46283900.0
2020-04-28,0.957,0.96,0.952,0.958,47658300.0
2020-04-29,0.964,0.971,0.962,0.966,48932900.0
2020-04-30,0.985,0.99,0.98,0.986,53151001.0
2020-05-06,0.967,0.974,0.962,0.974,71856300.0
2020-05-07,0.967,0.967,0.959,0.962,68896102.0
2020-05-08,0.97,0.974,0.967,0.971,82641876.0
2020-05-11,0.98,0.984,0.978,0.981,87108630.0
2020-05-12,0.976,0.977,0.967,0.967,72045412.0
2020-05-13,0.951,0.958,0.948,0.956,67065074.0
2020-05-14,0.943,0.945,0.938,0.942,96003512.0
2020-05-15,0.953,0.956,0.95,0.954,76874050.0
2020-05-18,0.963,0.969,0.961,0.968,37428536.0
2020-05-19,0.986,0.994,0.983,0.993,49483500.0
2020-05-20,0.985,0.985,0.979,0.982,140023700.0
2020-05-21,0.991,0.991,0.984,0.984,93197400.0
2020-05-22,0.984,0.985,0.975,0.977,45056300.0
2020-05-25,0.985,0.995,0.985,0.994,72941600.0
2020-05-26,1.002,1.01,1.0,1.01,47393300.0
2020-05-27,1.005,1.012,1.003,1.01,45959600.0
2020-05-28,1.02,1.026,1.02,1.022,46355700.0
2020-05-29,1.011,1.016,1.01,1.015,59214300.0
2020-06-01,1.016,1.02,1.015,1.017,50041800.0
2020-06-02,1.017,1.02,1.015,1.018,55570700.0
2020-06-03,1.028,1.033,1.026,1.031,48980000.0
2020-06-04,1.04,1.041,1.035,1.035,31991000.0
2020-06-05,1.035,1.044,1.034,1.044,35239200.0
2020-06-08,1.057,1.06,1.057,1.059,36878593.0
2020-06-09,1.072,1.075,1.066,1.074,41866820.0
2020-06-10,1.073,1.074,1.068,1.071,51534000.0
2020-06-11,1.062,1.062,1.04,1.042,78098687.0
2020-06-12,1.001,1.017,1.0,1.01,80437790.0
2020-06-15,1.0,1.001,0.979,0.981,86069247.0
2020-06-16,1.018,1.037,1.016,1.029,78617175.0
2020-06-17,1.037,1.042,1.033,1.04,37692900.0
2020-06-18,1.025,1.032,1.023,1.03,49837500.0
2020-06-19,1.032,1.036,1.032,1.036,114127950.0
2020-06-22,1.03,1.03,1.021,1.025,52748600.0
2020-06-23,1.025,1.036,1.023,1.033,47475200.0
2020-06-24,1.037,1.038,1.033,1.036,38005300.0
2020-06-29,1.008,1.008,0.999,1.003,54393750.0
2020-06-30,1.011,1.014,1.004,1.007,44984800.0
2020-07-01,1.02,1.022,1.017,1.022,43142850.0
2020-07-02,1.025,1.03,1.024,1.03,30313200.0
2020-07-03,1.032,1.036,1.031,1.036,44424800.0
2020-07-06,1.037,1.044,1.036,1.043,67716000.0
2020-07-07,1.046,1.046,1.032,1.034,50572900.0
2020-07-08,1.033,1.034,1.03,1.03,78973300.0
2020-07-09,1.034,1.039,1.029,1.031,172336080.0
2020-07-10,1.029,1.029,1.012,1.019,64692800.0
2020-07-13,1.038,1.046,1.035,1.044,78198755.0
2020-07-14,1.033,1.037,1.026,1.036,63541900.0
2020-07-15,1.048,1.054,1.048,1.052,29426690.000000004
2020-07-16,1.059,1.059,1.046,1.048,27930900.0
2020-07-17,1.049,1.055,1.042,1.053,30677000.0
2020-07-20,1.053,1.054,1.046,1.049,32795500.0
2020-07-21,1.061,1.068,1.059,1.066,55239052.0
2020-07-22,1.064,1.07,1.06,1.063,59372293.00000001
2020-07-23,1.069,1.074,1.069,1.074,22279258.0
2020-07-24,1.059,1.063,1.051,1.054,29808539.0
2020-07-27,1.054,1.061,1.053,1.055,39852500.0
2020-07-28,1.062,1.067,1.06,1.061,41381800.0
2020-07-29,1.057,1.059,1.053,1.058,25538100.0
2020-07-30,1.064,1.067,1.062,1.062,17295900.0
2020-07-31,1.067,1.074,1.064,1.067,55448568.99999999
2020-08-03,1.071,1.077,1.068,1.068,44298200.0
2020-08-04,1.074,1.079,1.074,1.077,36551200.0
2020-08-05,1.077,1.085,1.077,1.081,17712200.0
2020-08-06,1.087,1.089,1.084,1.088,25760835.0
2020-08-07,1.092,1.1,1.092,1.1,25603400.0
2020-08-10,1.1,1.109,1.098,1.107,14361600.0
2020-08-11,1.106,1.11,1.101,1.103,14706100.0
2020-08-12,1.092,1.095,1.085,1.094,36032100.0
2020-08-13,1.101,1.108,1.101,1.106,63175600.0
2020-08-14,1.105,1.107,1.103,1.106,10044900.0
2020-08-17,1.106,1.107,1.102,1.106,21491500.0
2020-08-18,1.107,1.113,1.105,1.105,32194600.0
2020-08-19,1.107,1.111,1.107,1.111,13925700.0
2020-08-20,1.105,1.105,1.096,1.098,29816200.0
2020-08-21,1.101,1.105,1.101,1.103,39608400.0
2020-08-24,1.109,1.115,1.107,1.114,45082002.0
2020-08-25,1.125,1.147,1.124,1.142,35183100.0
2020-08-26,1.149,1.151,1.127,1.13,45571600.0
2020-08-27,1.145,1.146,1.136,1.145,31417500.0
2020-08-28,1.144,1.163,1.139,1.153,24626400.0
2020-08-31,1.159,1.165,1.158,1.163,15545301.0
2020-09-01,1.164,1.168,1.14,1.148,31473102.0
2020-09-02,1.162,1.167,1.155,1.167,26126600.0
2020-09-03,1.19,1.238,1.177,1.233,54890815.0
2020-09-04,1.15,1.189,1.14,1.159,87206444.0
2020-09-07,1.154,1.154,1.105,1.105,60696100.0
2020-09-08,1.119,1.128,1.108,1.126,67051300.0
2020-09-09,1.078,1.095,1.076,1.084,35091098.0
2020-09-10,1.108,1.108,1.097,1.098,58382541.0
2020-09-11,1.083,1.088,1.076,1.087,34885600.0
2020-09-14,1.085,1.089,1.081,1.088,41873886.0
2020-09-15,1.09,1.093,1.085,1.089,55411493.00000001
2020-09-16,1.092,1.101,1.092,1.095,38909900.0
2020-09-17,1.088,1.088,1.072,1.073,35852999.0
2020-09-18,1.07,1.078,1.067,1.077,32107799.0
2020-09-21,1.07,1.071,1.06,1.063,20463400.0
2020-09-22,1.056,1.057,1.048,1.05,24174300.0
2020-09-23,1.059,1.062,1.055,1.06,19932800.0
2020-09-24,1.039,1.048,1.036,1.036,22117300.0
2020-09-25,1.043,1.047,1.043,1.045,14441000.0
2020-09-28,1.06,1.066,1.056,1.062,64605500.0
2020-09-29,1.074,1.078,1.073,1.074,66278400.0
2020-09-30,1.074,1.075,1.058,1.062,31026300.0
2020-10-09,1.098,1.098,1.09,1.096,35400900.0
2020-10-12,1.102,1.105,1.101,1.104,41892400.0
2020-10-13,1.118,1.128,1.116,1.122,65611061.0
2020-10-14,1.116,1.118,1.112,1.117,63882200.0
2020-10-15,1.106,1.106,1.099,1.1,86734700.0
2020-10-16,1.103,1.108,1.102,1.105,26611900.0
2020-10-19,1.109,1.112,1.104,1.106,46833900.0
2020-10-20,1.091,1.091,1.086,1.088,18087400.0
2020-10-21,1.088,1.092,1.086,1.091,20068100.0
2020-10-22,1.084,1.084,1.075,1.078,54783300.0
2020-10-23,1.083,1.09,1.082,1.087,25709100.0
2020-10-26,1.086,1.086,1.078,1.081,23730100.0
2020-10-27,1.07,1.078,1.069,1.078,47440600.0
2020-10-28,1.068,1.069,1.063,1.063,29609300.0
2020-10-29,1.041,1.046,1.04,1.044,35023900.0
2020-10-30,1.038,1.038,1.022,1.024,50509500.0
2020-11-02,1.029,1.037,1.029,1.034,28400300.0
2020-11-03,1.046,1.055,1.046,1.053,29123300.0
2020-11-04,1.062,1.089,1.062,1.07,102818100.0
2020-11-05,1.087,1.093,1.078,1.084,54829200.0
2020-11-06,1.093,1.093,1.085,1.088,34108200.0
2020-11-09,1.104,1.112,1.103,1.105,51703800.0
2020-11-10,1.105,1.109,1.096,1.1,39108100.0
2020-11-11,1.1,1.106,1.095,1.105,21803898.0
2020-11-12,1.108,1.113,1.105,1.107,20030200.0
2020-11-13,1.103,1.107,1.093,1.106,23081100.0
2020-11-16,1.117,1.124,1.117,1.121,18363700.0
2020-11-17,1.128,1.128,1.114,1.117,26221500.0
2020-11-18,1.115,1.115,1.106,1.106,17899898.0
2020-11-19,1.102,1.106,1.099,1.106,21433076.0
2020-11-20,1.101,1.11,1.099,1.101,17999800.0
2020-11-23,1.1,1.101,1.097,1.1,15069700.0
2020-11-24,1.108,1.116,1.108,1.116,16670700.0
2020-11-25,1.129,1.131,1.123,1.125,50509889.0
2020-11-26,1.123,1.126,1.118,1.125,81876800.0
2020-11-27,1.123,1.125,1.118,1.122,80601500.0
2020-11-30,1.121,1.123,1.115,1.116,15909800.0
2020-12-01,1.127,1.13,1.124,1.128,20005000.0
2020-12-02,1.127,1.127,1.123,1.125,14925338.0
2020-12-03,1.129,1.135,1.127,1.13,33610089.0
2020-12-04,1.129,1.131,1.126,1.127,20668800.0
2020-12-07,1.132,1.134,1.13,1.131,18683200.0
2020-12-08,1.13,1.13,1.127,1.129,17794200.0
2020-12-09,1.135,1.139,1.134,1.139,19448300.0
2020-12-10,1.128,1.133,1.127,1.132,65454198.0
2020-12-11,1.132,1.136,1.13,1.133,56655000.0
2020-12-14,1.133,1.149,1.133,1.136,46493600.0
2020-12-15,1.131,1.132,1.122,1.126,21524000.0
2020-12-16,1.134,1.137,1.134,1.135,10197800.0
2020-12-17,1.139,1.139,1.135,1.139,5035100.0
2020-12-18,1.143,1.143,1.135,1.143,15487800.0
2020-12-21,1.142,1.15,1.138,1.14,13167400.0
2020-12-22,1.135,1.142,1.127,1.129,23757069.0
2020-12-23,1.129,1.132,1.125,1.13,10534700.0
2020-12-24,1.132,1.138,1.131,1.133,23847931.0
2020-12-25,1.135,1.14,1.134,1.136,10577200.0
2020-12-28,1.137,1.143,1.137,1.142,10575800.0
2020-12-29,1.147,1.153,1.147,1.152,13365800.0
2020-12-30,1.148,1.148,1.144,1.145,15172500.0
2020-12-31,1.145,1.149,1.142,1.146,15407396.0
2021-01-04,1.147,1.149,1.139,1.14,43697800.0
2021-01-05,1.13,1.13,1.121,1.123,28951600.0
2021-01-06,1.125,1.129,1.123,1.125,18865900.0
2021-01-07,1.138,1.143,1.136,1.142,16764876.999999998
2021-01-08,1.154,1.161,1.154,1.159,22721100.0
2021-01-11,1.159,1.162,1.153,1.154,24013000.0
2021-01-12,1.156,1.159,1.149,1.156,14625100.0
2021-01-13,1.154,1.155,1.151,1.153,17673200.0
2021-01-14,1.155,1.162,1.155,1.161,13172300.0
2021-01-15,1.151,1.155,1.149,1.151,9897200.0
2021-01-18,1.15,1.15,1.143,1.147,16056500.0
2021-01-19,1.152,1.159,1.152,1.156,38949100.0
2021-01-20,1.158,1.163,1.153,1.154,20953400.0
2021-01-21,1.168,1.174,1.167,1.174,30362600.0
2021-01-22,1.172,1.173,1.166,1.168,32382000.0
2021-01-25,1.169,1.177,1.169,1.174,22109400.0
2021-01-26,1.173,1.173,1.163,1.164,8351100.0
2021-01-27,1.168,1.172,1.165,1.169,10061200.0
2021-01-28,1.152,1.152,1.139,1.139,12638700.0
2021-01-29,1.146,1.154,1.133,1.141,61063500.0
2021-02-01,1.128,1.134,1.12,1.134,16710300.0
2021-02-02,1.146,1.154,1.146,1.153,17577600.0
2021-02-03,1.165,1.17,1.162,1.166,7477800.0
2021-02-04,1.165,1.168,1.158,1.165,14540800.0
2021-02-05,1.175,1.185,1.175,1.185,16181900.0
2021-02-08,1.189,1.205,1.183,1.185,30873200.0
2021-02-09,1.199,1.199,1.186,1.192,7546400.0
2021-02-10,1.192,1.193,1.187,1.191,12017200.0
2021-02-18,1.193,1.193,1.189,1.193,16170800.0
2021-02-19,1.191,1.191,1.183,1.189,8080700.0
2021-02-22,1.188,1.19,1.184,1.185,15207300.0
2021-02-23,1.182,1.186,1.171,1.185,9686600.0
2021-02-24,1.185,1.186,1.175,1.176,18861200.0
2021-02-25,1.191,1.199,1.191,1.195,41949600.0
2021-02-26,1.167,1.175,1.162,1.163,26981400.0
2021-03-01,1.181,1.181,1.167,1.172,11521800.0
2021-03-02,1.19,1.19,1.182,1.189,13957440.0
2021-03-03,1.184,1.189,1.179,1.188,13742800.0
2021-03-04,1.18,1.18,1.161,1.164,12146000.0
2021-03-05,1.138,1.155,1.138,1.152,14459700.0
2021-03-08,1.176,1.179,1.171,1.177,20035600.0
2021-03-09,1.178,1.193,1.176,1.188,59438700.0
2021-03-10,1.19,1.196,1.186,1.187,10837700.0
2021-03-11,1.196,1.207,1.196,1.206,29874600.0
2021-03-12,1.218,1.218,1.206,1.207,15571000.0
2021-03-15,1.209,1.216,1.209,1.214,16925800.0
2021-03-16,1.221,1.224,1.216,1.222,25032700.0
2021-03-17,1.22,1.22,1.213,1.217,13745000.0
2021-03-18,1.223,1.225,1.216,1.218,15720207.0
2021-03-19,1.202,1.209,1.201,1.203,15379600.0
2021-03-22,1.2,1.204,1.193,1.203,10148400.0
2021-03-23,1.213,1.214,1.203,1.208,15597200.0
2021-03-24,1.208,1.208,1.198,1.2,20264300.0
2021-03-25,1.191,1.2,1.191,1.2,23564000.0
2021-03-26,1.204,1.213,1.204,1.213,8634400.0
2021-03-29,1.216,1.223,1.216,1.222,17341306.0
2021-03-30,1.225,1.232,1.223,1.23,9159000.0
2021-03-31,1.24,1.24,1.223,1.224,8692500.0
2021-04-01,1.23,1.237,1.23,1.237,7501200.0
2021-04-02,1.249,1.252,1.244,1.249,14396000.0
2021-04-06,1.264,1.268,1.26,1.265,23697400.0
2021-04-07,1.264,1.265,1.256,1.263,16531100.0
2021-04-08,1.266,1.27,1.266,1.268,20835200.0
2021-04-09,1.296,1.296,1.268,1.271,23607100.0
2021-04-12,1.275,1.28,1.275,1.279,18918700.0
2021-04-13,1.279,1.281,1.275,1.279,11824026.0
2021-04-14,1.282,1.285,1.281,1.285,18755000.0
2021-04-15,1.28,1.282,1.275,1.282,24688000.0
2021-04-16,1.289,1.295,1.288,1.292,23929000.0
2021-04-19,1.293,1.295,1.289,1.29,17022400.0
2021-04-20,1.284,1.285,1.28,1.28,20097800.0
2021-04-21,1.267,1.273,1.264,1.272,23793700.0
2021-04-22,1.281,1.282,1.277,1.279,10032100.0
2021-04-23,1.27,1.271,1.266,1.268,13181300.0
2021-04-26,1.279,1.281,1.277,1.28,10041800.0
2021-04-27,1.282,1.287,1.282,1.287,11022800.0
2021-04-28,1.286,1.286,1.283,1.285,7368500.0
2021-04-29,1.286,1.29,1.286,1.29,10216000.0
2021-04-30,1.29,1.291,1.284,1.29,18273600.0
2021-05-06,1.284,1.284,1.274,1.283,14309300.0
2021-05-07,1.293,1.293,1.285,1.29,15492501.0
2021-05-10,1.296,1.298,1.292,1.293,21315000.0
2021-05-11,1.273,1.274,1.262,1.273,21465900.0
2021-05-12,1.263,1.265,1.257,1.264,27371100.0
2021-05-13,1.24,1.243,1.24,1.24,22448900.0
2021-05-14,1.251,1.26,1.251,1.259,19790000.0
2021-05-17,1.269,1.272,1.266,1.269,25753699.0
2021-05-18,1.269,1.274,1.268,1.273,13457300.0
2021-05-19,1.255,1.255,1.25,1.252,17066800.0
2021-05-20,1.25,1.254,1.248,1.251,16331700.0
2021-05-21,1.263,1.269,1.262,1.267,14986800.0
2021-05-24,1.266,1.269,1.266,1.269,16909100.0
2021-05-25,1.277,1.278,1.273,1.276,32930800.0
2021-05-26,1.275,1.275,1.268,1.27,20899900.0
2021-05-27,1.268,1.268,1.261,1.261,14547709.0
2021-05-28,1.265,1.274,1.265,1.269,21197073.0
2021-05-31,1.268,1.27,1.266,1.266,17322528.0
2021-06-01,1.267,1.267,1.263,1.267,9935533.0
2021-06-02,1.268,1.268,1.266,1.267,7851600.0
2021-06-03,1.268,1.27,1.267,1.269,8016200.0
2021-06-04,1.268,1.268,1.263,1.267,17780601.0
2021-06-07,1.273,1.279,1.272,1.279,10438900.0
2021-06-08,1.279,1.281,1.277,1.279,12230400.0
2021-06-09,1.28,1.28,1.277,1.279,7497300.0
2021-06-10,1.279,1.279,1.273,1.275,6605400.0
2021-06-11,1.28,1.281,1.277,1.279,6579200.0
2021-06-15,1.286,1.289,1.151,1.287,22726800.0
2021-06-16,1.284,1.284,1.281,1.282,9440700.0
2021-06-17,1.274,1.28,1.273,1.276,8243900.0
2021-06-18,1.28,1.284,1.28,1.282,23622484.0
2021-06-21,1.268,1.268,1.26,1.265,27968300.0
2021-06-22,1.277,1.289,1.277,1.289,25877000.0
2021-06-23,1.295,1.301,1.294,1.3,14940100.0
2021-06-24,1.299,1.299,1.297,1.298,5657500.0
2021-06-25,1.304,1.306,1.302,1.302,8085100.0
2021-06-28,1.306,1.313,1.3,1.304,10300000.0
2021-06-29,1.308,1.309,1.304,1.305,7160800.0
2021-06-30,1.307,1.309,1.306,1.308,4105400.0
2021-07-01,1.311,1.313,1.311,1.312,4494147.0
2021-07-02,1.317,1.323,1.317,1.323,10000763.0
2021-07-05,1.33,1.333,1.327,1.33,35510400.0
2021-07-06,1.33,1.334,1.328,1.332,27609600.0
2021-07-07,1.33,1.332,1.327,1.33,12432900.0
2021-07-08,1.331,1.335,1.326,1.326,11310100.0
2021-07-09,1.316,1.328,1.315,1.327,20485900.0
2021-07-12,1.334,1.339,1.334,1.339,15310098.000000002
2021-07-13,1.341,1.344,1.337,1.338,16262200.0
2021-07-14,1.337,1.339,1.334,1.336,15753700.0
2021-07-15,1.333,1.339,1.333,1.337,9485500.0
2021-07-16,1.334,1.335,1.332,1.334,16156600.0
2021-07-19,1.319,1.325,1.317,1.323,6245700.0
2021-07-20,1.318,1.321,1.307,1.318,21549400.0
2021-07-21,1.328,1.33,1.323,1.328,13780000.0
2021-07-22,1.336,1.337,1.333,1.336,4143000.0
2021-07-23,1.338,1.34,1.338,1.339,18627800.0
2021-07-26,1.344,1.35,1.344,1.347,15972000.0
2021-07-27,1.351,1.356,1.35,1.353,12440800.0
2021-07-28,1.353,1.358,1.349,1.352,15137300.0
2021-07-29,1.351,1.351,1.344,1.349,11283200.0
2021-07-30,1.35,1.35,1.338,1.34,20781700.0
2021-08-02,1.348,1.354,1.346,1.352,12421400.0
2021-08-03,1.345,1.347,1.341,1.346,18230600.0
2021-08-04,1.353,1.357,1.349,1.35,14132800.0
2021-08-05,1.347,1.35,1.345,1.347,14416800.0
2021-08-06,1.353,1.355,1.35,1.354,12265500.0
2021-08-09,1.355,1.36,1.353,1.358,10318300.0
2021-08-10,1.358,1.361,1.353,1.356,19629100.0
2021-08-11,1.357,1.361,1.357,1.358,8621638.0
2021-08-12,1.36,1.363,1.359,1.359,15951100.0
2021-08-13,1.365,1.369,1.362,1.368,27112500.0
2021-08-16,1.368,1.369,1.362,1.363,20072300.0
2021-08-17,1.366,1.37,1.364,1.366,20006717.0
2021-08-18,1.361,1.365,1.358,1.365,12158124.0
2021-08-19,1.351,1.353,1.341,1.343,18279000.0
2021-08-20,1.351,1.353,1.348,1.35,16177300.0
2021-08-23,1.362,1.369,1.362,1.369,11333200.0
2021-08-24,1.377,1.378,1.374,1.377,14402400.0
2021-08-25,1.376,1.376,1.371,1.372,20359600.0
2021-08-26,1.373,1.374,1.372,1.373,13154100.0
2021-08-27,1.368,1.376,1.367,1.374,16264800.0
2021-08-30,1.379,1.383,1.378,1.379,12761900.0
2021-08-31,1.385,1.391,1.383,1.39,17208400.0
2021-09-01,1.388,1.39,1.384,1.39,13406900.0
2021-09-02,1.388,1.388,1.379,1.381,19100700.0
2021-09-03,1.384,1.389,1.384,1.387,13461500.0
2021-09-06,1.385,1.387,1.381,1.385,14682500.0
2021-09-07,1.385,1.386,1.383,1.385,13916700.0
2021-09-08,1.382,1.383,1.378,1.379,14353100.0
2021-09-09,1.375,1.375,1.372,1.374,15050700.0
2021-09-10,1.372,1.375,1.37,1.375,11637300.0
2021-09-13,1.364,1.365,1.36,1.365,15385000.0
2021-09-14,1.365,1.368,1.363,1.364,38186400.0
2021-09-15,1.356,1.359,1.354,1.356,11457892.0
2021-09-16,1.365,1.368,1.359,1.361,31769100.0
2021-09-17,1.361,1.369,1.36,1.368,13687700.0
2021-09-22,1.337,1.342,1.332,1.34,36404900.0
2021-09-23,1.352,1.353,1.348,1.351,17508700.0
2021-09-24,1.361,1.363,1.358,1.359,23927800.0
2021-09-27,1.365,1.368,1.362,1.368,16697100.0
2021-09-28,1.36,1.36,1.351,1.355,16862600.0
2021-09-29,1.33,1.339,1.33,1.334,35989000.0
2021-09-30,1.334,1.343,1.334,1.342,15316800.0
2021-10-08,1.349,1.35,1.341,1.341,10819600.0
2021-10-11,1.34,1.341,1.332,1.333,19015700.0
2021-10-12,1.325,1.33,1.318,1.319,36128000.0
2021-10-13,1.322,1.327,1.321,1.326,13652000.0
2021-10-14,1.331,1.339,1.331,1.338,11338148.0
2021-10-15,1.355,1.359,1.347,1.355,15849500.0
2021-10-18,1.357,1.369,1.354,1.355,14571000.0
2021-10-19,1.36,1.365,1.359,1.364,16530300.0
2021-10-20,1.367,1.37,1.366,1.368,14541200.0
2021-10-21,1.37,1.37,1.367,1.368,19668700.0
2021-10-22,1.372,1.375,1.372,1.374,8121900.0
2021-10-25,1.368,1.375,1.368,1.374,24820700.0
2021-10-26,1.381,1.384,1.381,1.383,4877100.0
2021-10-27,1.384,1.384,1.379,1.382,8460000.0
2021-10-28,1.375,1.378,1.375,1.377,9571600.0
2021-10-29,1.386,1.39,1.379,1.379,9950200.0
2021-11-01,1.393,1.398,1.393,1.396,9575100.0
2021-11-02,1.396,1.396,1.391,1.393,7215700.0
2021-11-03,1.399,1.403,1.398,1.403,8142900.0
2021-11-04,1.408,1.411,1.408,1.41,6002800.0
2021-11-05,1.413,1.417,1.413,1.416,8974300.0
2021-11-08,1.416,1.424,1.415,1.418,43896700.0
2021-11-09,1.417,1.426,1.416,1.417,66816700.0
2021-11-10,1.416,1.416,1.41,1.411,22505500.0
2021-11-11,1.406,1.41,1.405,1.408,10990870.0
2021-11-12,1.408,1.411,1.407,1.407,7888800.0
2021-11-15,1.413,1.418,1.413,1.416,13500700.0
2021-11-16,1.416,1.418,1.411,1.412,10743600.0
2021-11-17,1.42,1.422,1.418,1.422,7204030.0
2021-11-18,1.421,1.421,1.415,1.417,26519500.0
2021-11-19,1.42,1.426,1.42,1.426,45204497.0
2021-11-22,1.423,1.425,1.421,1.424,18341300.0
2021-11-23,1.415,1.418,1.411,1.411,44795700.0
2021-11-24,1.417,1.418,1.414,1.416,13144400.0
2021-11-25,1.423,1.426,1.422,1.426,10850099.0
2021-11-26,1.417,1.417,1.403,1.404,29583500.0
2021-11-29,1.395,1.404,1.392,1.403,21905999.0
2021-11-30,1.41,1.412,1.386,1.395,47095000.0
2021-12-01,1.388,1.39,1.383,1.389,63671600.0
2021-12-02,1.367,1.372,1.364,1.37,62637107.99999999
2021-12-03,1.375,1.382,1.37,1.379,21584200.0
2021-12-06,1.377,1.377,1.371,1.375,11359100.0
2021-12-07,1.386,1.393,1.384,1.392,20169593.0
2021-12-08,1.412,1.415,1.412,1.413,12081316.0
2021-12-09,1.413,1.414,1.407,1.413,22050800.0
2021-12-10,1.407,1.41,1.405,1.407,8916900.0
2021-12-13,1.421,1.424,1.421,1.423,11613700.0
2021-12-14,1.41,1.41,1.406,1.406,90889500.0
2021-12-15,1.393,1.402,1.393,1.399,33523838.0
2021-12-16,1.42,1.429,1.412,1.428,62704000.0
2021-12-17,1.416,1.416,1.403,1.404,17266600.0
2021-12-20,1.39,1.39,1.38,1.381,29241600.0
2021-12-21,1.381,1.411,1.381,1.389,64501100.0
2021-12-22,1.402,1.402,1.396,1.4,30247900.0
2021-12-23,1.412,1.418,1.412,1.415,13388400.0
2021-12-24,1.424,1.424,1.421,1.423,9569300.0
2021-12-27,1.424,1.428,1.424,1.426,12490800.0
2021-12-28,1.44,1.444,1.439,1.441,12864600.0
2021-12-29,1.442,1.446,1.44,1.444,28563200.0
2021-12-30,1.443,1.446,1.441,1.444,99602600.0
2021-12-31,1.441,1.441,1.431,1.44,23972100.0
2022-01-04,1.447,1.449,1.445,1.449,14370050.0
2022-01-05,1.446,1.446,1.44,1.443,18457300.0
2022-01-06,1.416,1.425,1.408,1.409,34103800.0
2022-01-07,1.416,1.42,1.416,1.418,18553000.0
2022-01-10,1.405,1.409,1.399,1.408,45896600.0
2022-01-11,1.408,1.408,1.401,1.402,28506000.0
2022-01-12,1.416,1.418,1.414,1.418,39203700.0
2022-01-13,1.419,1.419,1.413,1.415,18229900.0
2022-01-14,1.394,1.401,1.394,1.401,20927900.0
2022-01-17,1.397,1.4,1.394,1.397,18007100.0
2022-01-18,1.398,1.399,1.391,1.392,12791300.0
2022-01-19,1.377,1.38,1.367,1.37,39400909.0
2022-01-20,1.362,1.363,1.357,1.362,105373090.99999999
2022-01-21,1.335,1.336,1.329,1.335,81438586.0
2022-01-24,1.327,1.327,1.318,1.319,89051500.0
2022-01-25,1.305,1.308,1.297,1.303,72903000.0
2022-01-26,1.3,1.303,1.297,1.301,37851400.0
2022-01-27,1.294,1.294,1.273,1.276,141460900.0
2022-01-28,1.298,1.302,1.287,1.299,90258800.0
2022-02-07,1.338,1.347,1.334,1.347,60685200.0
2022-02-08,1.342,1.346,1.34,1.344,51235300.0
2022-02-09,1.354,1.362,1.354,1.361,47809550.0
2022-02-10,1.376,1.38,1.37,1.377,92612907.0
2022-02-11,1.348,1.351,1.337,1.34,118055200.0
2022-02-14,1.327,1.329,1.323,1.328,80672400.0
2022-02-15,1.324,1.324,1.316,1.319,65231000.0
2022-02-16,1.335,1.336,1.333,1.336,34109600.0
2022-02-17,1.333,1.338,1.328,1.332,57582600.0
2022-02-18,1.311,1.32,1.308,1.314,75771900.0
2022-02-21,1.306,1.309,1.301,1.309,123124400.0
2022-02-22,1.281,1.284,1.277,1.281,94666800.0
2022-02-23,1.291,1.301,1.285,1.287,146295100.0
2022-02-24,1.25,1.254,1.23,1.233,187426400.0
2022-02-25,1.271,1.273,1.266,1.267,172645000.0
2022-02-28,1.282,1.283,1.269,1.277,65120800.0
2022-03-01,1.297,1.304,1.297,1.303,124806300.0
2022-03-02,1.288,1.288,1.282,1.283,83569000.0
2022-03-03,1.304,1.306,1.3,1.306,79786300.0
2022-03-04,1.287,1.296,1.284,1.294,104231302.0
2022-03-07,1.272,1.282,1.269,1.277,74915700.0
2022-03-08,1.265,1.265,1.234,1.237,144479692.0
2022-03-09,1.245,1.251,1.241,1.25,116253895.0
2022-03-10,1.273,1.276,1.271,1.273,38913272.0
2022-03-11,1.265,1.273,1.262,1.272,64236600.0
2022-03-14,1.265,1.271,1.263,1.269,58359200.0
2022-03-15,1.257,1.259,1.251,1.252,142906300.0
2022-03-16,1.275,1.286,1.274,1.285,96375300.0
2022-03-17,1.307,1.311,1.3,1.31,92463500.0
2022-03-18,1.314,1.321,1.313,1.319,58514200.0
2022-03-21,1.337,1.339,1.333,1.338,49545900.0
2022-03-22,1.334,1.344,1.334,1.339,81705901.0
2022-03-23,1.355,1.362,1.355,1.361,168155500.0
2022-03-24,1.342,1.348,1.341,1.344,82615700.0
2022-03-25,1.356,1.365,1.356,1.365,84856400.0
2022-03-28,1.365,1.371,1.364,1.368,179543586.0
2022-03-30,1.395,1.396,1.385,1.39,93696911.0
2022-03-31,1.386,1.392,1.384,1.387,139230500.0
2022-04-01,1.365,1.371,1.365,1.371,97352700.0
2022-04-06,1.36,1.372,1.36,1.371,52980200.0
2022-04-07,1.351,1.353,1.345,1.352,72514500.0
2022-04-08,1.356,1.365,1.356,1.365,104958200.0
2022-04-11,1.355,1.356,1.349,1.353,85706300.0
2022-04-12,1.33,1.333,1.324,1.327,138881900.0
2022-04-13,1.329,1.339,1.328,1.338,118576800.0
2022-04-14,1.345,1.348,1.34,1.347,80567200.0
2022-04-15,1.327,1.335,1.327,1.334,80951000.0
2022-04-18,1.328,1.328,1.32,1.324,52034900.0
2022-04-19,1.334,1.336,1.331,1.334,47694700.0
2022-04-20,1.355,1.355,1.35,1.355,99529000.0
2022-04-21,1.361,1.375,1.359,1.372,98387100.0
2022-04-22,1.336,1.357,1.336,1.354,105502300.0
2022-04-25,1.317,1.319,1.309,1.31,211905100.0
2022-04-26,1.327,1.337,1.327,1.334,121879500.0
2022-04-27,1.299,1.305,1.298,1.302,239658700.0
2022-04-28,1.306,1.321,1.305,1.319,109308100.0
2022-04-29,1.336,1.347,1.333,1.34,174001200.0
2022-05-05,1.354,1.354,1.34,1.341,199744900.0
2022-05-06,1.3,1.315,1.295,1.309,236096200.0
2022-05-09,1.295,1.303,1.291,1.302,154212900.0
2022-05-10,1.272,1.278,1.269,1.278,343721000.0
2022-05-11,1.274,1.28,1.27,1.277,182953100.0
2022-05-12,1.256,1.261,1.253,1.255,155628500.0
2022-05-13,1.268,1.275,1.267,1.275,155655600.0
2022-05-16,1.297,1.299,1.277,1.281,210494400.0
2022-05-17,1.286,1.288,1.283,1.287,173469900.0
2022-05-18,1.302,1.304,1.297,1.299,73386400.0
2022-05-19,1.25,1.258,1.247,1.251,310952100.0
2022-05-20,1.249,1.251,1.242,1.243,255086500.0
2022-05-23,1.246,1.248,1.241,1.247,180133300.0
2022-05-24,1.245,1.246,1.235,1.237,195010900.0
2022-05-25,1.241,1.249,1.241,1.248,295743600.0
2022-05-26,1.256,1.26,1.253,1.259,372927100.0
2022-05-27,1.285,1.295,1.282,1.287,203144400.0
2022-05-30,1.318,1.318,1.304,1.309,172889100.0
2022-05-31,1.303,1.309,1.301,1.304,142559900.0
2022-06-01,1.305,1.309,1.303,1.307,120927700.0
2022-06-02,1.295,1.297,1.29,1.292,120694700.0
2022-06-06,1.289,1.296,1.286,1.296,144531400.0
2022-06-07,1.292,1.292,1.285,1.289,101382100.0
2022-06-08,1.305,1.307,1.302,1.305,72695900.0
2022-06-09,1.296,1.298,1.292,1.294,85681500.0
2022-06-10,1.268,1.273,1.266,1.271,137037900.0
2022-06-13,1.23,1.23,1.215,1.218,195898900.0
2022-06-14,1.2,1.206,1.196,1.205,305558000.0
2022-06-15,1.196,1.196,1.187,1.192,291758600.0
2022-06-16,1.21,1.21,1.187,1.188,216464200.0
2022-06-17,1.166,1.173,1.16,1.169,224681200.0
2022-06-20,1.167,1.168,1.162,1.167,176052600.0
2022-06-21,1.173,1.184,1.171,1.181,247806300.0
2022-06-22,1.186,1.19,1.179,1.182,195471400.0
2022-06-23,1.188,1.191,1.184,1.19,235602100.0
2022-06-24,1.198,1.211,1.198,1.209,184278800.0
2022-06-27,1.23,1.24,1.229,1.235,195425300.0
2022-06-28,1.235,1.238,1.228,1.237,131290300.0
2022-06-29,1.208,1.214,1.207,1.208,122309000.0
2022-06-30,1.207,1.208,1.193,1.195,162030300.0
2022-07-01,1.196,1.198,1.188,1.191,138635700.0
2022-07-04,1.197,1.207,1.195,1.206,202450900.0
2022-07-05,1.213,1.216,1.21,1.216,180927800.0
2022-07-06,1.216,1.218,1.205,1.21,178000100.0
2022-07-07,1.214,1.223,1.213,1.221,198110300.0
2022-07-08,1.236,1.238,1.228,1.23,217595000.0
2022-07-11,1.23,1.23,1.222,1.223,165924400.0
2022-07-12,1.219,1.221,1.215,1.217,160764100.0
2022-07-13,1.215,1.217,1.212,1.217,205309000.0
2022-07-14,1.21,1.21,1.201,1.204,161766300.0
2022-07-15,1.21,1.215,1.208,1.209,164605400.0
2022-07-18,1.229,1.238,1.228,1.237,191684800.0
2022-07-19,1.222,1.224,1.22,1.222,181947600.0
2022-07-20,1.255,1.26,1.255,1.259,228953700.0
2022-07-21,1.261,1.265,1.258,1.262,195463800.0
2022-07-22,1.27,1.272,1.268,1.271,150078200.0
2022-07-25,1.258,1.262,1.257,1.26,161242400.0
2022-07-26,1.259,1.262,1.257,1.259,150424400.0
2022-07-27,1.259,1.263,1.258,1.263,204483000.0
2022-07-28,1.279,1.281,1.275,1.277,158883800.0
2022-07-29,1.3,1.306,1.299,1.304,194037000.0
2022-08-01,1.309,1.313,1.307,1.31,303447400.0
2022-08-02,1.31,1.311,1.306,1.306,222997600.0
2022-08-03,1.306,1.307,1.303,1.306,195440300.0
2022-08-04,1.321,1.324,1.319,1.319,189183300.0
2022-08-05,1.322,1.325,1.32,1.324,157487300.0
2022-08-08,1.32,1.328,1.317,1.328,339102800.0
2022-08-09,1.32,1.323,1.319,1.321,144012500.0
2022-08-10,1.316,1.317,1.312,1.313,163738500.0
2022-08-11,1.341,1.344,1.339,1.342,104664400.0
2022-08-12,1.338,1.343,1.338,1.342,89816600.0
2022-08-15,1.356,1.363,1.356,1.361,190537300.0
2022-08-16,1.372,1.375,1.371,1.373,154776700.0
2022-08-17,1.376,1.378,1.374,1.374,128006200.0
2022-08-18,1.365,1.369,1.365,1.365,161558400.0
2022-08-19,1.373,1.376,1.367,1.367,155722200.0
2022-08-22,1.353,1.357,1.352,1.353,189382300.0
2022-08-23,1.339,1.341,1.332,1.335,194653700.0
2022-08-24,1.334,1.336,1.327,1.335,176817800.0
2022-08-25,1.34,1.352,1.34,1.351,143983700.0
2022-08-26,1.355,1.359,1.355,1.358,86758100.0
2022-08-29,1.311,1.316,1.3,1.314,335463200.0
2022-08-30,1.314,1.319,1.312,1.318,179006900.0
2022-08-31,1.302,1.307,1.302,1.305,168458000.0
2022-09-01,1.284,1.285,1.277,1.282,186829400.0
2022-09-02,1.29,1.295,1.289,1.295,129454400.0
2022-09-05,1.281,1.291,1.281,1.291,117527300.0
2022-09-06,1.294,1.294,1.287,1.291,183514700.0
2022-09-07,1.278,1.282,1.274,1.281,437978100.0
2022-09-08,1.303,1.308,1.302,1.304,235639400.0
2022-09-09,1.312,1.315,1.31,1.312,183664900.0
2022-09-13,1.338,1.345,1.338,1.345,175377900.0
2022-09-14,1.291,1.293,1.284,1.29,420835500.0
2022-09-15,1.29,1.294,1.29,1.291,196601300.0
2022-09-16,1.273,1.274,1.268,1.27,329388100.0
2022-09-19,1.271,1.274,1.266,1.267,260402100.0
2022-09-20,1.281,1.285,1.279,1.284,189530400.0
2022-09-21,1.269,1.272,1.265,1.267,322204400.0
2022-09-22,1.24,1.248,1.238,1.245,432523100.0
2022-09-23,1.244,1.244,1.236,1.238,135824500.0
2022-09-26,1.218,1.225,1.214,1.216,256322300.0
2022-09-27,1.22,1.232,1.22,1.231,187307900.0
2022-09-28,1.223,1.223,1.212,1.216,160975400.0
2022-09-29,1.239,1.242,1.233,1.238,167834500.0
2022-09-30,1.215,1.219,1.21,1.215,251390500.0
2022-10-10,1.21,1.212,1.203,1.207,92362500.0
2022-10-11,1.209,1.214,1.205,1.205,363083800.0
2022-10-12,1.206,1.213,1.203,1.212,181802700.0
2022-10-13,1.202,1.204,1.2,1.202,86429700.0
2022-10-14,1.228,1.242,1.228,1.24,143970700.0
2022-10-17,1.212,1.217,1.21,1.216,211578100.0
2022-10-18,1.243,1.258,1.24,1.256,183021500.0
2022-10-19,1.26,1.264,1.251,1.253,199552400.0
2022-10-20,1.237,1.244,1.234,1.242,178789200.0
2022-10-21,1.232,1.235,1.229,1.232,132189600.0
2022-10-24,1.264,1.271,1.262,1.264,235298800.0
2022-10-25,1.283,1.289,1.282,1.288,212583900.0
2022-10-26,1.292,1.296,1.283,1.286,263809600.0
2022-10-27,1.291,1.299,1.29,1.298,299597900.0
2022-10-28,1.286,1.287,1.275,1.275,91917200.0
2022-10-31,1.315,1.321,1.315,1.32,174364800.0
2022-11-01,1.321,1.326,1.317,1.325,216524700.0
2022-11-02,1.315,1.317,1.311,1.313,154575800.0
2022-11-03,1.285,1.291,1.283,1.288,268761400.0
2022-11-04,1.275,1.278,1.268,1.275,558701900.0
2022-11-07,1.277,1.284,1.275,1.284,306341000.0
2022-11-08,1.297,1.298,1.294,1.297,227969100.0
2022-11-09,1.301,1.312,1.3,1.302,265335800.0
2022-11-10,1.282,1.284,1.279,1.283,178642000.0
2022-11-11,1.349,1.349,1.328,1.339,365379600.0
2022-11-14,1.338,1.34,1.322,1.324,238579200.0
2022-11-15,1.321,1.327,1.321,1.326,237579600.0
2022-11-16,1.321,1.339,1.32,1.336,328241400.0
2022-11-17,1.327,1.336,1.326,1.335,198083500.0
2022-11-18,1.33,1.333,1.325,1.326,131459300.0
2022-11-21,1.328,1.34,1.327,1.336,325534500.0
2022-11-22,1.335,1.341,1.332,1.333,166897100.0
2022-11-23,1.346,1.351,1.346,1.351,73347000.0
2022-11-24,1.362,1.364,1.36,1.361,94617800.0
2022-11-25,1.366,1.367,1.363,1.367,92263300.0
2022-11-28,1.365,1.367,1.358,1.361,158104100.0
2022-11-29,1.349,1.351,1.342,1.346,207236500.0
2022-11-30,1.336,1.339,1.335,1.337,174153000.0
2022-12-01,1.363,1.371,1.358,1.363,254001900.0
2022-12-02,1.354,1.358,1.354,1.358,95830000.0
2022-12-05,1.345,1.348,1.334,1.337,199827000.0
2022-12-06,1.32,1.321,1.315,1.316,250906700.0
2022-12-07,1.299,1.302,1.297,1.298,288695400.0
2022-12-08,1.29,1.295,1.289,1.295,175182700.0
2022-12-09,1.3,1.305,1.299,1.305,138090000.0
2022-12-12,1.292,1.295,1.292,1.294,108782800.0
2022-12-13,1.312,1.315,1.311,1.314,136682000.0
2022-12-14,1.322,1.325,1.321,1.325,106471600.0
2022-12-15,1.314,1.315,1.31,1.313,98104700.0
2022-12-16,1.282,1.285,1.281,1.284,192869000.0
2022-12-19,1.271,1.273,1.27,1.27,140498600.0
2022-12-20,1.26,1.263,1.246,1.251,325035700.0
2022-12-21,1.262,1.267,1.262,1.266,178345200.0
2022-12-22,1.282,1.284,1.281,1.281,112589200.0
2022-12-23,1.261,1.266,1.261,1.266,195069800.0
2022-12-26,1.27,1.272,1.269,1.27,70495000.0
2022-12-27,1.276,1.277,1.272,1.274,80165000.0
2022-12-28,1.26,1.262,1.258,1.26,193551700.0
2022-12-29,1.245,1.248,1.242,1.244,205825400.0
2022-12-30,1.261,1.263,1.255,1.255,161435300.0
2023-01-03,1.25,1.252,1.246,1.25,318296400.0
2023-01-04,1.247,1.249,1.243,1.245,255371000.0
2023-01-05,1.25,1.251,1.245,1.246,355016100.0
2023-01-06,1.237,1.241,1.235,1.238,283518400.0
2023-01-09,1.254,1.255,1.251,1.254,197558800.0
2023-01-10,1.248,1.249,1.242,1.248,287125800.0
2023-01-11,1.255,1.258,1.254,1.256,225407000.0
2023-01-12,1.264,1.266,1.262,1.264,204898000.0
2023-01-13,1.263,1.263,1.259,1.261,110848800.0
2023-01-16,1.263,1.264,1.26,1.262,185925000.0
2023-01-17,1.264,1.268,1.263,1.267,119361400.0
2023-01-18,1.266,1.275,1.265,1.273,136654800.0
2023-01-19,1.25,1.252,1.248,1.248,206032800.0
2023-01-20,1.243,1.251,1.242,1.25,169193700.0
2023-01-30,1.284,1.287,1.283,1.284,296452000.0
2023-01-31,1.276,1.278,1.272,1.273,127952400.0
2023-02-01,1.287,1.29,1.286,1.29,155798200.0
2023-02-02,1.301,1.304,1.3,1.303,132814400.0
2023-02-03,1.315,1.316,1.313,1.314,138246800.0
2023-02-06,1.315,1.318,1.309,1.309,124415300.0
2023-02-07,1.312,1.313,1.31,1.311,70803000.0
2023-02-08,1.321,1.326,1.321,1.325,150143600.0
2023-02-09,1.315,1.321,1.315,1.32,258986000.0
2023-02-10,1.302,1.305,1.302,1.302,109053700.0
2023-02-13,1.304,1.309,1.304,1.309,79724400.0
2023-02-14,1.322,1.326,1.322,1.326,116735700.0
2023-02-15,1.325,1.326,1.322,1.323,73663100.0
2023-02-16,1.336,1.339,1.335,1.338,94028100.0
2023-02-17,1.323,1.324,1.315,1.316,73102100.0
2023-02-20,1.317,1.319,1.315,1.317,91438900.0
2023-02-21,1.312,1.314,1.311,1.313,65934200.0
2023-02-22,1.293,1.3,1.293,1.298,94819000.0
2023-02-23,1.301,1.301,1.298,1.3,67745500.0
2023-02-24,1.303,1.308,1.302,1.307,67353800.0
2023-02-27,1.302,1.304,1.3,1.301,73688900.0
2023-02-28,1.307,1.307,1.299,1.301,61302200.0
2023-03-01,1.293,1.294,1.29,1.291,182219000.0
2023-03-02,1.282,1.282,1.274,1.278,168538700.0
2023-03-03,1.288,1.292,1.287,1.292,109354900.0
2023-03-06,1.312,1.318,1.311,1.316,131797300.0
2023-03-07,1.321,1.324,1.32,1.32,110534600.0
2023-03-08,1.306,1.308,1.303,1.304,88102500.0
2023-03-09,1.305,1.308,1.303,1.307,74465400.0
2023-03-10,1.279,1.28,1.273,1.275,175494800.0
2023-03-13,1.27,1.278,1.268,1.277,248961400.0
2023-03-14,1.251,1.261,1.246,1.251,223136100.0
2023-03-15,1.27,1.272,1.268,1.272,153525500.0
2023-03-16,1.265,1.271,1.264,1.264,117469500.0
2023-03-17,1.283,1.283,1.278,1.281,116335300.0
2023-03-20,1.275,1.276,1.256,1.259,178063900.0
2023-03-21,1.278,1.282,1.278,1.281,102577400.0
2023-03-22,1.293,1.297,1.293,1.295,116689900.0
2023-03-23,1.274,1.277,1.272,1.274,187108700.0
2023-03-24,1.273,1.277,1.269,1.276,125117000.0
2023-03-27,1.287,1.293,1.287,1.292,128223900.0
2023-03-28,1.287,1.292,1.286,1.291,82143300.0
2023-03-29,1.29,1.297,1.288,1.296,78751300.0
2023-03-30,1.306,1.308,1.304,1.305,95971900.0
2023-03-31,1.311,1.311,1.307,1.308,101424600.0
2023-04-03,1.325,1.327,1.324,1.326,91533800.0
2023-04-04,1.331,1.334,1.331,1.334,82766700.0
2023-04-06,1.322,1.322,1.319,1.321,83875600.0
2023-04-07,1.326,1.327,1.324,1.326,94851900.0
2023-04-10,1.326,1.329,1.324,1.325,43884300.0
2023-04-11,1.331,1.332,1.33,1.332,53849100.0
2023-04-12,1.332,1.332,1.329,1.33,90735200.0
2023-04-13,1.323,1.326,1.321,1.325,86856600.0
2023-04-14,1.338,1.339,1.331,1.332,75990200.0
2023-04-17,1.339,1.341,1.337,1.339,53122800.0
2023-04-18,1.34,1.343,1.34,1.341,63217200.0
2023-04-19,1.342,1.342,1.34,1.341,54069800.0
2023-04-20,1.341,1.344,1.339,1.34,86588500.0
2023-04-21,1.336,1.337,1.334,1.336,59406000.0
2023-04-24,1.336,1.339,1.333,1.334,82994400.0
2023-04-25,1.339,1.34,1.338,1.339,58312400.0
2023-04-26,1.333,1.335,1.33,1.33,116187600.0
2023-04-27,1.324,1.325,1.323,1.323,79109000.0
2023-04-28,1.343,1.345,1.341,1.343,123677400.0
2023-05-04,1.327,1.331,1.325,1.331,119671400.0
2023-05-05,1.326,1.327,1.323,1.326,66773200.0
2023-05-08,1.342,1.345,1.342,1.344,84738300.0
2023-05-09,1.344,1.346,1.344,1.345,72154200.0
2023-05-10,1.343,1.345,1.341,1.345,69583200.0
2023-05-11,1.351,1.354,1.351,1.352,109322400.0
2023-05-12,1.354,1.355,1.352,1.353,65496000.0
2023-05-15,1.349,1.354,1.348,1.353,75374200.0
2023-05-16,1.352,1.354,1.351,1.352,58143800.0
2023-05-17,1.353,1.357,1.353,1.355,75127100.0
2023-05-18,1.369,1.373,1.368,1.373,91898600.0
2023-05-19,1.393,1.399,1.393,1.394,349971700.0
2023-05-22,1.385,1.39,1.385,1.388,125997900.0
2023-05-23,1.395,1.399,1.393,1.394,110818500.0
2023-05-24,1.381,1.384,1.377,1.381,145123700.0
2023-05-25,1.377,1.38,1.375,1.38,172310200.0
2023-05-26,1.38,1.381,1.377,1.379,88879300.0
2023-05-29,1.403,1.407,1.402,1.407,122498200.0
2023-05-30,1.404,1.414,1.403,1.413,104751300.0
2023-05-31,1.406,1.41,1.4,1.402,127081900.0
2023-06-01,1.4,1.405,1.397,1.404,86951700.0
2023-06-02,1.414,1.415,1.408,1.412,117240500.0
2023-06-05,1.432,1.439,1.431,1.438,143597300.0
2023-06-06,1.434,1.436,1.432,1.433,95790000.0
2023-06-07,1.436,1.442,1.435,1.44,108660600.0
2023-06-08,1.436,1.439,1.432,1.433,128019600.0
2023-06-09,1.44,1.445,1.438,1.441,176641400.0
2023-06-12,1.448,1.453,1.448,1.453,97743300.0
2023-06-13,1.465,1.472,1.464,1.471,198399800.0
2023-06-14,1.478,1.478,1.474,1.476,124212100.0
2023-06-15,1.478,1.479,1.469,1.472,217284500.0
2023-06-16,1.482,1.487,1.481,1.484,165627600.0
2023-06-19,1.483,1.484,1.482,1.484,76114500.0
2023-06-20,1.484,1.49,1.484,1.487,78751400.0
2023-06-21,1.487,1.49,1.486,1.487,120542700.0
2023-06-26,1.478,1.483,1.478,1.482,113957900.0
2023-06-27,1.478,1.478,1.472,1.474,112617400.0
2023-06-28,1.485,1.49,1.485,1.489,110021400.0
2023-06-29,1.494,1.498,1.494,1.496,108948500.0
2023-06-30,1.506,1.507,1.502,1.503,132865500.0
2023-07-03,1.521,1.523,1.518,1.522,162755000.0
2023-07-04,1.52,1.521,1.516,1.516,103951300.0
2023-07-05,1.517,1.517,1.514,1.515,78243700.0
2023-07-06,1.517,1.518,1.511,1.512,101275200.0
2023-07-07,1.503,1.507,1.501,1.502,168989600.0
2023-07-10,1.494,1.496,1.492,1.492,82614300.0
2023-07-11,1.5,1.502,1.495,1.499,83945600.0
2023-07-12,1.505,1.506,1.502,1.506,77724000.0
2023-07-13,1.513,1.517,1.512,1.516,119861600.0
2023-07-14,1.519,1.519,1.512,1.513,113657700.0
2023-07-17,1.515,1.521,1.514,1.521,101564900.0
2023-07-18,1.525,1.529,1.524,1.528,86837300.0
2023-07-19,1.543,1.553,1.543,1.552,169544100.0
2023-07-20,1.549,1.549,1.54,1.541,160504500.0
2023-07-21,1.531,1.537,1.53,1.536,128421400.0
2023-07-24,1.535,1.542,1.534,1.541,133010500.0
2023-07-25,1.54,1.54,1.535,1.538,153262200.0
2023-07-26,1.541,1.542,1.539,1.541,80548000.0
2023-07-27,1.542,1.546,1.537,1.545,152188000.0
2023-07-28,1.535,1.537,1.531,1.534,183184500.0
2023-07-31,1.542,1.543,1.537,1.539,146614300.0
2023-08-01,1.546,1.55,1.545,1.549,115780100.0
2023-08-02,1.542,1.543,1.536,1.537,172521600.0
2023-08-03,1.525,1.529,1.523,1.523,169561600.0
2023-08-04,1.52,1.529,1.519,1.526,134371700.0
2023-08-07,1.517,1.521,1.517,1.518,132726200.0
2023-08-08,1.528,1.53,1.526,1.529,80695600.0
2023-08-09,1.528,1.529,1.525,1.529,77976200.0
2023-08-10,1.52,1.521,1.517,1.521,67941300.0
2023-08-11,1.521,1.523,1.519,1.522,56634400.0
2023-08-14,1.523,1.525,1.52,1.525,107914900.0
2023-08-15,1.538,1.543,1.538,1.541,136264200.0
2023-08-16,1.528,1.528,1.522,1.524,104273100.0
2023-08-17,1.513,1.517,1.512,1.515,133522100.0
2023-08-18,1.495,1.499,1.494,1.497,172035000.0
2023-08-21,1.497,1.503,1.496,1.503,229125300.0
2023-08-22,1.503,1.51,1.501,1.509,210100400.0
2023-08-23,1.507,1.51,1.506,1.51,99943300.0
2023-08-24,1.528,1.536,1.527,1.532,389114900.0
2023-08-25,1.503,1.504,1.499,1.501,115217500.0
2023-08-28,1.508,1.516,1.507,1.515,82752400.0
2023-08-29,1.523,1.526,1.521,1.524,102996400.0
2023-08-30,1.544,1.547,1.544,1.545,108316100.0
2023-08-31,1.549,1.556,1.549,1.553,147292100.0
2023-09-01,1.542,1.547,1.541,1.544,77200000.0
2023-09-04,1.546,1.549,1.545,1.547,80245500.0
2023-09-05,1.546,1.55,1.546,1.548,61569200.0
2023-09-06,1.548,1.55,1.546,1.548,68122000.0
2023-09-07,1.538,1.539,1.535,1.535,71421700.0
2023-09-08,1.538,1.545,1.537,1.544,81614200.0
2023-09-11,1.543,1.544,1.531,1.536,124870700.0
2023-09-12,1.539,1.542,1.538,1.541,59676800.0
2023-09-13,1.532,1.533,1.528,1.53,112691200.0
2023-09-14,1.533,1.538,1.532,1.537,89151600.0
2023-09-15,1.549,1.55,1.542,1.548,114613100.0
2023-09-18,1.528,1.533,1.528,1.531,75470500.0
2023-09-19,1.531,1.533,1.529,1.53,64151300.0
2023-09-20,1.528,1.53,1.526,1.528,68707600.0
2023-09-21,1.512,1.512,1.507,1.512,129265000.0
2023-09-22,1.489,1.493,1.488,1.493,138695900.0
2023-09-25,1.488,1.491,1.485,1.49,115874600.0
2023-09-26,1.489,1.49,1.483,1.483,105065100.0
2023-09-27,1.473,1.476,1.47,1.475,218276700.0
2023-09-28,1.477,1.477,1.47,1.471,131651200.0
2023-10-09,1.472,1.473,1.466,1.47,140412200.0
2023-10-10,1.489,1.49,1.487,1.49,86784500.0
2023-10-11,1.496,1.5,1.495,1.499,72278900.0
2023-10-12,1.507,1.51,1.507,1.51,80813700.0
2023-10-13,1.5,1.5,1.496,1.497,85712600.0
2023-10-16,1.492,1.496,1.492,1.496,97911200.0
2023-10-17,1.506,1.507,1.504,1.507,75192100.0
2023-10-18,1.504,1.508,1.502,1.505,112960000.0
2023-10-19,1.493,1.494,1.482,1.485,116206600.0
2023-10-20,1.471,1.472,1.465,1.467,213749700.0
2023-10-23,1.455,1.457,1.453,1.457,179547400.0
2023-10-24,1.453,1.456,1.448,1.455,146260300.0
2023-10-25,1.458,1.46,1.455,1.456,60533400.0
2023-10-26,1.433,1.435,1.43,1.433,144744100.0
2023-10-27,1.43,1.433,1.429,1.433,103201700.0
2023-10-30,1.426,1.427,1.422,1.427,99498800.0
2023-10-31,1.432,1.433,1.428,1.431,96718100.0
2023-11-01,1.44,1.447,1.439,1.446,108106400.0
2023-11-02,1.462,1.466,1.461,1.463,104611700.0
2023-11-03,1.485,1.487,1.484,1.486,81032400.0
2023-11-06,1.494,1.496,1.493,1.494,78358800.0
2023-11-07,1.492,1.494,1.49,1.492,83850900.0
2023-11-08,1.497,1.499,1.495,1.497,63519900.0
2023-11-09,1.498,1.505,1.497,1.505,74104000.0
2023-11-10,1.495,1.495,1.49,1.493,56700100.0
2023-11-13,1.512,1.514,1.51,1.513,95923600.0
2023-11-14,1.512,1.518,1.511,1.518,97665000.0
2023-11-15,1.543,1.544,1.537,1.539,92693800.0
2023-11-16,1.538,1.542,1.535,1.541,106385300.0
2023-11-17,1.542,1.544,1.538,1.54,242190900.0
2023-11-20,1.532,1.534,1.523,1.524,183039500.0
2023-11-21,1.53,1.533,1.529,1.53,52408500.0
2023-11-22,1.528,1.528,1.525,1.528,134812400.0
2023-11-23,1.534,1.537,1.531,1.533,89212300.0
2023-11-24,1.534,1.536,1.533,1.535,43963800.0
2023-11-27,1.534,1.534,1.53,1.534,64498300.0
2023-11-28,1.533,1.535,1.533,1.535,47147300.0
2023-11-29,1.532,1.533,1.53,1.532,52549900.0
2023-11-30,1.532,1.535,1.529,1.531,69974100.0
2023-12-01,1.535,1.54,1.535,1.539,80256100.0
2023-12-04,1.544,1.548,1.543,1.547,94006800.0
2023-12-05,1.539,1.539,1.534,1.534,47320400.0
2023-12-06,1.545,1.546,1.544,1.546,60986200.0
2023-12-07,1.536,1.539,1.533,1.533,67472400.0
2023-12-08,1.544,1.547,1.543,1.545,84671500.0
2023-12-11,1.557,1.562,1.556,1.559,86883000.0
2023-12-12,1.566,1.57,1.565,1.567,128646700.0
2023-12-13,1.575,1.579,1.574,1.576,103387800.0
2023-12-14,1.594,1.596,1.591,1.593,177381700.0
2023-12-15,1.587,1.589,1.584,1.586,135444200.0
2023-12-18,1.59,1.593,1.589,1.593,72862800.0
2023-12-19,1.598,1.601,1.597,1.601,67975400.0
2023-12-20,1.605,1.61,1.605,1.609,111970700.0
2023-12-21,1.587,1.589,1.583,1.588,296485500.0
2023-12-22,1.598,1.599,1.594,1.597,98522200.0
2023-12-25,1.6,1.602,1.598,1.6,38799200.0
2023-12-26,1.601,1.606,1.6,1.605,117143800.0
2023-12-27,1.608,1.609,1.605,1.608,108797600.0
2023-12-28,1.61,1.61,1.603,1.605,113178900.0
2023-12-29,1.602,1.605,1.598,1.603,138740000.0
2024-01-02,1.6,1.607,1.6,1.607,63547500.0
2024-01-03,1.597,1.6,1.595,1.595,108467300.0
2024-01-04,1.588,1.59,1.586,1.589,68380900.0
2024-01-05,1.586,1.588,1.582,1.582,86617200.0
2024-01-08,1.586,1.587,1.583,1.584,93161000.0
2024-01-09,1.605,1.611,1.605,1.611,197003700.0
2024-01-10,1.611,1.613,1.609,1.61,127746000.0
2024-01-11,1.62,1.623,1.619,1.623,136857400.0
2024-01-12,1.615,1.616,1.612,1.616,92340800.0
2024-01-15,1.619,1.625,1.618,1.624,124020300.0
2024-01-16,1.619,1.62,1.616,1.616,85398500.0
2024-01-17,1.619,1.62,1.608,1.609,217380800.0
2024-01-18,1.609,1.611,1.605,1.61,131901300.0
2024-01-19,1.623,1.628,1.622,1.626,210883800.0
2024-01-22,1.651,1.655,1.648,1.652,326074800.0
2024-01-23,1.651,1.665,1.645,1.656,312412100.0
2024-01-24,1.66,1.688,1.658,1.674,248681700.0
2024-01-25,1.672,1.672,1.655,1.666,158686000.0
2024-01-26,1.665,1.671,1.653,1.654,217741000.0
2024-01-29,1.654,1.662,1.654,1.661,96807500.0
2024-01-30,1.674,1.681,1.673,1.681,139390100.0
2024-01-31,1.67,1.676,1.666,1.674,160287900.0
2024-02-01,1.655,1.662,1.649,1.66,166066400.0
2024-02-02,1.677,1.689,1.677,1.688,127089200.0
2024-02-05,1.702,1.703,1.683,1.695,175680700.0
2024-02-06,1.692,1.699,1.686,1.695,130172500.0
2024-02-07,1.694,1.705,1.691,1.701,124924500.0
2024-02-08,1.715,1.75,1.715,1.745,172530700.0
2024-02-19,1.739,1.741,1.719,1.737,97014000.0
2024-02-20,1.738,1.739,1.727,1.731,73383300.0
2024-02-21,1.72,1.723,1.712,1.717,189057900.0
2024-02-22,1.729,1.742,1.728,1.741,93638900.0
2024-02-23,1.762,1.775,1.762,1.766,118791000.0
2024-02-26,1.764,1.764,1.752,1.755,100377700.0
2024-02-27,1.751,1.764,1.747,1.761,147556900.0
2024-02-28,1.762,1.786,1.759,1.783,167905800.0
2024-02-29,1.777,1.778,1.765,1.772,224755300.0
2024-03-01,1.782,1.789,1.78,1.781,158604800.0
2024-03-04,1.789,1.796,1.789,1.794,125675300.0
2024-03-05,1.784,1.792,1.781,1.789,120073700.0
2024-03-06,1.776,1.784,1.772,1.781,170049400.0
2024-03-07,1.784,1.788,1.772,1.776,154511800.0
2024-03-08,1.791,1.801,1.791,1.8,153365700.0
2024-03-11,1.79,1.794,1.78,1.794,148865400.0
2024-03-12,1.794,1.799,1.785,1.788,139973700.0
2024-03-13,1.8,1.8,1.78,1.783,141673400.0
2024-03-14,1.784,1.784,1.778,1.784,75182300.0
2024-03-15,1.778,1.782,1.774,1.775,107242800.0
2024-03-18,1.773,1.782,1.764,1.781,153579500.0
2024-03-19,1.775,1.78,1.772,1.774,117759800.0
2024-03-20,1.783,1.792,1.779,1.79,126110900.0
2024-03-21,1.801,1.84,1.8,1.826,242357300.0
2024-03-22,1.827,1.852,1.819,1.837,235989500.0
2024-03-25,1.838,1.846,1.816,1.825,222664200.0
2024-03-26,1.826,1.833,1.821,1.832,104561900.0
2024-03-27,1.827,1.848,1.825,1.844,128363800.0
2024-03-28,1.851,1.877,1.848,1.868,302836800.0
2024-03-29,1.868,1.899,1.852,1.856,363338900.0
2024-04-01,1.863,1.886,1.845,1.849,199697900.0
2024-04-02,1.844,1.848,1.831,1.842,272571100.0
2024-04-03,1.83,1.831,1.797,1.802,338055200.0
2024-04-08,1.807,1.811,1.791,1.807,221078100.0
2024-04-09,1.806,1.819,1.795,1.813,260380000.0
2024-04-10,1.815,1.818,1.8,1.81,104237100.0
2024-04-11,1.79,1.793,1.783,1.788,167223000.0
2024-04-12,1.801,1.807,1.799,1.802,127900200.0
2024-04-15,1.776,1.785,1.771,1.783,119873600.0
2024-04-16,1.76,1.76,1.74,1.741,216022400.0
2024-04-17,1.742,1.747,1.733,1.734,125479200.0
2024-04-18,1.725,1.732,1.723,1.73,144333700.0
2024-04-19,1.71,1.71,1.693,1.709,202928500.0
2024-04-22,1.702,1.716,1.701,1.716,169464200.0
2024-04-23,1.722,1.731,1.719,1.728,177976500.0
2024-04-24,1.75,1.768,1.75,1.766,186981000.0
2024-04-25,1.749,1.753,1.737,1.739,127903000.0
2024-04-26,1.754,1.758,1.745,1.746,129061800.0
2024-04-29,1.758,1.76,1.75,1.754,100710900.0
2024-04-30,1.755,1.76,1.753,1.758,82367500.0
2024-05-06,1.758,1.76,1.753,1.759,92098800.0
2024-05-07,1.772,1.781,1.771,1.777,114703500.0
2024-05-08,1.779,1.785,1.775,1.784,109168400.0
2024-05-09,1.786,1.789,1.779,1.779,146631000.0
2024-05-10,1.789,1.8,1.788,1.799,87881300.0
2024-05-13,1.801,1.81,1.799,1.807,78813900.0
2024-05-14,1.801,1.809,1.797,1.807,99186400.0
2024-05-15,1.817,1.827,1.816,1.826,109208600.0
2024-05-16,1.849,1.858,1.845,1.85,123336500.0
2024-05-17,1.844,1.846,1.84,1.844,94209000.0
2024-05-20,1.844,1.85,1.829,1.834,186396000.0
2024-05-21,1.836,1.84,1.832,1.835,111318700.0
2024-05-22,1.84,1.845,1.837,1.844,89798500.0
2024-05-23,1.843,1.853,1.841,1.849,133157100.0
2024-05-24,1.829,1.829,1.818,1.818,158795300.0
2024-05-27,1.829,1.836,1.828,1.834,65435200.0
2024-05-28,1.836,1.841,1.834,1.838,57204100.0
2024-05-29,1.835,1.835,1.827,1.829,50901100.0
2024-05-30,1.807,1.817,1.805,1.806,93037500.0
2024-05-31,1.793,1.808,1.793,1.807,82300100.0
2024-06-03,1.826,1.836,1.825,1.835,87575300.0
2024-06-04,1.835,1.838,1.827,1.838,77500600.0
2024-06-05,1.841,1.848,1.84,1.847,59044700.0
2024-06-06,1.874,1.88,1.871,1.873,98480000.0
2024-06-07,1.87,1.883,1.87,1.882,67820000.0
2024-06-11,1.884,1.897,1.884,1.889,98943300.0
2024-06-12,1.896,1.898,1.89,1.892,114158300.0
2024-06-13,1.908,1.913,1.906,1.909,81867300.0
2024-06-14,1.907,1.909,1.9,1.903,104815400.0
2024-06-17,1.903,1.907,1.883,1.893,163228800.0
2024-06-18,1.906,1.909,1.899,1.902,114927900.0
2024-06-19,1.904,1.907,1.902,1.904,63429200.0
2024-06-20,1.905,1.922,1.905,1.921,75990900.0
2024-06-21,1.907,1.916,1.9,1.914,113332000.0
2024-06-24,1.912,1.913,1.904,1.91,62139000.0
2024-06-25,1.901,1.91,1.898,1.907,99203400.0
2024-06-26,1.92,1.935,1.914,1.933,94185200.0
2024-06-27,1.933,1.95,1.927,1.948,146885100.0
2024-06-28,1.955,1.985,1.955,1.971,208754900.0
2024-07-01,1.965,1.978,1.958,1.967,124545500.0
2024-07-02,1.975,1.987,1.969,1.971,140508500.0
2024-07-03,1.99,2.0,1.989,1.999,112119400.0
2024-07-04,2.018,2.035,1.968,1.977,255654200.0
2024-07-05,1.974,1.996,1.973,1.993,133906500.0
2024-07-08,2.004,2.008,1.989,1.999,112727500.0
2024-07-09,2.001,2.002,1.993,1.996,120707000.0
2024-07-10,1.995,1.996,1.97,1.985,131503600.0
2024-07-11,1.999,2.004,1.996,2.004,98855100.0
2024-07-12,1.984,1.984,1.945,1.974,170779600.0
2024-07-15,1.983,2.025,1.983,2.024,197892500.0
2024-07-16,2.029,2.045,2.015,2.028,125318500.0
2024-07-17,2.039,2.067,2.038,2.053,179922800.0
2024-07-18,2.002,2.032,1.984,2.027,174814500.0
2024-07-19,2.01,2.014,1.977,1.979,158337000.0
2024-07-22,1.955,1.965,1.95,1.956,137712400.0
2024-07-23,1.979,1.992,1.978,1.983,108170000.0
2024-07-24,1.975,1.98,1.966,1.968,77645200.0
2024-07-25,1.912,1.918,1.9,1.911,131102100.0
2024-07-26,1.901,1.929,1.901,1.927,92901200.0
2024-07-29,1.948,1.973,1.948,1.972,106819000.0
2024-07-30,1.963,1.97,1.947,1.962,94417500.0
2024-07-31,1.959,1.962,1.94,1.948,226801800.0
2024-08-01,1.979,1.98,1.967,1.972,134351800.0
2024-08-02,1.928,1.943,1.908,1.912,148630800.0
2024-08-05,1.84,1.84,1.773,1.785,333679700.0
2024-08-06,1.813,1.826,1.799,1.804,272355000.0
2024-08-07,1.807,1.826,1.803,1.811,179087500.0
2024-08-08,1.793,1.802,1.782,1.799,106880600.0
2024-08-09,1.836,1.847,1.83,1.835,128506800.0
2024-08-12,1.842,1.861,1.841,1.86,135184300.0
2024-08-13,1.862,1.891,1.861,1.887,117196500.0
2024-08-14,1.914,1.925,1.91,1.922,127130500.0
2024-08-15,1.936,1.957,1.93,1.948,119846000.0
2024-08-16,1.994,1.996,1.962,1.975,195754300.0
2024-08-19,1.978,1.978,1.941,1.942,139766900.0
2024-08-20,1.968,1.974,1.962,1.966,84258200.0
2024-08-21,1.957,1.969,1.948,1.967,68983700.0
2024-08-22,1.978,1.993,1.963,1.971,148456600.0
2024-08-23,1.95,1.965,1.948,1.964,89442800.0
2024-08-26,1.988,1.993,1.97,1.978,85183500.0
2024-08-27,1.971,1.98,1.962,1.978,66121400.0
2024-08-28,1.982,2.008,1.975,1.997,222779600.0
2024-08-29,1.971,1.981,1.961,1.974,138117300.0
2024-08-30,1.977,1.983,1.972,1.978,76507300.0
2024-09-02,1.99,2.004,1.99,1.999,108754900.0
2024-09-03,2.001,2.011,1.992,1.998,105945000.0
2024-09-04,1.925,1.943,1.917,1.919,179898500.0
2024-09-05,1.933,1.94,1.923,1.929,82536300.0
2024-09-06,1.92,1.925,1.912,1.919,88555300.0
2024-09-09,1.894,1.906,1.884,1.905,145973700.0
2024-09-10,1.92,1.927,1.894,1.895,167885000.0
2024-09-11,1.908,1.91,1.893,1.899,79031900.0
2024-09-12,1.927,1.937,1.923,1.931,131880900.0
2024-09-13,1.944,1.95,1.939,1.941,131096800.0
2024-09-18,1.95,1.954,1.935,1.939,91849100.0
2024-09-19,1.944,1.967,1.942,1.965,101268600.0
2024-09-20,1.986,1.989,1.967,1.97,125653000.0
2024-09-23,1.974,1.979,1.969,1.974,67194100.0
2024-09-24,1.977,1.978,1.95,1.96,120834200.0
2024-09-25,1.951,1.954,1.938,1.945,123928200.0
2024-09-26,1.949,1.955,1.938,1.948,165033200.0
2024-09-27,1.92,1.934,1.916,1.919,98505800.0
2024-09-30,1.893,1.917,1.881,1.908,429525000.0
2024-10-08,1.886,1.914,1.879,1.893,352808300.0
2024-10-09,1.914,1.929,1.91,1.925,296069000.0
2024-10-10,1.943,1.961,1.943,1.956,253020600.0
2024-10-11,1.955,1.97,1.951,1.967,173069300.0
2024-10-14,1.984,1.992,1.971,1.988,208667600.0
2024-10-15,2.005,2.048,2.005,2.047,314485900.0
2024-10-16,2.025,2.034,2.005,2.024,232886300.0
2024-10-17,2.03,2.048,2.03,2.045,203364500.0
2024-10-18,2.036,2.041,2.015,2.027,307781800.0
2024-10-21,2.027,2.036,2.015,2.018,204837100.0
2024-10-22,2.015,2.015,2.005,2.006,153102300.0
2024-10-23,2.006,2.011,1.998,1.999,116231700.0
2024-10-24,1.986,1.992,1.982,1.991,164682700.0
2024-10-25,1.992,1.998,1.99,1.991,101986600.0
2024-10-28,2.0,2.016,1.998,2.012,228146800.0
2024-10-29,2.005,2.009,2.0,2.005,134607600.0
2024-10-30,2.016,2.023,2.012,2.02,139527500.0
2024-10-31,2.008,2.008,1.995,1.996,104813600.0
2024-11-01,1.965,1.977,1.957,1.971,167620100.0
2024-11-04,1.966,1.972,1.961,1.963,153390500.0
2024-11-05,1.96,1.962,1.953,1.961,112493600.0
2024-11-06,1.996,2.03,1.988,2.029,333098800.0
2024-11-07,2.065,2.079,2.038,2.045,381508000.0
2024-11-08,2.047,2.063,2.047,2.063,230907900.0
2024-11-11,2.065,2.091,2.065,2.089,193511200.0
2024-11-12,2.092,2.126,2.092,2.113,280717000.0
2024-11-13,2.109,2.109,2.09,2.095,198780200.0
2024-11-14,2.097,2.131,2.097,2.122,326090600.0
2024-11-15,2.104,2.105,2.083,2.088,232875300.0
2024-11-18,2.067,2.107,2.067,2.102,278981200.0
2024-11-19,2.102,2.121,2.098,2.106,255881100.0
2024-11-20,2.122,2.123,2.108,2.112,173784200.0
2024-11-21,2.105,2.109,2.096,2.107,115629600.0
2024-11-22,2.121,2.134,2.115,2.128,224405400.0
2024-11-25,2.141,2.178,2.141,2.177,343482400.0
2024-11-26,2.181,2.187,2.143,2.181,399596300.0
2024-11-27,2.197,2.236,2.174,2.18,509992400.0
2024-11-28,2.173,2.19,2.16,2.178,260102400.0
2024-11-29,2.182,2.188,2.17,2.182,214740200.0
2024-12-02,2.199,2.202,2.184,2.199,238813400.0
2024-12-03,2.21,2.222,2.207,2.217,192134800.0
2024-12-04,2.22,2.221,2.208,2.217,157098900.0
2024-12-05,2.23,2.235,2.225,2.233,156547700.0
2024-12-06,2.228,2.231,2.21,2.228,145895400.0
2024-12-09,2.233,2.233,2.225,2.227,136598000.0
2024-12-10,2.182,2.21,2.182,2.207,224621100.0
2024-12-11,2.2,2.229,2.199,2.227,211690600.0
2024-12-12,2.248,2.25,2.226,2.232,211551600.0
2024-12-13,2.226,2.246,2.223,2.244,150700300.0
2024-12-16,2.244,2.285,2.241,2.274,326766900.0
2024-12-17,2.501,2.501,2.047,2.254,465567100.0
2024-12-18,2.248,2.248,2.22,2.229,246928500.0
2024-12-19,2.149,2.195,2.149,2.157,302456000.0
2024-12-20,2.155,2.174,2.12,2.144,284051900.0
2024-12-23,2.176,2.2,2.176,2.194,272591600.0
2024-12-24,2.213,2.217,2.181,2.186,199619300.0
2024-12-25,2.198,2.205,2.191,2.197,103530100.0
2024-12-26,2.199,2.2,2.185,2.2,93046300.0
2024-12-27,2.197,2.199,2.19,2.191,82459000.0
2024-12-30,2.17,2.172,2.161,2.165,116509600.0
2024-12-31,2.151,2.178,2.143,2.162,160342000.0
2025-01-02,2.163,2.185,2.16,2.183,157955900.0
2025-01-03,2.181,2.186,2.167,2.17,114123700.0
2025-01-06,2.188,2.213,2.188,2.211,184899500.0
2025-01-07,2.22,2.238,2.18,2.193,300040900.0
2025-01-08,2.172,2.197,2.17,2.19,141185100.0
2025-01-09,2.193,2.2,2.184,2.186,95548300.0
2025-01-10,2.181,2.198,2.172,2.173,135275300.0
2025-01-13,2.152,2.16,2.135,2.139,112882600.0
2025-01-14,2.152,2.164,2.146,2.162,114990800.0
2025-01-15,2.161,2.167,2.152,2.158,74916900.0
2025-01-16,2.198,2.2,2.187,2.193,118213000.0
2025-01-17,2.189,2.192,2.177,2.191,65620300.0
2025-01-20,2.202,2.207,2.197,2.201,96015400.0
2025-01-21,2.202,2.203,2.193,2.2,66200900.0
2025-01-22,2.212,2.22,2.209,2.218,92738300.0
2025-01-23,2.225,2.228,2.204,2.205,125912000.0
2025-01-24,2.214,2.22,2.212,2.214,99562100.0
2025-01-27,2.2,2.2,2.165,2.196,248410800.0
2025-02-05,2.191,2.195,2.178,2.192,89492900.0
2025-02-06,2.2,2.203,2.195,2.198,71273500.0
2025-02-07,2.198,2.201,2.187,2.192,93473900.0
2025-02-10,2.18,2.188,2.17,2.187,101311700.0
2025-02-11,2.187,2.192,2.18,2.183,66316900.0
2025-02-12,2.183,2.185,2.17,2.175,58402600.0
2025-02-13,2.179,2.179,2.165,2.172,75659200.0
2025-02-14,2.18,2.184,2.171,2.173,91201700.0
2025-02-17,2.172,2.172,2.16,2.17,75700500.0
2025-02-18,2.17,2.189,2.167,2.185,69309300.0
2025-02-19,2.185,2.185,2.175,2.176,59785400.0
2025-02-20,2.18,2.181,2.173,2.174,46470500.0
2025-02-21,2.168,2.168,2.15,2.154,121786400.0
2025-02-24,2.118,2.138,2.112,2.125,148129500.0
2025-02-25,2.11,2.116,2.092,2.094,142263900.0
2025-02-26,2.092,2.092,2.077,2.091,166649000.0
2025-02-27,2.089,2.089,2.079,2.084,136734400.0
2025-02-28,2.05,2.051,2.028,2.032,303834300.0
2025-03-03,2.052,2.071,2.052,2.07,227909200.0
2025-03-04,2.034,2.034,2.028,2.031,163766800.0
2025-03-05,2.015,2.027,2.011,2.024,215123700.0
2025-03-06,2.031,2.034,2.022,2.025,122919900.0
2025-03-07,2.0,2.006,1.998,2.001,143689200.0
2025-03-10,1.998,2.004,1.995,1.999,86861100.0
2025-03-11,1.937,1.949,1.931,1.949,229853500.0
2025-03-12,1.938,1.941,1.93,1.938,165050300.0
2025-03-13,1.944,1.947,1.927,1.932,130085500.0
2025-03-14,1.92,1.931,1.917,1.93,195437900.0
2025-03-17,1.94,1.943,1.928,1.929,164782900.0
2025-03-18,1.938,1.949,1.938,1.948,209332900.0
2025-03-19,1.935,1.935,1.928,1.933,81449300.0
2025-03-20,1.955,1.983,1.951,1.981,317833400.0
2025-03-21,1.979,1.979,1.962,1.973,225609900.0
2025-03-24,1.984,1.999,1.983,1.999,250726500.0
2025-03-25,2.025,2.026,2.01,2.017,245137100.0
2025-03-26,2.028,2.028,2.008,2.011,174617300.0
2025-03-27,1.98,1.986,1.98,1.983,162204800.0
2025-03-28,1.974,1.976,1.962,1.963,156470500.0
2025-03-31,1.91,1.92,1.906,1.907,200172200.0
2025-04-01,1.917,1.939,1.917,1.937,224876800.0
2025-04-02,1.94,1.942,1.936,1.937,196688800.0
2025-04-03,1.903,1.912,1.895,1.897,341612100.0
2025-04-07,1.707,1.725,1.707,1.707,565543200.0
2025-04-08,1.737,1.793,1.737,1.776,508264700.0
2025-04-09,1.707,1.729,1.695,1.722,742004800.0
2025-04-10,1.881,1.888,1.831,1.886,670170000.0
2025-04-11,1.807,1.849,1.802,1.841,620956300.0
2025-04-14,1.864,1.875,1.857,1.872,296373100.0
2025-04-15,1.868,1.869,1.863,1.865,151508800.0
2025-04-16,1.854,1.854,1.835,1.842,215409400.0
2025-04-17,1.831,1.84,1.826,1.835,263281400.0
2025-04-18,1.826,1.832,1.823,1.829,92876400.0
2025-04-21,1.811,1.815,1.804,1.806,184173400.0
2025-04-22,1.792,1.804,1.787,1.803,220236800.0
2025-04-23,1.846,1.858,1.842,1.855,528281800.0
2025-04-24,1.855,1.859,1.846,1.846,313739600.0
2025-04-25,1.891,1.898,1.889,1.895,377617500.0
2025-04-28,1.892,1.902,1.889,1.901,232921200.0
2025-04-29,1.903,1.907,1.895,1.897,213983100.0
2025-04-30,1.903,1.903,1.897,1.9,169831400.0
2025-05-06,1.922,1.927,1.915,1.918,198892000.0
2025-05-07,1.92,1.925,1.919,1.922,131077300.0
2025-05-08,1.931,1.942,1.93,1.94,239835800.0
2025-05-09,1.94,1.944,1.937,1.942,153470900.0
2025-05-12,1.964,1.966,1.957,1.963,237222500.0
2025-05-13,1.987,1.987,1.977,1.977,274363800.0
2025-05-14,1.998,2.013,1.998,2.013,262804800.0
2025-05-15,2.007,2.007,1.998,1.999,174877600.0
2025-05-16,2.007,2.014,2.007,2.012,126202500.0
2025-05-19,2.009,2.015,2.006,2.006,208689100.0
2025-05-20,2.026,2.032,2.024,2.025,162698700.0
2025-05-21,2.019,2.021,2.009,2.01,149748200.0
2025-05-22,1.989,1.994,1.985,1.989,254522900.0
2025-05-23,1.987,1.993,1.983,1.986,156113800.0
2025-05-26,1.985,1.992,1.983,1.991,119359700.0
2025-05-27,1.99,1.997,1.987,1.997,101154800.0
2025-05-28,2.015,2.017,2.011,2.012,157452300.0
2025-05-29,2.032,2.036,2.031,2.032,258965800.0
2025-05-30,2.001,2.009,1.999,2.004,260574400.0
2025-06-03,2.013,2.016,2.009,2.01,137141000.0
2025-06-04,2.026,2.03,2.023,2.029,121057900.0
2025-06-05,2.025,2.027,2.023,2.025,152479200.0
2025-06-06,2.018,2.025,2.016,2.024,85033500.0
2025-06-09,2.032,2.036,2.031,2.035,96382300.0
2025-06-10,2.042,2.047,2.033,2.036,149392600.0
2025-06-11,2.044,2.046,2.042,2.046,104170400.0
2025-06-12,2.04,2.042,2.036,2.04,110090200.0
2025-06-13,2.02,2.025,2.011,2.023,222111000.0
2025-06-16,2.029,2.038,2.028,2.038,114482200.0
2025-06-17,2.039,2.043,2.036,2.038,120070700.0
2025-06-18,2.033,2.039,2.032,2.035,108906700.0
2025-06-19,2.028,2.03,2.022,2.025,158390100.0
2025-06-20,2.023,2.03,2.019,2.027,95638900.0
2025-06-23,2.015,2.027,2.014,2.025,90697100.0
2025-06-24,2.051,2.062,2.048,2.061,204586000.0
2025-06-25,2.062,2.066,2.059,2.065,171925700.0
2025-06-26,2.063,2.072,2.061,2.071,154259800.0
2025-06-27,2.08,2.093,2.08,2.091,272412500.0
2025-06-30,2.102,2.104,2.096,2.102,162242600.0
2025-07-01,2.102,2.104,2.095,2.096,127513700.0
2025-07-02,2.098,2.111,2.098,2.11,139160800.0
2025-07-03,2.114,2.115,2.109,2.114,125442300.0
2025-07-04,2.125,2.132,2.122,2.125,232559100.0
2025-07-07,2.121,2.127,2.118,2.121,157903500.0
2025-07-08,2.114,2.121,2.112,2.121,154276300.0
2025-07-09,2.118,2.118,2.112,2.113,127714100.0
2025-07-10,2.119,2.128,2.119,2.121,189299700.0
2025-07-11,2.124,2.126,2.122,2.124,139023800.0
2025-07-14,2.115,2.116,2.107,2.107,268767200.0
2025-07-15,2.118,2.131,2.117,2.131,178170600.0
2025-07-16,2.117,2.119,2.114,2.115,153931600.0
2025-07-17,2.123,2.135,2.123,2.131,225125400.0
2025-07-18,2.141,2.146,2.141,2.143,103117100.0
2025-07-21,2.142,2.142,2.137,2.14,149110000.0
2025-07-22,2.138,2.141,2.135,2.136,133690000.0
2025-07-23,2.137,2.144,2.137,2.144,125731400.0
2025-07-24,2.155,2.156,2.152,2.153,130824600.0
2025-07-25,2.157,2.167,2.156,2.164,135598000.0
2025-07-28,2.176,2.187,2.176,2.185,182500700.0
2025-07-29,2.183,2.185,2.173,2.184,160962000.0
2025-07-30,2.175,2.181,2.174,2.18,97419200.0
2025-07-31,2.196,2.203,2.188,2.202,144408000.0
2025-08-01,2.17,2.183,2.169,2.172,179138200.0
2025-08-04,2.148,2.158,2.137,2.148,294003800.0
2025-08-05,2.171,2.187,2.171,2.187,174322500.0
2025-08-06,2.167,2.175,2.166,2.174,189791200.0
2025-08-07,2.185,2.19,2.173,2.174,135470700.0
2025-08-08,2.176,2.181,2.169,2.174,98857100.0
2025-08-11,2.185,2.194,2.185,2.192,147085900.0
2025-08-12,2.188,2.191,2.183,2.187,101130100.0
2025-08-13,2.202,2.207,2.202,2.204,83020600.0
2025-08-14,2.207,2.209,2.201,2.203,91324800.0
2025-08-15,2.208,2.218,2.205,2.217,92301300.0
2025-08-18,2.209,2.211,2.201,2.203,145710700.0
2025-08-19,2.202,2.203,2.192,2.197,103503700.0
2025-08-20,2.182,2.194,2.178,2.185,220080700.0
2025-08-21,2.177,2.194,2.177,2.183,190726100.0
2025-08-22,2.179,2.18,2.169,2.17,185013600.0
2025-08-25,2.197,2.203,2.194,2.2,309122200.0
2025-08-26,2.19,2.193,2.188,2.191,83675300.0
2025-08-27,2.2,2.207,2.198,2.206,108136300.0
2025-08-28,2.201,2.203,2.192,2.194,153802900.0
2025-08-29,2.196,2.201,2.194,2.195,91278900.0
2025-09-01,2.193,2.193,2.18,2.185,119155500.0
2025-09-02,2.185,2.188,2.182,2.187,79973500.0
2025-09-03,2.177,2.18,2.173,2.177,106030100.0
2025-09-04,2.187,2.192,2.185,2.189,86927500.0
2025-09-05,2.21,2.219,2.203,2.204,129675100.0
2025-09-08,2.195,2.197,2.191,2.195,95184400.0
2025-09-09,2.197,2.2,2.194,2.198,135163800.0
2025-09-10,2.202,2.208,2.202,2.207,101654400.0
2025-09-11,2.21,2.211,2.206,2.21,106329500.0
2025-09-12,2.221,2.224,2.22,2.222,113353500.0
2025-09-15,2.223,2.23,2.222,2.229,99988600.0
2025-09-16,2.234,2.239,2.233,2.238,123416000.0
2025-09-17,2.235,2.235,2.227,2.23,92267000.0
2025-09-18,2.231,2.243,2.231,2.241,140503200.0
2025-09-19,2.249,2.254,2.244,2.252,184722700.0
2025-09-22,2.258,2.271,2.258,2.269,181888600.0
2025-09-23,2.283,2.291,2.282,2.288,136479300.0
2025-09-24,2.275,2.28,2.267,2.28,138515200.0
2025-09-25,2.277,2.278,2.267,2.27,104331200.0
2025-09-26,2.264,2.266,2.256,2.265,95678500.0
2025-09-29,2.275,2.282,2.275,2.281,111731000.0
2025-09-30,2.286,2.287,2.28,2.284,135141300.0
2025-10-09,2.304,2.33,2.304,2.322,218795500.0
2025-10-10,2.321,2.333,2.318,2.329,156753400.0
2025-10-13,2.284,2.318,2.275,2.294,548261000.0
2025-10-14,2.306,2.32,2.254,2.263,340470300.0
2025-10-15,2.278,2.29,2.273,2.289,138186900.0
2025-10-16,2.289,2.289,2.275,2.285,272640200.0
2025-10-17,2.269,2.28,2.261,2.263,226690700.0
2025-10-20,2.293,2.323,2.285,2.321,250999900.0
2025-10-21,2.342,2.349,2.313,2.326,273763400.0
2025-10-22,2.325,2.351,2.32,2.348,177566600.0
2025-10-23,2.348,2.359,2.333,2.352,197401600.0
2025-10-24,2.367,2.371,2.352,2.36,205090700.0
2025-10-27,2.383,2.418,2.381,2.415,254613300.0
2025-10-28,2.433,2.457,2.412,2.421,214690100.0
2025-10-29,2.435,2.469,2.43,2.468,207564800.0
2025-10-30,2.469,2.504,2.449,2.473,350301400.0
2025-10-31,2.47,2.479,2.439,2.454,209027600.0
2025-11-03,2.454,2.49,2.454,2.479,228102800.0
2025-11-04,2.479,2.479,2.407,2.415,234053300.0
2025-11-05,2.376,2.389,2.336,2.388,266447300.0
2025-11-06,2.4,2.412,2.385,2.389,245536200.0
2025-11-07,2.365,2.399,2.36,2.384,194988800.0
2025-11-10,2.405,2.436,2.403,2.424,203283100.0
2025-11-11,2.451,2.457,2.413,2.43,189539400.0
2025-11-12,2.434,2.464,2.434,2.463,204066800.0
2025-11-13,2.468,2.49,2.466,2.488,179179100.0
2025-11-14,2.447,2.466,2.441,2.448,201330900.0
2025-11-17,2.46,2.488,2.449,2.454,210262000.0
2025-11-18,2.44,2.44,2.39,2.399,195377100.0
2025-11-19,2.388,2.405,2.317,2.359,408081200.0
2025-11-20,2.399,2.417,2.396,2.413,193338000.0
2025-11-21,2.366,2.37,2.334,2.355,284316700.0
2025-11-24,2.382,2.396,2.359,2.39,257587800.0
2025-11-25,2.435,2.435,2.395,2.404,215081300.0
2025-11-26,2.424,2.449,2.42,2.447,224096200.0
2025-11-27,2.46,2.47,2.43,2.433,133025500.0
2025-11-28,2.441,2.467,2.438,2.463,175963600.0
2025-12-01,2.462,2.475,2.443,2.46,234086400.0
2025-12-02,2.459,2.468,2.454,2.46,122592300.0
2025-12-03,2.468,2.48,2.466,2.469,187744900.0
2025-12-04,2.474,2.476,2.456,2.461,176766200.0
2025-12-05,2.464,2.466,2.445,2.451,260521600.0
2025-12-08,2.451,2.452,2.439,2.444,143226700.0
2025-12-09,2.44,2.44,2.416,2.42,117252900.0
2025-12-10,2.42,2.447,2.42,2.443,161350000.0
2025-12-11,2.449,2.46,2.429,2.432,153818300.0
2025-12-12,2.45,2.461,2.441,2.453,147131000.0
2025-12-15,2.437,2.448,2.429,2.447,135379700.0
2025-12-16,2.429,2.438,2.411,2.42,123340900.0
2025-12-17,2.421,2.442,2.42,2.435,134127800.0
2025-12-18,2.412,2.428,2.41,2.426,116228600.0
2025-12-19,2.439,2.456,2.439,2.451,151540200.0
2025-12-22,2.47,2.471,2.455,2.456,191487300.0
2025-12-23,2.463,2.465,2.444,2.447,132927800.0
2025-12-24,2.456,2.459,2.448,2.455,111799500.0
2025-12-25,2.456,2.464,2.455,2.458,111414700.0
2025-12-26,2.461,2.464,2.453,2.461,81791500.0
2025-12-29,2.461,2.465,2.44,2.447,113945000.0
2025-12-30,2.444,2.451,2.426,2.439,106496600.0
2025-12-31,2.436,2.437,2.426,2.432,65588600.0
2026-01-05,2.437,2.469,2.435,2.468,133276500.0
2026-01-06,2.47,2.472,2.455,2.467,109696800.0
2026-01-07,2.47,2.477,2.462,2.465,100302700.0
2026-01-08,2.465,2.465,2.455,2.458,60872600.0
2026-01-09,2.458,2.46,2.451,2.46,72480100.0
2026-01-12,2.46,2.468,2.446,2.458,121319600.0
2026-01-13,2.458,2.461,2.454,2.46,104558200.0
2026-01-14,2.46,2.46,2.45,2.452,82280600.0
2026-01-15,2.44,2.447,2.434,2.445,90969300.0
2026-01-16,2.445,2.456,2.439,2.455,84031600.0
2026-01-19,2.446,2.452,2.435,2.441,89226600.0
2026-01-20,2.44,2.44,2.43,2.432,71874900.0
2026-01-21,2.41,2.437,2.408,2.427,146331500.0
2026-01-22,2.439,2.46,2.439,2.459,98656800.0
2026-01-23,2.463,2.468,2.431,2.434,235476000.0
2026-01-26,2.433,2.433,2.41,2.412,114789100.0
2026-01-27,2.422,2.429,2.42,2.424,73677500.0
2026-01-28,2.432,2.438,2.426,2.433,88987600.0
2026-01-29,2.432,2.437,2.411,2.425,86967000.0
2026-01-30,2.423,2.439,2.415,2.439,160927400.0
2026-02-02,2.435,2.435,2.358,2.364,244996900.0
2026-02-03,2.399,2.405,2.368,2.375,245208600.0
2026-02-04,2.355,2.38,2.344,2.375,108231600.0
2026-02-05,2.369,2.372,2.352,2.368,84309100.0
2026-02-06,2.34,2.348,2.324,2.326,165429800.0
2026-02-09,2.371,2.384,2.353,2.383,189499900.0
2026-02-10,2.384,2.399,2.378,2.394,83906400.0
2026-02-11,2.395,2.397,2.384,2.395,57500700.0
2026-02-12,2.393,2.4,2.385,2.389,87267700.0
2026-02-13,2.363,2.383,2.36,2.382,79642300.0
2026-02-24,2.381,2.391,2.362,2.385,94407500.0
2026-02-25,2.393,2.407,2.378,2.382,99451600.0
2026-02-26,2.391,2.394,2.379,2.384,72344400.0
2026-02-27,2.381,2.391,2.367,2.387,67473500.0
2026-03-02,2.375,2.379,2.356,2.358,120299500.0
2026-03-03,2.36,2.369,2.359,2.367,93460900.0
2026-03-04,2.355,2.355,2.338,2.338,85484200.0
2026-03-05,2.35,2.364,2.35,2.361,128753900.0
2026-03-06,2.358,2.358,2.335,2.35,103913200.0
2026-03-09,2.306,2.31,2.28,2.294,144454200.0
2026-03-10,2.32,2.325,2.302,2.311,123406200.0
2026-03-11,2.312,2.317,2.309,2.313,70604800.0
2026-03-12,2.304,2.327,2.3,2.318,105692300.0
2026-03-13,2.307,2.307,2.28,2.286,129937500.0
2026-03-16,2.284,2.285,2.27,2.279,134641900.0
2026-03-17,2.286,2.294,2.279,2.283,99019100.0
2026-03-18,2.292,2.296,2.281,2.284,128937900.0
2026-03-19,2.259,2.271,2.255,2.259,109260500.0
2026-03-20,2.258,2.27,2.242,2.244,103648300.0
2026-03-23,2.225,2.225,2.13,2.149,302526500.0
2026-03-24,2.171,2.195,2.161,2.19,231916000.0
2026-03-25,2.199,2.236,2.199,2.213,227394000.0
2026-03-26,2.222,2.23,2.215,2.219,92178000.0
2026-03-27,2.19,2.218,2.182,2.209,102602700.0
2026-03-30,2.159,2.18,2.156,2.171,186220300.0
2026-03-31,2.168,2.192,2.16,2.164,122851600.0
2026-04-01,2.217,2.244,2.203,2.238,190597700.0
2026-04-02,2.241,2.241,2.186,2.206,156582800.0
2026-04-03,2.223,2.227,2.205,2.206,85930600.0
2026-04-07,2.209,2.222,2.206,2.207,115843600.0
2026-04-08,2.261,2.292,2.257,2.29,197305100.0
2026-04-09,2.264,2.289,2.26,2.275,117298300.0
2026-04-10,2.3,2.312,2.29,2.294,100799400.0
2026-04-13,2.28,2.29,2.272,2.281,100511900.0
2026-04-14,2.314,2.319,2.305,2.313,121848300.0
2026-04-15,2.334,2.352,2.33,2.337,136340800.0
2026-04-16,2.362,2.366,2.357,2.365,144498700.0
2026-04-17,2.365,2.366,2.354,2.361,134805400.0
2026-04-20,2.372,2.376,2.358,2.36,130451400.0
2026-04-21,2.37,2.37,2.355,2.37,88868400.0
2026-04-22,2.369,2.377,2.358,2.373,95065100.0
2026-04-23,2.378,2.384,2.365,2.369,117981700.0
2026-04-24,2.37,2.372,2.362,2.366,65112400.0
2026-04-27,2.383,2.385,2.373,2.384,121304700.0
2026-04-28,2.385,2.41,2.384,2.407,141857200.0
2026-04-29,2.4,2.432,2.395,2.411,134828200.0
2026-04-30,2.42,2.431,2.411,2.419,104130800.0
2026-05-06,2.455,2.463,2.448,2.454,165096800.0
2026-05-07,2.469,2.483,2.469,2.482,150224300.0
2026-05-08,2.479,2.484,2.45,2.483,123838400.0
2026-05-11,2.493,2.497,2.483,2.492,160549000.0
2026-05-12,2.491,2.491,2.476,2.477,117757000.0
2026-05-13,2.475,2.489,2.469,2.488,104232900.0
2026-05-14,2.499,2.507,2.486,2.489,114681000.0
2026-05-15,2.491,2.505,2.473,2.48,181100400.0
2026-05-18,2.44,2.456,2.433,2.44,196760800.0
2026-05-19,2.441,2.452,2.432,2.44,116510400.0
2026-05-20,2.427,2.439,2.417,2.432,129522600.0
2026-05-21,2.454,2.469,2.448,2.452,149190400.0
2026-05-22,2.465,2.49,2.465,2.485,170167200.0
2026-05-25,2.531,2.548,2.515,2.546,296329800.0
2026-05-26,2.546,2.56,2.525,2.529,145797000.0
2026-05-27,2.545,2.552,2.535,2.541,119064100.0
2026-05-28,2.547,2.548,2.503,2.524,185024200.0
2026-05-29,2.537,2.558,2.536,2.557,164660600.0
2026-06-01,2.562,2.63,2.562,2.625,275565100.0
2026-06-02,2.636,2.671,2.591,2.611,366445200.0
2026-06-03,2.623,2.634,2.593,2.602,164112100.0
2026-06-04,2.564,2.575,2.555,2.566,142835900.0
2026-06-05,2.569,2.588,2.561,2.568,177183500.0
2026-06-08,2.499,2.525,2.49,2.515,225261900.0
2026-06-09,2.522,2.554,2.522,2.552,162088700.0
2026-06-10,2.522,2.54,2.501,2.515,140670500.0
2026-06-11,2.482,2.503,2.451,2.498,182908300.0
2026-06-12,2.55,2.558,2.512,2.515,156436800.0
2026-06-15,2.555,2.575,2.554,2.574,204362500.0
2026-06-16,2.581,2.596,2.576,2.586,181549000.0
2026-06-17,2.581,2.584,2.571,2.578,129394100.0
2026-06-18,2.57,2.57,2.557,2.564,142688500.0
2026-06-22,2.569,2.58,2.549,2.565,140705000.0
2026-06-23,2.54,2.552,2.496,2.505,173987200.0
2026-06-24,2.501,2.534,2.486,2.523,168622600.0
2026-06-25,2.528,2.535,2.506,2.518,137545500.0
2026-06-26,2.5,2.508,2.461,2.482,158690500.0
2026-06-29,2.492,2.498,2.469,2.478,232515000.0
2026-06-30,2.496,2.5,2.473,2.483,247897000.0
2026-07-01,2.498,2.5,2.486,2.491,135114000.0
2026-07-02,2.49,2.502,2.48,2.483,142586700.0
2026-07-03,2.49,2.509,2.488,2.503,151351100.0
2026-07-06,2.507,2.512,2.496,2.511,110843300.0
2026-07-07,2.52,2.529,2.511,2.528,153033000.0
2026-07-08,2.528,2.528,2.502,2.503,114288900.0
2026-07-09,2.497,2.515,2.497,2.515,85705900.0
2026-07-10,2.525,2.53,2.521,2.527,122934800.0
2026-07-13,2.531,2.533,2.514,2.522,100382700.0
2026-07-14,2.51,2.544,2.504,2.54,189197900.0
2026-07-15,2.543,2.566,2.542,2.564,167861700.0
2026-07-16,2.564,2.579,2.557,2.577,131842300.0
2026-07-17,2.548,2.554,2.5,2.503,193023900.0
2026-07-20,2.503,2.522,2.491,2.498,135175600.0
2026-07-21,2.507,2.543,2.503,2.526,210909200.0
2026-07-22,2.538,2.551,2.514,2.523,150389000.0
2026-07-23,2.532,2.533,2.515,2.524,127549000.0
2026-07-24,2.5,2.519,2.496,2.506,103375200.0
2026-07-27,2.508,2.521,2.504,2.52,114222300.0
2026-07-28,2.499,2.503,2.482,2.484,144912200.0
2026-07-29,2.495,2.511,2.486,2.511,104201500.0
2026-07-30,2.49,2.493,2.473,2.479,121102700.0
2026-07-31,2.522,2.523,2.506,2.509,154194000.0
2026-08-03,2.522,2.535,2.513,2.533,159549600.0
2026-08-04,2.563,2.583,2.562,2.582,193429300.0
2026-08-05,2.632,2.671,2.631,2.669,323425400.0
2026-08-06,2.658,2.696,2.618,2.69,302890800.0
2026-08-07,2.682,2.699,2.675,2.695,174322100.0
2026-08-10,2.695,2.719,2.695,2.696,186614600.0
2026-08-11,2.693,2.722,2.679,2.716,251716300.0
2026-08-12,2.705,2.716,2.681,2.698,193234600.0
