date,open,close,high,low,volume,turnover,amount
2023-03-20,1.0,0.997,1.002,0.995,246161200.0,0.0,246215800.00000003
2023-03-21,1.002,1.005,1.006,1.001,84593200.0,0.1557,84928300.0
2023-03-22,1.016,1.02,1.02,1.016,139878900.0,0.2588,142429200.0
2023-03-23,1.004,1.007,1.007,1.003,33837900.0,0.0709,34001100.0
2023-03-24,1.012,1.018,1.02,1.011,38851100.0,0.0922,39436300.0
2023-03-27,1.023,1.027,1.029,1.023,43762800.0,0.1144,44893800.0
2023-03-28,1.019,1.018,1.019,1.014,17843800.0,0.0482,18124200.0
2023-03-29,1.014,1.019,1.02,1.014,17124900.0,0.0464,17419400.0
2023-03-30,1.03,1.031,1.033,1.03,21572000.0,0.058600000000000006,22243900.0
2023-03-31,1.041,1.039,1.042,1.038,27514500.0,0.0889,28590000.0
2023-04-03,1.05,1.052,1.054,1.05,38642100.0,0.1282,40641500.0
2023-04-04,1.052,1.054,1.054,1.051,23779700.0,0.08220000000000001,25019899.999999996
2023-04-06,1.04,1.038,1.04,1.033,25334400.0,0.0875,26248000.0
2023-04-07,1.044,1.047,1.047,1.044,13200400.0,0.0462,13800200.0
2023-04-10,1.048,1.042,1.048,1.041,20723700.0,0.0726,21628100.0
2023-04-11,1.045,1.047,1.048,1.044,46757300.0,0.1661,48979900.0
2023-04-12,1.043,1.041,1.043,1.039,17776200.0,0.0672,18497500.0
2023-04-13,1.033,1.035,1.036,1.03,42698100.0,0.16210000000000002,44087200.0
2023-04-14,1.049,1.044,1.049,1.043,43517400.0,0.1509,45471600.0
2023-04-17,1.045,1.049,1.049,1.045,56147600.0,0.19469999999999998,58859200.0
2023-04-18,1.047,1.049,1.051,1.046,28682800.0,0.09939999999999999,30067700.0
2023-04-19,1.049,1.046,1.049,1.046,83399800.0,0.2891,87379400.0
2023-04-20,1.046,1.046,1.05,1.046,123707700.0,0.4289,129583900.0
2023-04-21,1.048,1.044,1.048,1.041,43609900.0,0.1512,45542400.0
2023-04-24,1.043,1.042,1.045,1.04,55555700.0,0.19260000000000002,57949399.99999999
2023-04-25,1.04,1.044,1.044,1.04,42355900.0,0.1578,44121400.0
2023-04-26,1.041,1.04,1.043,1.04,127556100.0,0.4422,132876100.0
2023-04-27,1.04,1.042,1.042,1.039,265169700.0,0.9162,275940200.0
2023-04-28,1.058,1.059,1.06,1.058,223779800.0,0.7731999999999999,236982700.0
2023-05-04,1.055,1.053,1.055,1.049,119240500.0,0.41200000000000003,125479000.0
2023-05-05,1.053,1.05,1.053,1.048,25856700.0,0.08929999999999999,27139400.0
2023-05-08,1.064,1.068,1.068,1.064,56478600.0,0.19510000000000002,60263600.0
2023-05-09,1.07,1.069,1.07,1.068,31803900.0,0.1099,33998200.0
2023-05-10,1.067,1.066,1.067,1.064,85597900.0,0.2957,91227600.0
2023-05-11,1.077,1.08,1.081,1.076,128856900.0,0.44520000000000004,139153800.0
2023-05-12,1.086,1.086,1.09,1.085,27649800.0,0.0955,30031300.0
2023-05-15,1.081,1.084,1.084,1.08,100635900.0,0.3477,108918400.0
2023-05-16,1.087,1.087,1.089,1.086,19391200.0,0.067,21081400.0
2023-05-17,1.094,1.096,1.097,1.094,54832800.0,0.1894,60135700.0
2023-05-18,1.111,1.111,1.112,1.107,73446500.0,0.25379999999999997,81499700.0
2023-05-19,1.136,1.135,1.143,1.134,60128600.0,0.2077,68503200.0
2023-05-22,1.134,1.13,1.134,1.128,26125500.0,0.09029999999999999,29512399.999999996
2023-05-23,1.138,1.14,1.144,1.138,121410700.0,0.41950000000000004,138548800.0
2023-05-24,1.139,1.123,1.139,1.122,72933600.0,0.252,82089500.0
2023-05-25,1.134,1.14,1.14,1.134,89742500.0,0.31010000000000004,101947600.0
2023-05-26,1.148,1.145,1.149,1.144,56084400.0,0.1931,64261899.99999999
2023-05-29,1.18,1.186,1.186,1.18,67447700.0,0.2322,79789500.0
2023-05-30,1.184,1.187,1.188,1.18,83212700.0,0.2865,98582600.0
2023-05-31,1.186,1.184,1.189,1.182,79371100.0,0.2733,94139100.0
2023-06-01,1.179,1.182,1.182,1.175,100865700.0,0.3461,118780500.0
2023-06-02,1.197,1.194,1.197,1.191,47559600.0,0.1632,56759600.0
2023-06-05,1.198,1.203,1.203,1.198,24506400.0,0.08410000000000001,29419500.0
2023-06-06,1.205,1.205,1.207,1.203,35466400.0,0.1217,42731000.0
2023-06-07,1.206,1.206,1.207,1.204,41839300.0,0.1436,50429000.0
2023-06-08,1.191,1.182,1.191,1.181,52350000.0,0.1796,62066200.0
2023-06-09,1.198,1.201,1.202,1.197,46853100.0,0.16079999999999997,56236100.0
2023-06-12,1.209,1.215,1.215,1.209,19699900.0,0.0676,23883800.0
2023-06-13,1.238,1.242,1.242,1.234,59871200.0,0.2054,74122900.0
2023-06-14,1.247,1.242,1.247,1.241,21438800.0,0.0733,26650000.0
2023-06-15,1.25,1.25,1.254,1.248,24900200.0,0.0849,31165300.000000004
2023-06-16,1.259,1.258,1.261,1.256,25592200.0,0.0806,32204899.999999996
2023-06-19,1.254,1.259,1.26,1.252,32173700.0,0.1014,40415800.0
2023-06-20,1.258,1.256,1.26,1.256,56512000.0,0.17800000000000002,71087600.0
2023-06-21,1.259,1.262,1.265,1.259,31886000.0,0.0858,40260500.0
2023-06-26,1.25,1.254,1.255,1.25,34053500.0,0.0917,42668500.0
2023-06-27,1.24,1.237,1.24,1.233,49328100.0,0.12050000000000001,60927500.0
2023-06-28,1.253,1.254,1.254,1.25,27850200.0,0.0664,34856300.0
2023-06-29,1.261,1.265,1.267,1.259,51069600.0,0.12179999999999999,64585400.0
2023-06-30,1.265,1.262,1.265,1.262,28283000.0,0.06570000000000001,35726900.0
2023-07-03,1.28,1.281,1.282,1.276,48584100.0,0.0959,62137500.0
2023-07-04,1.28,1.277,1.281,1.276,35821200.0,0.08259999999999999,45813800.0
2023-07-05,1.276,1.275,1.279,1.274,27552800.0,0.0636,35181500.0
2023-07-06,1.276,1.275,1.282,1.274,27789900.0,0.064,35520000.0
2023-07-07,1.267,1.267,1.271,1.267,34247200.0,0.0783,43440900.0
2023-07-10,1.26,1.257,1.261,1.256,65288100.0,0.1482,82157700.0
2023-07-11,1.26,1.263,1.264,1.259,23987100.0,0.0545,30274600.0
2023-07-12,1.264,1.266,1.266,1.263,22924000.0,0.052000000000000005,28988000.0
2023-07-13,1.277,1.281,1.283,1.277,52762700.0,0.1198,67568900.0
2023-07-14,1.294,1.291,1.295,1.29,46014200.0,0.1045,59461600.0
2023-07-17,1.292,1.299,1.299,1.291,22514500.0,0.0541,29160400.0
2023-07-18,1.309,1.31,1.31,1.305,46690200.0,0.1121,61076400.0
2023-07-19,1.326,1.333,1.334,1.325,92736800.0,0.2227,123253799.99999999
2023-07-20,1.323,1.313,1.323,1.313,70646700.0,0.1597,92972500.0
2023-07-21,1.288,1.293,1.293,1.287,57539400.0,0.1252,74215700.0
2023-07-24,1.292,1.292,1.294,1.289,51140300.0,0.11130000000000001,66073200.0
2023-07-25,1.292,1.287,1.292,1.284,45023600.0,0.0978,57890700.0
2023-07-26,1.29,1.293,1.294,1.29,28492600.0,0.061500000000000006,36814400.0
2023-07-27,1.292,1.299,1.299,1.291,75376800.0,0.16260000000000002,97605800.0
2023-07-28,1.292,1.292,1.294,1.29,77952300.0,0.1623,100694800.0
2023-07-31,1.308,1.307,1.31,1.303,62042900.0,0.1275,81032500.0
2023-08-01,1.309,1.312,1.314,1.309,49548400.0,0.10189999999999999,65027299.99999999
2023-08-02,1.309,1.299,1.309,1.298,54486800.0,0.11199999999999999,70999800.0
2023-08-03,1.28,1.28,1.289,1.278,36773100.0,0.0756,47196000.0
2023-08-04,1.284,1.289,1.29,1.28,42927100.0,0.0882,55202299.99999999
2023-08-07,1.282,1.281,1.282,1.279,31634800.0,0.0649,40513600.0
2023-08-08,1.284,1.282,1.287,1.282,29419400.0,0.0602,37781400.0
2023-08-09,1.28,1.282,1.282,1.279,28154300.0,0.0575,36037700.0
2023-08-10,1.269,1.269,1.271,1.265,39794600.0,0.08130000000000001,50447000.0
2023-08-11,1.271,1.273,1.274,1.268,34479500.0,0.0692,43808100.00000001
2023-08-14,1.268,1.266,1.268,1.262,31706100.0,0.0634,40073400.0
2023-08-15,1.283,1.287,1.29,1.283,37756100.0,0.08109999999999999,48616800.0
2023-08-16,1.273,1.273,1.275,1.271,44421900.0,0.095,56554600.0
2023-08-17,1.258,1.263,1.266,1.257,38209800.0,0.0814,48171800.0
2023-08-18,1.247,1.243,1.248,1.241,23570000.0,0.0499,29285800.0
2023-08-21,1.244,1.249,1.249,1.244,23048900.0,0.048799999999999996,28750700.0
2023-08-22,1.263,1.267,1.267,1.258,28861200.0,0.0611,36455200.0
2023-08-23,1.266,1.27,1.27,1.266,20109800.0,0.0425,25503900.0
2023-08-24,1.293,1.299,1.3,1.292,50940000.0,0.1076,66079300.0
2023-08-25,1.257,1.25,1.26,1.248,43909000.0,0.0926,55015400.0
2023-08-28,1.263,1.268,1.269,1.258,26972500.0,0.0541,34120500.0
2023-08-29,1.276,1.279,1.279,1.275,25762500.0,0.051699999999999996,32886500.0
2023-08-30,1.303,1.302,1.306,1.302,35781200.0,0.0718,46650500.0
2023-08-31,1.308,1.308,1.31,1.307,32211900.0,0.0646,42156600.0
2023-09-01,1.304,1.306,1.309,1.304,19366800.0,0.038599999999999995,25303200.0
2023-09-04,1.307,1.31,1.31,1.306,26125500.0,0.0521,34161300.0
2023-09-05,1.307,1.308,1.311,1.307,20692700.0,0.041299999999999996,27089699.999999996
2023-09-06,1.314,1.313,1.316,1.312,21959000.0,0.0467,28857900.0
2023-09-07,1.306,1.302,1.306,1.3,18056200.0,0.0384,23532500.0
2023-09-08,1.299,1.307,1.308,1.298,27006400.0,0.0574,35166100.0
2023-09-11,1.306,1.298,1.306,1.295,37181600.0,0.0789,48295900.0
2023-09-12,1.306,1.309,1.31,1.305,23992700.0,0.0509,31362399.999999996
2023-09-13,1.295,1.295,1.298,1.291,19959500.0,0.042300000000000004,25806900.0
2023-09-14,1.299,1.303,1.304,1.298,25414500.0,0.053899999999999997,33078400.0
2023-09-15,1.311,1.308,1.314,1.305,68979200.0,0.1463,90200400.00000001
2023-09-18,1.284,1.289,1.289,1.284,25268600.0,0.0535,32528100.0
2023-09-19,1.29,1.288,1.292,1.287,24089700.0,0.0487,31044899.999999996
2023-09-20,1.286,1.287,1.29,1.285,24917500.0,0.0487,32068700.0
2023-09-21,1.267,1.267,1.267,1.263,22970300.0,0.0449,29058000.0
2023-09-22,1.249,1.25,1.25,1.245,60473900.0,0.11800000000000001,75473700.0
2023-09-25,1.247,1.252,1.253,1.246,40765000.0,0.0791,50980800.0
2023-09-26,1.249,1.246,1.25,1.244,23549200.0,0.0471,29380500.0
2023-09-27,1.236,1.239,1.24,1.235,24735600.0,0.049400000000000006,30600000.0
2023-09-28,1.241,1.24,1.244,1.238,36717000.0,0.0729,45553600.0
2023-10-09,1.256,1.259,1.261,1.255,32164300.0,0.0639,40469200.0
2023-10-10,1.272,1.277,1.277,1.27,32482400.0,0.0645,41421400.0
2023-10-11,1.281,1.285,1.286,1.281,19315900.0,0.0436,24793100.0
2023-10-12,1.294,1.294,1.296,1.293,17863700.0,0.0403,23127300.0
2023-10-13,1.283,1.287,1.29,1.283,18866500.0,0.0425,24279400.0
2023-10-16,1.277,1.275,1.277,1.272,18498300.0,0.0417,23568100.0
2023-10-17,1.285,1.284,1.285,1.282,9633500.0,0.0217,12368500.0
2023-10-18,1.283,1.28,1.283,1.279,40472500.0,0.0913,51831899.99999999
2023-10-19,1.268,1.265,1.269,1.263,21025700.0,0.047400000000000005,26617100.0
2023-10-20,1.26,1.252,1.26,1.25,19400200.0,0.0437,24300800.0
2023-10-23,1.245,1.242,1.245,1.237,16997900.0,0.0383,21094800.0
2023-10-24,1.242,1.25,1.251,1.241,29804600.0,0.0672,37116900.0
2023-10-25,1.257,1.246,1.257,1.245,43657000.0,0.09849999999999999,54512800.0
2023-10-26,1.21,1.21,1.214,1.209,80159000.0,0.1808,97054800.0
2023-10-27,1.205,1.212,1.212,1.205,44930900.0,0.1013,54362200.0
2023-10-30,1.212,1.216,1.216,1.211,60003800.0,0.1353,72823800.0
2023-10-31,1.228,1.213,1.228,1.211,113576000.0,0.262,137902400.0
2023-11-01,1.219,1.226,1.226,1.219,33317300.0,0.07690000000000001,40749200.0
2023-11-02,1.248,1.25,1.252,1.248,76926000.0,0.1775,96225500.0
2023-11-03,1.263,1.264,1.265,1.262,24251300.0,0.0558,30639100.0
2023-11-06,1.277,1.278,1.279,1.275,20931600.0,0.0482,26734400.0
2023-11-07,1.277,1.278,1.28,1.277,43712000.0,0.10060000000000001,55902200.0
2023-11-08,1.289,1.29,1.292,1.289,50976200.0,0.1173,65765400.0
2023-11-09,1.291,1.297,1.297,1.29,30878200.0,0.0711,39945000.0
2023-11-10,1.292,1.285,1.292,1.284,39470900.0,0.0971,50720400.0
2023-11-13,1.313,1.31,1.314,1.307,48853900.0,0.1202,63934300.0
2023-11-14,1.31,1.313,1.314,1.309,15513100.0,0.0382,20351700.0
2023-11-15,1.336,1.333,1.338,1.331,30561400.0,0.07519999999999999,40750900.0
2023-11-16,1.33,1.33,1.331,1.328,20970000.0,0.0516,27882399.999999996
2023-11-17,1.331,1.33,1.332,1.33,13556800.0,0.0334,18041600.0
2023-11-20,1.324,1.316,1.324,1.314,28739600.0,0.0707,37848100.0
2023-11-21,1.33,1.329,1.331,1.328,11519900.0,0.028300000000000002,15312900.0
2023-11-22,1.319,1.319,1.319,1.317,34981700.0,0.0861,46112700.00000001
2023-11-23,1.327,1.327,1.329,1.326,50029100.0,0.1231,66391200.0
2023-11-24,1.329,1.328,1.33,1.327,9201000.0,0.0226,12223000.0
2023-11-27,1.32,1.321,1.323,1.319,67507200.0,0.17329999999999998,89115500.0
2023-11-28,1.322,1.325,1.326,1.322,30833400.0,0.07919999999999999,40834000.0
2023-11-29,1.325,1.325,1.326,1.323,16936500.0,0.0436,22429899.999999996
2023-11-30,1.325,1.324,1.326,1.323,21705300.0,0.0559,28749200.0
2023-12-01,1.317,1.32,1.32,1.316,19464100.0,0.0501,25664300.0
2023-12-04,1.32,1.32,1.322,1.319,17978200.0,0.0463,23736800.0
2023-12-05,1.312,1.308,1.312,1.307,26130100.0,0.07,34225400.0
2023-12-06,1.323,1.325,1.327,1.323,86603500.0,0.23190000000000002,114712099.99999999
2023-12-07,1.321,1.311,1.321,1.31,16112300.0,0.0431,21139899.999999996
2023-12-08,1.326,1.328,1.33,1.326,22234100.0,0.0594,29545500.0
2023-12-11,1.336,1.338,1.34,1.336,26445400.0,0.0706,35388400.0
2023-12-12,1.351,1.354,1.355,1.351,24193400.0,0.0646,32749100.0
2023-12-13,1.368,1.367,1.368,1.355,14748700.0,0.0394,20164200.0
2023-12-14,1.379,1.382,1.388,1.378,44807300.0,0.1197,61863700.0
2023-12-15,1.373,1.369,1.373,1.367,40309300.0,0.10769999999999999,55180100.0
2023-12-18,1.375,1.379,1.38,1.375,15534300.0,0.0415,21408500.0
2023-12-19,1.386,1.389,1.389,1.385,36464100.0,0.0974,50611200.0
2023-12-20,1.395,1.395,1.396,1.393,18650800.0,0.049800000000000004,26019200.0
2023-12-21,1.376,1.382,1.383,1.376,52383400.0,0.1399,72307200.0
2023-12-22,1.392,1.388,1.393,1.387,15397000.0,0.041100000000000005,21375400.0
2023-12-25,1.389,1.388,1.391,1.387,18034400.0,0.0482,25031900.0
2023-12-26,1.389,1.395,1.396,1.388,27698200.0,0.07400000000000001,38585000.0
2023-12-27,1.398,1.4,1.402,1.398,40155000.0,0.1072,56203100.00000001
2023-12-28,1.401,1.399,1.403,1.397,31854600.0,0.0851,44606500.0
2023-12-29,1.398,1.393,1.398,1.38,51639200.0,0.1379,71839200.0
2024-01-02,1.391,1.39,1.391,1.388,13754400.0,0.036699999999999997,19113100.0
2024-01-03,1.37,1.37,1.372,1.369,22168900.0,0.0592,30374500.0
2024-01-04,1.359,1.362,1.362,1.357,9725900.0,0.026000000000000002,13230200.0
2024-01-05,1.357,1.352,1.357,1.35,20320500.0,0.057699999999999994,27517399.999999996
2024-01-08,1.355,1.353,1.356,1.352,23681300.0,0.0672,32062199.999999996
2024-01-09,1.382,1.384,1.384,1.38,44725800.0,0.12689999999999999,61819600.0
2024-01-10,1.386,1.389,1.389,1.386,27148100.0,0.077,37683800.0
2024-01-11,1.398,1.403,1.404,1.398,48017000.0,0.1362,67307500.0
2024-01-12,1.399,1.399,1.4,1.396,34531900.0,0.098,48290700.0
2024-01-15,1.399,1.407,1.407,1.399,18406500.0,0.0519,25848200.0
2024-01-16,1.4,1.4,1.401,1.398,45611900.0,0.12869999999999998,63847700.00000001
2024-01-17,1.406,1.399,1.409,1.398,38988600.0,0.1082,54729000.0
2024-01-18,1.395,1.402,1.402,1.395,33065900.0,0.0858,46265500.0
2024-01-19,1.423,1.426,1.426,1.422,30550400.0,0.0732,43531100.0
2024-01-22,1.458,1.459,1.461,1.457,50642800.0,0.1213,73878900.0
2024-01-23,1.453,1.447,1.453,1.441,60235500.0,0.1371,87318200.0
2024-01-24,1.456,1.467,1.48,1.454,131751000.0,0.2868,193225500.0
2024-01-25,1.468,1.459,1.475,1.457,55111200.0,0.1174,80565700.0
2024-01-26,1.45,1.448,1.455,1.447,39604100.0,0.08259999999999999,57409799.99999999
2024-01-29,1.446,1.456,1.457,1.446,20843700.0,0.042699999999999995,30302800.000000004
2024-01-30,1.472,1.47,1.479,1.467,40512200.0,0.08130000000000001,59504900.0
2024-01-31,1.444,1.446,1.449,1.444,34660600.0,0.0684,50126400.0
2024-02-01,1.432,1.433,1.436,1.42,32958800.0,0.0638,47252000.0
2024-02-02,1.459,1.461,1.463,1.459,51817800.0,0.0984,75706300.0
2024-02-05,1.476,1.472,1.476,1.467,37847000.0,0.0718,55590800.0
2024-02-06,1.47,1.473,1.474,1.469,27707200.0,0.052199999999999996,40775300.0
2024-02-07,1.467,1.466,1.472,1.464,25090900.0,0.0471,36788900.0
2024-02-08,1.48,1.487,1.487,1.48,74057500.0,0.1388,109822600.0
2024-02-19,1.474,1.48,1.481,1.473,36851300.0,0.0691,54458500.0
2024-02-20,1.479,1.475,1.479,1.471,35691000.0,0.0669,52561700.0
2024-02-21,1.458,1.458,1.46,1.455,41565200.0,0.0776,60568500.0
2024-02-22,1.474,1.482,1.482,1.474,31851500.0,0.0593,47068100.00000001
2024-02-23,1.5,1.502,1.505,1.499,40122800.0,0.07400000000000001,60214799.99999999
2024-02-26,1.492,1.493,1.495,1.491,24078100.0,0.044199999999999996,35965400.0
2024-02-27,1.498,1.494,1.498,1.493,14006000.0,0.025699999999999997,20930400.0
2024-02-28,1.498,1.5,1.5,1.497,14298600.0,0.0262,21434500.0
2024-02-29,1.486,1.491,1.492,1.486,22441800.0,0.041100000000000005,33440400.0
2024-03-01,1.502,1.512,1.513,1.501,19185400.0,0.0352,28933500.0
2024-03-04,1.527,1.531,1.532,1.527,33830100.0,0.062,51748800.0
2024-03-05,1.52,1.518,1.52,1.515,32485800.0,0.061799999999999994,49281300.0
2024-03-06,1.501,1.503,1.504,1.496,66580800.0,0.1265,99924400.0
2024-03-07,1.501,1.5,1.502,1.499,48024700.0,0.0894,72067400.0
2024-03-08,1.525,1.524,1.525,1.521,43004100.0,0.0797,65513500.0
2024-03-11,1.501,1.502,1.503,1.498,50670500.0,0.09359999999999999,76019100.0
2024-03-12,1.504,1.505,1.505,1.5,21705800.0,0.0387,32623600.0
2024-03-13,1.518,1.518,1.519,1.515,75547100.0,0.1338,114587300.0
2024-03-14,1.507,1.512,1.512,1.507,48505700.0,0.08460000000000001,73217700.0
2024-03-15,1.503,1.499,1.503,1.497,36791900.0,0.0654,55156200.0
2024-03-18,1.487,1.495,1.495,1.486,41660800.0,0.0741,62095000.0
2024-03-19,1.494,1.495,1.497,1.491,36210100.0,0.0642,54093300.0
2024-03-20,1.5,1.501,1.503,1.499,27076900.0,0.0481,40621400.0
2024-03-21,1.525,1.535,1.535,1.524,51631800.0,0.09210000000000002,78971400.0
2024-03-22,1.533,1.536,1.536,1.53,32822800.0,0.0601,50325400.0
2024-03-25,1.536,1.528,1.537,1.527,40548100.0,0.0742,62037900.0
2024-03-26,1.529,1.533,1.533,1.527,31862100.0,0.0582,48733100.00000001
2024-03-27,1.53,1.53,1.531,1.526,31881300.0,0.0582,48776600.0
2024-03-28,1.533,1.53,1.534,1.527,20297300.0,0.037000000000000005,31024600.0
2024-03-29,1.529,1.527,1.529,1.525,12062800.0,0.022000000000000002,18409400.0
2024-04-01,1.535,1.538,1.538,1.532,21352200.0,0.038900000000000004,32790500.0
2024-04-02,1.533,1.531,1.533,1.528,19218300.0,0.0347,29412399.999999996
2024-04-03,1.519,1.517,1.519,1.514,23999000.0,0.0431,36385200.0
2024-04-08,1.518,1.517,1.519,1.515,16086900.0,0.028900000000000002,24403400.0
2024-04-09,1.515,1.52,1.52,1.515,17745000.0,0.0317,26930600.0
2024-04-10,1.523,1.524,1.525,1.521,15666500.0,0.0279,23869000.0
2024-04-11,1.508,1.511,1.511,1.506,24776800.0,0.043899999999999995,37400500.0
2024-04-12,1.533,1.535,1.536,1.533,21018300.0,0.037200000000000004,32241000.0
2024-04-15,1.512,1.517,1.518,1.512,21179700.0,0.0375,32068200.0
2024-04-16,1.49,1.483,1.49,1.478,35287500.0,0.0622,52328800.0
2024-04-17,1.485,1.482,1.49,1.478,23296200.0,0.0409,34603400.0
2024-04-18,1.469,1.477,1.477,1.467,22223100.0,0.0391,32710100.000000004
2024-04-19,1.463,1.448,1.463,1.43,94544800.0,0.166,135900300.0
2024-04-22,1.433,1.439,1.439,1.429,34823200.0,0.061,49951000.0
2024-04-23,1.444,1.444,1.445,1.438,35584200.0,0.0643,51272100.0
2024-04-24,1.472,1.477,1.477,1.472,24205800.0,0.0443,35711800.0
2024-04-25,1.459,1.453,1.459,1.449,19218300.0,0.0352,27922199.999999996
2024-04-26,1.474,1.478,1.48,1.472,22810100.0,0.0417,33709700.0
2024-04-29,1.488,1.49,1.493,1.488,33423200.0,0.0611,49795900.0
2024-04-30,1.489,1.49,1.491,1.488,12296000.0,0.0225,18316000.0
2024-05-06,1.492,1.496,1.496,1.49,15827400.0,0.028900000000000002,23611900.0
2024-05-07,1.508,1.509,1.511,1.506,19091300.0,0.0353,28810000.0
2024-05-08,1.509,1.512,1.512,1.509,11220500.0,0.0206,16954500.0
2024-05-09,1.511,1.507,1.511,1.506,9363100.0,0.0171,14125200.0
2024-05-10,1.512,1.517,1.517,1.512,10016900.0,0.019,15164600.0
2024-05-13,1.516,1.523,1.523,1.516,13179800.0,0.025,20040100.0
2024-05-14,1.523,1.522,1.523,1.519,14230600.0,0.0269,21636000.0
2024-05-15,1.532,1.529,1.532,1.528,18229400.0,0.0345,27897900.0
2024-05-16,1.552,1.554,1.555,1.551,19808900.0,0.038599999999999995,30761400.0
2024-05-17,1.549,1.55,1.552,1.549,10469100.0,0.0204,16235500.0
2024-05-20,1.552,1.554,1.554,1.55,6348200.0,0.0129,9856400.0
2024-05-21,1.562,1.561,1.563,1.56,55822500.0,0.1131,87187900.00000001
2024-05-22,1.566,1.569,1.569,1.566,10261000.0,0.0208,16088599.999999998
2024-05-23,1.574,1.582,1.584,1.573,51057100.0,0.10779999999999999,80694800.0
2024-05-24,1.564,1.559,1.564,1.558,24971000.0,0.0527,38991000.0
2024-05-27,1.572,1.577,1.577,1.571,27332800.0,0.0576,42996899.99999999
2024-05-28,1.578,1.58,1.581,1.578,21718500.0,0.0458,34281000.0
2024-05-29,1.58,1.575,1.581,1.574,15444700.0,0.0326,24354300.0
2024-05-30,1.56,1.556,1.564,1.556,27345400.0,0.0576,42662800.0
2024-05-31,1.544,1.551,1.551,1.542,23654200.0,0.0499,36610800.0
2024-06-03,1.558,1.561,1.562,1.556,31019700.0,0.0654,48342000.0
2024-06-04,1.561,1.555,1.562,1.555,14036100.0,0.029500000000000002,21888500.0
2024-06-05,1.562,1.567,1.569,1.562,16137200.0,0.0339,25286500.0
2024-06-06,1.6,1.596,1.6,1.594,23449100.0,0.049,37432100.0
2024-06-07,1.594,1.598,1.6,1.594,40704500.0,0.08470000000000001,64989500.0
2024-06-11,1.598,1.601,1.602,1.598,15715400.0,0.0327,25153600.0
2024-06-12,1.613,1.615,1.617,1.613,12025500.0,0.025,19421800.0
2024-06-13,1.645,1.647,1.648,1.643,42413600.0,0.08810000000000001,69735700.0
2024-06-14,1.647,1.645,1.648,1.645,14507600.0,0.0301,23877199.999999996
2024-06-17,1.652,1.653,1.653,1.65,14568700.0,0.030299999999999997,24061900.0
2024-06-18,1.67,1.674,1.675,1.668,33584800.0,0.0698,56149300.0
2024-06-19,1.676,1.679,1.681,1.676,31221200.0,0.0649,52390800.0
2024-06-20,1.679,1.687,1.689,1.679,35862100.0,0.0745,60465900.0
2024-06-21,1.664,1.665,1.666,1.661,37204700.0,0.0742,61902200.0
2024-06-24,1.659,1.66,1.66,1.653,39856000.0,0.0789,66003900.0
2024-06-25,1.639,1.647,1.647,1.636,46426000.0,0.0917,76184100.0
2024-06-26,1.667,1.667,1.668,1.662,48731400.0,0.0955,81115100.0
2024-06-27,1.66,1.659,1.663,1.658,64676700.0,0.1219,107376400.0
2024-06-28,1.672,1.677,1.678,1.672,50994500.0,0.091,85438700.00000001
2024-07-01,1.668,1.67,1.672,1.664,44356800.0,0.0751,74001500.0
2024-07-02,1.675,1.67,1.675,1.668,67313100.0,0.1085,112462500.0
2024-07-03,1.69,1.705,1.712,1.69,104416400.0,0.1605,177218800.0
2024-07-04,1.734,1.72,1.76,1.71,127062800.0,0.1867,220680600.0
2024-07-05,1.721,1.727,1.741,1.714,116073700.0,0.17059999999999997,199888300.00000003
2024-07-08,1.742,1.731,1.746,1.729,86934300.0,0.12240000000000001,150623400.0
2024-07-09,1.736,1.743,1.744,1.727,122921600.0,0.166,213120099.99999997
2024-07-10,1.743,1.737,1.743,1.735,49448300.0,0.0642,85884500.0
2024-07-11,1.75,1.755,1.755,1.747,93790200.0,0.11720000000000001,164296000.0
2024-07-12,1.699,1.701,1.706,1.696,111776000.0,0.1346,190175900.0
2024-07-15,1.714,1.733,1.734,1.714,134243400.0,0.156,231069100.0
2024-07-16,1.732,1.729,1.739,1.728,123566500.0,0.1388,214215200.0
2024-07-17,1.728,1.71,1.728,1.707,80586000.0,0.0876,138289700.0
2024-07-18,1.665,1.681,1.685,1.664,140373300.0,0.1477,234530099.99999997
2024-07-19,1.662,1.665,1.673,1.662,85510600.0,0.08810000000000001,142628400.0
2024-07-22,1.653,1.66,1.661,1.645,91298700.0,0.0922,150886900.0
2024-07-23,1.681,1.667,1.682,1.664,89200400.0,0.0883,149111400.0
2024-07-24,1.657,1.647,1.657,1.645,66291800.0,0.0643,109473400.0
2024-07-25,1.604,1.599,1.613,1.594,92192000.0,0.08779999999999999,147686700.0
2024-07-26,1.59,1.592,1.594,1.585,54851900.0,0.0512,87227900.00000001
2024-07-29,1.611,1.616,1.616,1.609,61172800.0,0.056100000000000004,98594599.99999999
2024-07-30,1.599,1.603,1.606,1.594,50304900.0,0.0455,80478900.0
2024-07-31,1.589,1.598,1.6,1.584,109139600.0,0.0974,173749600.0
2024-08-01,1.635,1.635,1.641,1.632,126522800.0,0.1114,207069700.0
2024-08-02,1.577,1.556,1.581,1.556,179078600.0,0.1557,280641200.0
2024-08-05,1.482,1.446,1.492,1.421,335509900.0,0.2879,489145899.99999994
2024-08-06,1.504,1.502,1.509,1.495,127926000.0,0.10859999999999999,192487300.0
2024-08-07,1.501,1.51,1.521,1.5,69283500.0,0.0596,104725300.0
2024-08-08,1.498,1.485,1.498,1.474,51548600.0,0.0438,76455100.0
2024-08-09,1.529,1.53,1.534,1.52,45824000.0,0.038900000000000004,70052600.0
2024-08-12,1.535,1.54,1.541,1.534,28690900.0,0.0241,44149300.0
2024-08-13,1.542,1.549,1.549,1.541,31593000.0,0.0265,48796400.0
2024-08-14,1.579,1.574,1.58,1.571,69406600.0,0.0583,109385400.00000001
2024-08-15,1.579,1.581,1.584,1.577,35635800.0,0.029500000000000002,56331300.0
2024-08-16,1.621,1.631,1.632,1.62,100015300.0,0.08259999999999999,162577300.0
2024-08-19,1.628,1.608,1.628,1.606,112427500.0,0.0917,181755500.0
2024-08-20,1.63,1.641,1.642,1.63,63529500.0,0.0512,103981200.00000001
2024-08-21,1.63,1.632,1.634,1.627,68633200.0,0.0547,111987099.99999999
2024-08-22,1.642,1.637,1.642,1.634,51349300.0,0.0404,84147200.0
2024-08-23,1.613,1.622,1.622,1.613,62212900.0,0.0484,100653900.0
2024-08-26,1.629,1.623,1.63,1.623,55671300.0,0.0431,90494599.99999999
2024-08-27,1.606,1.609,1.611,1.605,28805600.0,0.022099999999999998,46299700.0
2024-08-28,1.608,1.614,1.615,1.607,27560500.0,0.021099999999999997,44410500.0
2024-08-29,1.584,1.583,1.584,1.578,43266300.0,0.0332,68380000.0
2024-08-30,1.588,1.593,1.593,1.585,63452100.0,0.0487,100853300.0
2024-09-02,1.607,1.603,1.607,1.601,28043400.0,0.0215,45007800.0
2024-09-03,1.608,1.604,1.609,1.602,41917700.0,0.0322,67313600.0
2024-09-04,1.542,1.544,1.551,1.541,127091500.0,0.0977,196527400.00000003
2024-09-05,1.55,1.547,1.556,1.545,34275300.0,0.0264,53138400.0
2024-09-06,1.54,1.539,1.549,1.539,57138800.0,0.0447,88172700.0
2024-09-09,1.516,1.524,1.525,1.516,60470200.0,0.047400000000000005,91842800.0
2024-09-10,1.533,1.53,1.536,1.528,34365600.0,0.0269,52653700.0
2024-09-11,1.545,1.544,1.546,1.534,38139000.0,0.029900000000000003,58780700.0
2024-09-12,1.583,1.589,1.591,1.583,64290300.0,0.0512,102059100.0
2024-09-13,1.599,1.596,1.601,1.595,68190800.0,0.053899999999999997,109014500.0
2024-09-18,1.595,1.595,1.597,1.593,35046900.0,0.0277,55887299.99999999
2024-09-19,1.597,1.608,1.608,1.597,43036300.0,0.034,69020100.0
2024-09-20,1.621,1.613,1.622,1.611,51797300.0,0.041100000000000005,83731900.0
2024-09-23,1.618,1.619,1.625,1.617,48343700.0,0.0384,78391300.0
2024-09-24,1.623,1.617,1.623,1.612,50203700.0,0.0398,81120300.0
2024-09-25,1.613,1.61,1.615,1.608,40410200.0,0.0326,65118700.0
2024-09-26,1.627,1.64,1.641,1.627,50358000.0,0.0414,82172300.0
2024-09-27,1.629,1.618,1.629,1.611,47983300.0,0.04,77791100.0
2024-09-30,1.598,1.615,1.619,1.594,111657500.0,0.09539999999999998,180188700.0
2024-10-08,1.588,1.61,1.615,1.579,107826600.0,0.09210000000000002,173097500.0
2024-10-09,1.63,1.629,1.64,1.627,85842300.0,0.07440000000000001,140026300.0
2024-10-10,1.645,1.651,1.655,1.643,82019000.0,0.0726,135441500.0
2024-10-11,1.653,1.653,1.657,1.651,37611300.0,0.0342,62226899.99999999
2024-10-14,1.654,1.655,1.655,1.651,31760400.0,0.0297,52474399.99999999
2024-10-15,1.669,1.681,1.683,1.669,41687000.0,0.0401,69958700.0
2024-10-16,1.661,1.663,1.664,1.658,39819200.0,0.0393,66145000.0
2024-10-17,1.663,1.67,1.672,1.656,62174400.0,0.0633,103177500.0
2024-10-18,1.665,1.665,1.666,1.661,44288700.0,0.0451,73656200.0
2024-10-21,1.67,1.667,1.673,1.666,21363000.0,0.022000000000000002,35660000.0
2024-10-22,1.669,1.669,1.672,1.667,32939700.0,0.0339,55009799.99999999
2024-10-23,1.674,1.677,1.677,1.673,14305700.0,0.0149,23976800.0
2024-10-24,1.659,1.659,1.661,1.655,41141100.0,0.044199999999999996,68222900.0
2024-10-25,1.668,1.668,1.668,1.663,35343500.0,0.0379,58900100.0
2024-10-28,1.686,1.686,1.691,1.685,30986200.0,0.0333,52276300.0
2024-10-29,1.681,1.684,1.684,1.677,16424300.0,0.0176,27586000.0
2024-10-30,1.699,1.698,1.701,1.696,39707100.0,0.0426,67448700.0
2024-10-31,1.678,1.666,1.678,1.665,26323200.0,0.028300000000000002,44007600.0
2024-11-01,1.638,1.647,1.649,1.636,36660100.0,0.0394,60251300.0
2024-11-04,1.647,1.652,1.656,1.647,56022300.0,0.0602,92592500.0
2024-11-05,1.644,1.644,1.645,1.639,47546100.0,0.051100000000000007,78053000.0
2024-11-06,1.669,1.704,1.705,1.669,60489200.0,0.0649,102178799.99999999
2024-11-07,1.732,1.73,1.735,1.725,116944000.0,0.12560000000000002,202219600.0
2024-11-08,1.747,1.748,1.749,1.742,47036000.0,0.049699999999999994,82121800.0
2024-11-11,1.752,1.761,1.762,1.752,31517100.0,0.0332,55419799.99999999
2024-11-12,1.764,1.766,1.766,1.76,25271100.0,0.026600000000000002,44572100.0
2024-11-13,1.76,1.754,1.76,1.751,18344000.0,0.019299999999999998,32181800.0
2024-11-14,1.754,1.757,1.76,1.754,15940200.0,0.0168,28029200.0
2024-11-15,1.749,1.733,1.749,1.731,47447300.0,0.05,82426299.99999999
2024-11-18,1.713,1.721,1.721,1.712,24680100.0,0.026000000000000002,42355000.0
2024-11-19,1.717,1.722,1.724,1.713,25648300.0,0.027000000000000003,44117800.0
2024-11-20,1.733,1.737,1.738,1.732,27526600.0,0.028999999999999998,47732500.0
2024-11-21,1.727,1.726,1.73,1.721,26674100.0,0.0281,45992800.0
2024-11-22,1.737,1.737,1.739,1.733,23324400.0,0.025,40488700.0
2024-11-25,1.746,1.751,1.752,1.746,32458300.0,0.0348,56791200.0
2024-11-26,1.742,1.749,1.75,1.737,19002600.0,0.0203,33154300.0
2024-11-27,1.754,1.755,1.761,1.753,33327100.0,0.0345,58555100.0
2024-11-28,1.742,1.744,1.744,1.739,41379300.0,0.0429,72083500.0
2024-11-29,1.743,1.743,1.745,1.739,27112100.0,0.0278,47242700.00000001
2024-12-02,1.751,1.753,1.756,1.751,33948300.0,0.0348,59531400.0
2024-12-03,1.776,1.782,1.784,1.776,32200900.0,0.033,57348000.0
2024-12-04,1.788,1.789,1.791,1.787,37882500.0,0.0388,67753300.0
2024-12-05,1.804,1.804,1.807,1.801,25451500.0,0.026000000000000002,45916300.0
2024-12-06,1.8,1.798,1.8,1.794,26824200.0,0.0274,48214600.0
2024-12-09,1.813,1.82,1.822,1.813,28168100.0,0.0286,51235000.0
2024-12-10,1.796,1.795,1.799,1.792,118445200.0,0.1198,212704300.0
2024-12-11,1.793,1.797,1.797,1.791,47456500.0,0.0479,85084200.0
2024-12-12,1.826,1.826,1.827,1.824,71314700.0,0.07200000000000001,130143500.0
2024-12-13,1.823,1.83,1.831,1.823,66806400.0,0.0669,122071299.99999999
2024-12-16,1.832,1.839,1.839,1.832,103260900.0,0.10039999999999999,189647700.0
2024-12-17,1.864,1.876,1.88,1.864,139698100.0,0.132,261693700.0
2024-12-18,1.871,1.881,1.883,1.866,114148500.0,0.10490000000000001,214119900.00000003
2024-12-19,1.81,1.829,1.833,1.81,215897700.0,0.193,393999300.0
2024-12-20,1.82,1.793,1.822,1.792,193722000.0,0.16870000000000002,348716200.0
2024-12-23,1.82,1.848,1.849,1.82,145781200.0,0.12369999999999999,267273600.0
2024-12-24,1.878,1.859,1.879,1.836,211627900.0,0.1751,393382800.0
2024-12-25,1.881,1.904,1.908,1.872,156738600.0,0.1297,296113400.0
2024-12-26,1.911,1.918,1.922,1.885,202906800.0,0.1638,386777300.00000006
2024-12-27,1.904,1.9,1.912,1.891,143550400.0,0.11320000000000001,272495600.0
2024-12-30,1.862,1.869,1.879,1.86,113749700.0,0.0876,212730700.0
2024-12-31,1.849,1.851,1.861,1.838,219808400.0,0.1655,406827000.0
2025-01-02,1.842,1.876,1.877,1.842,201341700.0,0.1482,373559100.00000006
2025-01-03,1.875,1.856,1.875,1.845,146255600.0,0.10529999999999999,272625900.0
2025-01-06,1.89,1.907,1.909,1.876,169687900.0,0.11960000000000001,320763900.0
2025-01-07,1.927,1.884,1.935,1.883,328273400.0,0.2236,628037400.0
2025-01-08,1.85,1.866,1.869,1.85,213684100.0,0.1407,397708700.0
2025-01-09,1.866,1.864,1.866,1.853,67845400.0,0.0447,126105000.0
2025-01-10,1.855,1.861,1.881,1.851,191394100.0,0.12359999999999999,357273600.0
2025-01-13,1.843,1.803,1.843,1.802,127012000.0,0.0805,230748600.0
2025-01-14,1.821,1.83,1.831,1.809,157178300.0,0.0977,285776600.0
2025-01-15,1.819,1.813,1.819,1.808,126259900.0,0.0771,228922000.0
2025-01-16,1.868,1.859,1.868,1.846,192498400.0,0.11539999999999999,357148600.0
2025-01-17,1.836,1.85,1.851,1.835,204286200.0,0.12029999999999999,376594300.0
2025-01-20,1.87,1.88,1.886,1.866,157052100.0,0.0925,294234000.0
2025-01-21,1.88,1.879,1.887,1.863,132277200.0,0.07719999999999999,248535800.00000003
2025-01-22,1.89,1.887,1.891,1.885,130626800.0,0.0758,246601600.0
2025-01-23,1.895,1.874,1.9,1.871,126613800.0,0.073,238854700.0
2025-01-24,1.885,1.876,1.885,1.87,97188100.0,0.0557,182538100.0
2025-01-27,1.843,1.84,1.843,1.83,169184200.0,0.0965,310638300.0
2025-02-05,1.84,1.84,1.847,1.838,119353400.0,0.0677,220013400.0
2025-02-06,1.855,1.857,1.858,1.849,89270800.0,0.050300000000000004,165422500.0
2025-02-07,1.86,1.854,1.863,1.852,100316300.0,0.0562,186227900.0
2025-02-10,1.844,1.841,1.844,1.835,83533800.0,0.0466,153590800.0
2025-02-11,1.847,1.843,1.851,1.843,89453700.0,0.0495,165075300.0
2025-02-12,1.844,1.841,1.845,1.838,101396100.0,0.0556,186673400.0
2025-02-13,1.845,1.847,1.849,1.844,88105700.0,0.0479,162606200.0
2025-02-14,1.86,1.864,1.865,1.859,109805500.0,0.0592,204490200.0
2025-02-17,1.864,1.868,1.869,1.86,90498500.0,0.048799999999999996,168689300.0
2025-02-18,1.868,1.881,1.884,1.866,93018600.0,0.049800000000000004,174111800.0
2025-02-19,1.878,1.873,1.878,1.871,87689700.0,0.0466,164274800.0
2025-02-20,1.869,1.861,1.869,1.857,101422300.0,0.053399999999999996,188792400.00000003
2025-02-21,1.852,1.852,1.854,1.846,93017100.0,0.048600000000000004,172030500.0
2025-02-24,1.817,1.822,1.824,1.816,112151700.0,0.0582,204053900.0
2025-02-25,1.799,1.794,1.799,1.792,94352700.0,0.048499999999999995,169272200.0
2025-02-26,1.777,1.782,1.785,1.774,115339400.0,0.0593,205294800.0
2025-02-27,1.775,1.789,1.79,1.773,84799000.0,0.0432,150854200.0
2025-02-28,1.74,1.731,1.74,1.727,236945000.0,0.12029999999999999,410778600.0
2025-03-03,1.754,1.768,1.769,1.753,96962100.0,0.049100000000000005,170731699.99999997
2025-03-04,1.724,1.731,1.732,1.719,142268400.0,0.0729,245518700.0
2025-03-05,1.728,1.727,1.73,1.718,239547400.0,0.12179999999999999,412992600.0
2025-03-06,1.732,1.728,1.733,1.726,120031000.0,0.060599999999999994,207551000.0
2025-03-07,1.689,1.687,1.693,1.685,92476100.0,0.0463,156229700.0
2025-03-10,1.683,1.686,1.691,1.679,92929600.0,0.0462,156736700.0
2025-03-11,1.61,1.628,1.632,1.61,223787100.0,0.1104,362329800.00000006
2025-03-12,1.625,1.626,1.628,1.621,110557900.0,0.0542,179600099.99999997
2025-03-13,1.641,1.628,1.644,1.621,130540900.0,0.0635,213086300.0
2025-03-14,1.622,1.628,1.629,1.62,179596000.0,0.08810000000000001,292061100.0
2025-03-17,1.641,1.637,1.646,1.636,89204300.0,0.0435,146235600.0
2025-03-18,1.648,1.655,1.656,1.646,87533100.0,0.0426,144540700.0
2025-03-19,1.639,1.637,1.641,1.635,65283400.0,0.0315,106917000.0
2025-03-20,1.657,1.666,1.668,1.657,120103000.0,0.0576,199901800.0
2025-03-21,1.654,1.654,1.659,1.649,101648400.0,0.0484,168079100.0
2025-03-24,1.671,1.683,1.683,1.671,160548000.0,0.0759,269434600.0
2025-03-25,1.709,1.703,1.71,1.697,224327900.0,0.10529999999999999,381825300.0
2025-03-26,1.713,1.707,1.715,1.705,86989700.0,0.0406,148685700.0
2025-03-27,1.67,1.678,1.679,1.67,97131800.0,0.045,162812100.0
2025-03-28,1.669,1.663,1.672,1.662,114668000.0,0.0527,191089700.0
2025-03-31,1.606,1.597,1.614,1.596,161487600.0,0.0738,258315300.0
2025-04-01,1.607,1.62,1.621,1.607,97995300.0,0.044500000000000005,158120300.0
2025-04-02,1.631,1.631,1.638,1.63,77661700.0,0.035,126795300.0
2025-04-03,1.595,1.598,1.605,1.593,155600200.0,0.0696,248679300.0
2025-04-07,1.438,1.438,1.438,1.438,31314800.0,0.0139,45030700.0
2025-04-08,1.486,1.496,1.506,1.484,155585300.0,0.0695,232344600.0
2025-04-09,1.427,1.452,1.454,1.421,352450000.0,0.1563,506973500.0
2025-04-10,1.597,1.597,1.597,1.597,91585100.0,0.0404,146261400.0
2025-04-11,1.532,1.576,1.583,1.526,224607700.0,0.099,349065899.99999994
2025-04-14,1.6,1.607,1.609,1.592,113111500.0,0.0496,181094100.0
2025-04-15,1.592,1.588,1.594,1.584,106214500.0,0.0463,168768400.0
2025-04-16,1.572,1.562,1.577,1.557,105710500.0,0.0458,165834300.0
2025-04-17,1.55,1.56,1.565,1.55,93520100.0,0.04019999999999999,145582700.0
2025-04-18,1.552,1.553,1.556,1.547,42309300.0,0.0182,65649900.0
2025-04-21,1.536,1.533,1.541,1.53,113844300.0,0.048600000000000004,174692700.0
2025-04-22,1.519,1.531,1.532,1.513,122324000.0,0.0519,185868900.0
2025-04-23,1.569,1.578,1.579,1.563,136176300.0,0.0576,213997300.0
2025-04-24,1.583,1.57,1.583,1.569,105668300.0,0.044500000000000005,166502200.0
2025-04-25,1.625,1.631,1.632,1.619,155081500.0,0.065,252260900.0
2025-04-28,1.626,1.636,1.637,1.621,83700300.0,0.0349,136398900.0
2025-04-29,1.638,1.635,1.645,1.633,83314100.0,0.0347,136518200.0
2025-04-30,1.636,1.635,1.637,1.63,79121900.0,0.033,129244900.0
2025-05-06,1.661,1.656,1.662,1.653,97183400.0,0.0407,161053000.0
2025-05-07,1.662,1.658,1.664,1.657,102214400.0,0.042800000000000005,169736000.0
2025-05-08,1.672,1.68,1.681,1.668,94580200.0,0.039599999999999996,158464800.0
2025-05-09,1.68,1.682,1.686,1.678,73194500.0,0.030699999999999998,123070900.0
2025-05-12,1.709,1.711,1.713,1.704,124127800.0,0.052000000000000005,212074400.0
2025-05-13,1.74,1.725,1.74,1.724,120372500.0,0.050199999999999995,208132300.0
2025-05-14,1.758,1.773,1.774,1.756,125875000.0,0.0525,222253700.0
2025-05-15,1.773,1.767,1.776,1.766,116522700.0,0.048600000000000004,206315900.0
2025-05-16,1.767,1.768,1.772,1.767,83493700.0,0.0348,147769000.0
2025-05-19,1.762,1.757,1.766,1.756,149557500.0,0.06269999999999999,263407100.0
2025-05-20,1.776,1.779,1.783,1.775,103658200.0,0.0435,184421600.0
2025-05-21,1.776,1.764,1.776,1.763,66988700.0,0.0288,118532400.0
2025-05-22,1.752,1.755,1.757,1.749,105389800.0,0.046,184758300.00000003
2025-05-23,1.755,1.75,1.757,1.747,59988100.0,0.0265,105105200.0
2025-05-26,1.753,1.754,1.755,1.747,73610000.0,0.0325,128883300.0
2025-05-27,1.753,1.761,1.761,1.75,76352700.0,0.0342,134009800.0
2025-05-28,1.779,1.777,1.782,1.776,76642200.0,0.0345,136364800.0
2025-05-29,1.804,1.806,1.81,1.803,79018200.0,0.0356,142744400.0
2025-05-30,1.767,1.768,1.775,1.764,82480400.0,0.037200000000000004,145929100.0
2025-06-03,1.781,1.778,1.784,1.776,61269300.0,0.0279,109005300.0
2025-06-04,1.794,1.796,1.798,1.791,46324000.0,0.021099999999999997,83122300.0
2025-06-05,1.797,1.797,1.799,1.794,32649500.0,0.0152,58681500.0
2025-06-06,1.785,1.792,1.794,1.782,68520400.0,0.0319,122532600.0
2025-06-09,1.801,1.8,1.801,1.797,43302400.0,0.0203,77893400.0
2025-06-10,1.811,1.804,1.817,1.801,89317800.0,0.042300000000000004,161693400.0
2025-06-11,1.812,1.812,1.814,1.81,39822900.0,0.019,72162800.0
2025-06-12,1.803,1.807,1.807,1.801,45921800.0,0.022000000000000002,82874400.0
2025-06-13,1.784,1.786,1.789,1.776,144022300.0,0.0689,256884000.0
2025-06-16,1.793,1.799,1.801,1.792,64142400.0,0.030699999999999998,115221700.0
2025-06-17,1.806,1.808,1.813,1.804,89270900.0,0.0432,161422600.0
2025-06-18,1.801,1.803,1.806,1.801,30105200.0,0.0146,54267600.0
2025-06-19,1.792,1.793,1.797,1.79,50367100.0,0.024399999999999998,90310600.0
2025-06-20,1.793,1.795,1.799,1.79,40085400.0,0.0195,71906400.0
2025-06-23,1.783,1.79,1.791,1.781,34624700.0,0.0169,61817800.0
2025-06-24,1.819,1.832,1.833,1.819,78839100.0,0.038900000000000004,143882900.0
2025-06-25,1.835,1.836,1.837,1.831,41837700.0,0.0209,76745500.0
2025-06-26,1.837,1.845,1.845,1.836,44567100.0,0.0226,81999400.0
2025-06-27,1.858,1.862,1.863,1.855,73283200.0,0.037200000000000004,136240400.0
2025-06-30,1.871,1.872,1.874,1.867,77410200.0,0.0393,144748100.0
2025-07-01,1.873,1.868,1.873,1.866,59072000.0,0.0304,110439900.0
2025-07-02,1.86,1.864,1.865,1.855,66928100.0,0.0344,124475100.0
2025-07-03,1.87,1.873,1.873,1.868,35782000.0,0.0184,66943000.0
2025-07-04,1.887,1.881,1.888,1.88,47354700.0,0.024399999999999998,89211500.0
2025-07-07,1.88,1.88,1.882,1.877,35492300.0,0.0183,66709900.0
2025-07-08,1.877,1.88,1.881,1.875,91669200.0,0.0472,172098000.0
2025-07-09,1.875,1.878,1.878,1.873,51523700.0,0.0273,96670100.0
2025-07-10,1.885,1.886,1.888,1.884,44384100.0,0.023799999999999998,83728300.0
2025-07-11,1.882,1.881,1.883,1.878,40142900.0,0.0215,75483200.0
2025-07-14,1.873,1.872,1.875,1.869,44139600.0,0.0239,82629500.0
2025-07-15,1.884,1.899,1.9,1.884,66991500.0,0.0368,126817000.0
2025-07-16,1.89,1.886,1.892,1.885,37877800.0,0.021,71550500.0
2025-07-17,1.891,1.901,1.901,1.889,41021000.0,0.0227,77736300.0
2025-07-18,1.909,1.913,1.915,1.908,30338700.0,0.0169,57999799.99999999
2025-07-21,1.914,1.912,1.915,1.91,23091200.0,0.0129,44139100.0
2025-07-22,1.919,1.915,1.919,1.913,40337000.0,0.0226,77265400.0
2025-07-23,1.907,1.911,1.911,1.905,39812800.0,0.0223,75947500.0
2025-07-24,1.919,1.912,1.919,1.911,23488400.0,0.013300000000000001,44981500.0
2025-07-25,1.916,1.918,1.921,1.916,29449200.0,0.0166,56500500.0
2025-07-28,1.93,1.934,1.936,1.93,30954800.0,0.0175,59850900.0
2025-07-29,1.934,1.935,1.936,1.932,27697900.0,0.015600000000000001,53565900.0
2025-07-30,1.931,1.93,1.932,1.927,25903500.0,0.0146,49984300.0
2025-07-31,1.959,1.96,1.961,1.956,49178200.0,0.0278,96320400.00000001
2025-08-01,1.926,1.921,1.93,1.921,78126700.0,0.044199999999999996,150410800.0
2025-08-04,1.89,1.893,1.893,1.888,73589200.0,0.0416,139134400.0
2025-08-05,1.921,1.926,1.926,1.92,55373200.0,0.0313,106462700.0
2025-08-06,1.902,1.912,1.913,1.902,44765800.0,0.0253,85393300.0
2025-08-07,1.934,1.931,1.936,1.928,41735000.0,0.023799999999999998,80635500.0
2025-08-08,1.939,1.94,1.942,1.936,38023600.0,0.0217,73753100.0
2025-08-11,1.956,1.959,1.96,1.955,37540300.0,0.021400000000000002,73490800.0
2025-08-12,1.953,1.953,1.953,1.947,58846200.0,0.0335,114783799.99999999
2025-08-13,1.972,1.974,1.974,1.971,40168700.0,0.023,79235000.0
2025-08-14,1.97,1.968,1.971,1.966,36345200.0,0.0208,71537200.0
2025-08-15,1.968,1.975,1.976,1.968,21867800.0,0.0125,43120800.0
2025-08-18,1.97,1.964,1.97,1.964,137063100.0,0.0781,269709900.0
2025-08-19,1.964,1.959,1.964,1.955,55817400.0,0.0318,109349400.0
2025-08-20,1.927,1.929,1.93,1.924,91342300.0,0.052000000000000005,176044800.0
2025-08-21,1.92,1.929,1.93,1.919,81149900.0,0.0461,156131300.0
2025-08-22,1.92,1.913,1.92,1.907,79116400.0,0.0447,151571200.0
2025-08-25,1.942,1.938,1.944,1.937,84945000.0,0.04769999999999999,164811900.0
2025-08-26,1.929,1.931,1.932,1.927,55893800.0,0.0313,107849900.0
2025-08-27,1.941,1.947,1.948,1.939,47565700.0,0.0265,92412099.99999999
2025-08-28,1.937,1.939,1.941,1.936,43004700.0,0.023799999999999998,83355000.0
2025-08-29,1.944,1.945,1.947,1.943,28445100.0,0.0158,55313400.0
2025-09-01,1.931,1.925,1.932,1.917,40725200.0,0.0226,78364500.0
2025-09-02,1.927,1.925,1.927,1.923,28142200.0,0.015600000000000001,54166200.0
2025-09-03,1.916,1.923,1.924,1.912,34626400.0,0.0192,66397600.0
2025-09-04,1.935,1.929,1.935,1.928,35491600.0,0.0197,68537900.0
2025-09-05,1.948,1.952,1.952,1.946,33526000.0,0.018600000000000002,65345900.0
2025-09-08,1.947,1.949,1.95,1.946,26450900.0,0.0148,51529500.0
2025-09-09,1.951,1.955,1.956,1.949,21806500.0,0.012199999999999999,42571600.0
2025-09-10,1.962,1.962,1.962,1.957,28685900.0,0.0161,56227400.0
2025-09-11,1.96,1.959,1.961,1.956,30254100.0,0.0169,59249300.0
2025-09-12,1.965,1.967,1.969,1.965,30641900.0,0.0172,60272400.0
2025-09-15,1.976,1.98,1.98,1.974,24248100.0,0.013600000000000001,47933000.0
2025-09-16,1.991,1.994,1.996,1.991,26593800.0,0.015,53014399.99999999
2025-09-17,1.992,1.987,1.992,1.984,32558900.0,0.0184,64659000.0
2025-09-18,1.989,1.996,1.998,1.989,40581800.0,0.0229,80921600.0
2025-09-19,2.004,2.003,2.009,2.002,42539600.0,0.024,85307700.0
2025-09-22,2.014,2.018,2.021,2.014,70553600.0,0.0397,142407500.0
2025-09-23,2.031,2.038,2.04,2.031,95066400.0,0.053200000000000004,193437800.0
2025-09-24,2.02,2.029,2.029,2.018,79702800.0,0.0443,161170300.0
2025-09-25,2.025,2.018,2.025,2.017,71310300.0,0.0395,144088300.0
2025-09-26,2.01,2.013,2.014,2.007,58219500.0,0.032,117010400.00000001
2025-09-29,2.023,2.029,2.03,2.022,48104400.0,0.0263,97446100.0
2025-09-30,2.031,2.036,2.037,2.029,66513200.0,0.0362,135238800.0
2025-10-09,2.075,2.075,2.077,2.067,59048000.0,0.032,122306500.0
2025-10-10,2.076,2.075,2.079,2.069,136714000.0,0.0736,283661200.0
2025-10-13,2.03,2.04,2.042,2.028,238662900.0,0.1278,485474200.0
2025-10-14,2.059,2.018,2.059,2.018,213302300.0,0.11359999999999999,434761600.00000006
2025-10-15,2.023,2.04,2.041,2.023,117004200.0,0.062,237707599.99999997
2025-10-16,2.04,2.057,2.058,2.034,91792000.0,0.0484,187636300.0
2025-10-17,2.038,2.021,2.042,2.02,147129500.0,0.0771,298437600.0
2025-10-20,2.054,2.068,2.068,2.052,126312200.0,0.066,260173200.0
2025-10-21,2.09,2.083,2.093,2.08,136002800.0,0.0709,283678200.0
2025-10-22,2.078,2.107,2.117,2.075,201655700.0,0.1052,422336400.0
2025-10-23,2.091,2.104,2.106,2.083,106576800.0,0.0554,223268900.0
2025-10-24,2.123,2.139,2.142,2.112,182027700.0,0.0942,387725400.0
2025-10-27,2.175,2.216,2.218,2.172,316225300.0,0.1632,693037899.9999999
2025-10-28,2.255,2.215,2.256,2.189,201549400.0,0.1039,448131300.0
2025-10-29,2.241,2.255,2.255,2.228,101165800.0,0.0521,226827000.0
2025-10-30,2.249,2.229,2.264,2.224,157093800.0,0.0808,352668800.0
2025-10-31,2.226,2.228,2.239,2.215,97047800.0,0.0499,215948900.0
2025-11-03,2.233,2.227,2.235,2.223,70865900.0,0.0364,158030300.0
2025-11-04,2.223,2.19,2.231,2.176,103760100.0,0.053200000000000004,228056000.0
2025-11-05,2.121,2.162,2.167,2.12,178244400.0,0.0913,382733399.99999994
2025-11-06,2.175,2.204,2.205,2.17,97817300.0,0.0501,214147100.0
2025-11-07,2.165,2.178,2.184,2.162,104877600.0,0.0536,227894800.0
2025-11-10,2.199,2.214,2.216,2.195,121581400.0,0.0621,267992200.0
2025-11-11,2.241,2.223,2.244,2.214,124292700.0,0.0634,276870700.0
2025-11-12,2.231,2.238,2.238,2.226,83941700.0,0.042800000000000005,187350700.0
2025-11-13,2.238,2.237,2.238,2.224,85125100.0,0.0434,189900300.0
2025-11-14,2.2,2.182,2.2,2.178,135473800.0,0.0689,296681200.0
2025-11-17,2.199,2.16,2.202,2.149,235826900.0,0.1199,514094500.0
2025-11-18,2.133,2.087,2.133,2.085,254437000.0,0.1292,536835199.99999994
2025-11-19,2.072,2.092,2.105,2.072,179278300.0,0.0909,374496800.0
2025-11-20,2.148,2.17,2.171,2.14,168446200.0,0.08539999999999999,363147400.0
2025-11-21,2.08,2.098,2.11,2.078,214139500.0,0.1084,447914200.0
2025-11-24,2.128,2.119,2.128,2.102,90409100.0,0.045700000000000005,191125700.0
2025-11-25,2.165,2.164,2.171,2.158,112799600.0,0.057,244220600.0
2025-11-26,2.178,2.193,2.195,2.177,77300600.0,0.039,169086500.0
2025-11-27,2.206,2.184,2.206,2.181,87831400.0,0.0443,192637800.0
2025-11-28,2.195,2.205,2.205,2.189,52598500.0,0.0265,115505000.0
2025-12-01,2.197,2.192,2.201,2.18,114984400.0,0.057999999999999996,251928300.00000003
2025-12-02,2.203,2.191,2.204,2.187,62008400.0,0.0313,135938100.0
2025-12-03,2.203,2.218,2.219,2.202,99232200.0,0.05,219443000.0
2025-12-04,2.216,2.217,2.219,2.206,76515800.0,0.0385,169396900.0
2025-12-05,2.218,2.213,2.219,2.211,61219300.0,0.0308,135507200.0
2025-12-08,2.213,2.205,2.214,2.202,63751700.0,0.032,140738100.0
2025-12-09,2.191,2.174,2.199,2.172,95385100.0,0.0478,207779300.0
2025-12-10,2.17,2.187,2.195,2.17,71689900.0,0.0359,156587600.0
2025-12-11,2.187,2.166,2.192,2.159,105092300.0,0.0525,228693200.0
2025-12-12,2.177,2.173,2.177,2.167,54549800.0,0.027200000000000002,118553100.0
2025-12-15,2.139,2.155,2.156,2.137,57449800.0,0.0286,123451600.0
2025-12-16,2.141,2.122,2.141,2.115,78934200.0,0.0393,167664500.0
2025-12-17,2.126,2.147,2.148,2.126,77993700.0,0.0388,166922900.0
2025-12-18,2.116,2.123,2.125,2.11,65550300.0,0.0325,138840300.0
2025-12-19,2.147,2.148,2.149,2.139,64088400.0,0.0318,137382400.0
2025-12-22,2.185,2.191,2.192,2.172,70742600.0,0.035,154594900.0
2025-12-23,2.195,2.177,2.195,2.174,49849300.0,0.0246,108662500.0
2025-12-24,2.187,2.173,2.187,2.168,48973900.0,0.0242,106526299.99999999
2025-12-25,2.173,2.161,2.174,2.159,60559600.0,0.029900000000000003,130997099.99999999
2025-12-26,2.165,2.159,2.167,2.156,45619600.0,0.0225,98502400.0
2025-12-29,2.155,2.143,2.155,2.139,42706400.0,0.021,91456600.0
2025-12-30,2.144,2.141,2.147,2.124,74235300.0,0.0365,158182300.0
2025-12-31,2.129,2.126,2.135,2.121,69195600.0,0.0339,147165800.0
2026-01-05,2.136,2.154,2.156,2.128,78250200.0,0.0383,167955099.99999997
2026-01-06,2.154,2.156,2.156,2.143,73750700.0,0.0361,158704300.0
2026-01-07,2.163,2.152,2.165,2.152,53303200.0,0.026000000000000002,115031600.0
2026-01-08,2.15,2.139,2.153,2.137,68260200.0,0.0333,146372700.0
2026-01-09,2.136,2.139,2.143,2.127,54452500.0,0.026600000000000002,116296200.00000001
2026-01-12,2.14,2.138,2.142,2.132,78008400.0,0.038,166704300.0
2026-01-13,2.139,2.157,2.159,2.134,74428500.0,0.0363,159642500.0
2026-01-14,2.153,2.141,2.153,2.14,65577000.0,0.0319,140527800.0
2026-01-15,2.129,2.145,2.148,2.125,78988700.0,0.0385,168591400.0
2026-01-16,2.145,2.139,2.15,2.135,41953000.0,0.0204,89847600.0
2026-01-19,2.114,2.12,2.13,2.112,51135200.0,0.024900000000000002,108407099.99999999
2026-01-20,2.121,2.105,2.122,2.103,61025000.0,0.0297,128829300.0
2026-01-21,2.102,2.096,2.102,2.078,80325900.0,0.039,168104300.0
2026-01-22,2.119,2.131,2.137,2.118,79075100.0,0.0384,168362100.0
2026-01-23,2.134,2.124,2.138,2.121,56600400.0,0.0275,120506100.0
2026-01-26,2.118,2.107,2.118,2.105,60116400.0,0.0292,126759900.0
2026-01-27,2.124,2.134,2.139,2.119,63904500.0,0.031,136125700.0
2026-01-28,2.149,2.155,2.157,2.147,62262500.0,0.0302,133997300.0
2026-01-29,2.143,2.139,2.148,2.136,63234000.0,0.030600000000000002,135384600.0
2026-01-30,2.124,2.122,2.132,2.11,67436400.0,0.0327,143020100.0
2026-02-02,2.1,2.071,2.108,2.066,103619900.0,0.050199999999999995,216793800.0
2026-02-03,2.109,2.118,2.119,2.101,52871800.0,0.0256,111662900.00000001
2026-02-04,2.088,2.102,2.103,2.076,41846500.0,0.0202,87315800.0
2026-02-05,2.078,2.079,2.083,2.064,62807200.0,0.0304,130283799.99999999
2026-02-06,2.03,2.041,2.054,2.027,72033000.0,0.0348,147128400.0
2026-02-09,2.082,2.084,2.085,2.077,39312400.0,0.019,81867300.0
2026-02-10,2.091,2.087,2.095,2.086,24817700.0,0.012,51859300.0
2026-02-11,2.084,2.089,2.091,2.079,20384800.0,0.0098,42491600.0
2026-02-12,2.089,2.079,2.095,2.073,39513700.0,0.0191,82296700.0
2026-02-13,2.046,2.069,2.07,2.043,65097600.0,0.031400000000000004,133790900.0
2026-02-24,2.059,2.055,2.064,2.043,32375800.0,0.015600000000000001,66399900.0
2026-02-25,2.07,2.061,2.073,2.059,30153100.0,0.014499999999999999,62241600.0
2026-02-26,2.075,2.069,2.08,2.068,57107500.0,0.0275,118380300.0
2026-02-27,2.054,2.05,2.057,2.046,58199000.0,0.027999999999999997,119266299.99999999
2026-03-02,2.034,2.026,2.041,2.023,58734500.0,0.0282,119348600.0
2026-03-03,2.036,2.014,2.037,2.012,61523600.0,0.0296,124554700.0
2026-03-04,2.002,1.994,2.018,1.992,54856700.0,0.0264,110019100.0
2026-03-05,2.03,2.036,2.04,2.021,57596000.0,0.0277,117094900.0
2026-03-06,2.03,2.038,2.04,2.024,37553800.0,0.018000000000000002,76345400.0
2026-03-09,1.987,1.99,1.995,1.974,103303300.0,0.0496,204841699.99999997
2026-03-10,2.023,2.03,2.035,2.018,72789300.0,0.0349,147601000.0
2026-03-11,2.035,2.032,2.042,2.03,38135500.0,0.0183,77628300.0
2026-03-12,2.017,2.021,2.025,2.014,52860900.0,0.0253,106703200.0
2026-03-13,2.009,2.0,2.009,1.998,43564600.0,0.0209,87237300.0
2026-03-16,1.998,2.009,2.01,1.99,54032400.0,0.0259,107962099.99999999
2026-03-17,2.013,1.998,2.016,1.998,39553500.0,0.0189,79520500.0
2026-03-18,2.017,2.025,2.03,2.013,47949300.0,0.0229,96958300.0
2026-03-19,1.996,1.987,2.005,1.983,45263900.0,0.0216,90234400.0
2026-03-20,1.987,1.975,1.993,1.974,23941200.0,0.011399999999999999,47559000.0
2026-03-23,1.932,1.901,1.953,1.893,84147400.0,0.04019999999999999,161170400.0
2026-03-24,1.934,1.952,1.958,1.918,57880300.0,0.0276,111585000.0
2026-03-25,1.955,1.965,1.97,1.953,74634700.0,0.0356,146410500.0
2026-03-26,1.965,1.947,1.968,1.944,37512800.0,0.0179,73356200.0
2026-03-27,1.918,1.933,1.937,1.913,80191600.0,0.0382,154356300.0
2026-03-30,1.89,1.902,1.903,1.882,88112600.0,0.042,166717700.0
2026-03-31,1.895,1.887,1.906,1.884,72206400.0,0.0344,136708300.0
2026-04-01,1.937,1.968,1.972,1.936,82620800.0,0.0393,161082800.0
2026-04-02,1.952,1.939,1.954,1.935,60980700.0,0.028999999999999998,118485900.0
2026-04-03,1.958,1.945,1.961,1.944,28684700.0,0.013600000000000001,55946899.99999999
2026-04-07,1.953,1.952,1.957,1.95,25899500.0,0.0123,50576899.99999999
2026-04-08,2.022,2.045,2.046,2.011,88605400.0,0.0421,179980900.0
2026-04-09,2.024,2.026,2.036,2.012,41454800.0,0.0197,83947400.0
2026-04-10,2.041,2.038,2.053,2.033,44323600.0,0.021,90718600.0
2026-04-13,2.028,2.028,2.035,2.021,66544800.0,0.0316,134873700.0
2026-04-14,2.068,2.064,2.068,2.06,39534000.0,0.018799999999999997,81571900.0
2026-04-15,2.095,2.1,2.11,2.094,59396800.0,0.0282,124781299.99999999
2026-04-16,2.131,2.143,2.144,2.13,84789000.0,0.04019999999999999,181345900.0
2026-04-17,2.14,2.128,2.141,2.125,52079500.0,0.024700000000000003,110967700.0
2026-04-20,2.138,2.13,2.141,2.128,81113300.0,0.0384,173049000.0
2026-04-21,2.138,2.133,2.139,2.125,68762300.0,0.0325,146554500.0
2026-04-22,2.131,2.141,2.145,2.127,54279400.0,0.025699999999999997,115794599.99999999
2026-04-23,2.16,2.15,2.165,2.143,57095900.0,0.027000000000000003,122856800.0
2026-04-24,2.153,2.157,2.159,2.148,53925000.0,0.0255,116179100.0
2026-04-27,2.182,2.196,2.198,2.182,76978900.0,0.0364,168771000.0
2026-04-28,2.197,2.197,2.204,2.193,94781600.0,0.0447,208430000.0
2026-04-29,2.186,2.188,2.194,2.18,134651700.0,0.0636,294519600.0
2026-04-30,2.207,2.196,2.213,1.969,110529100.0,0.0521,242676699.99999997
2026-05-06,2.259,2.27,2.273,2.252,172707300.0,0.0814,390837000.0
2026-05-07,2.299,2.315,2.316,2.297,121769100.0,0.0574,280954300.0
2026-05-08,2.31,2.318,2.323,2.301,105884100.0,0.0499,244525200.0
2026-05-11,2.359,2.378,2.38,2.355,147650000.0,0.0695,349951300.0
2026-05-12,2.371,2.348,2.372,2.343,137613600.0,0.0647,324142000.0
2026-05-13,2.337,2.36,2.364,2.334,206397600.0,0.0971,484469600.0
2026-05-14,2.385,2.371,2.388,2.363,140317200.0,0.066,333058300.0
2026-05-15,2.371,2.355,2.382,2.344,164087900.0,0.0771,388138900.0
2026-05-18,2.32,2.312,2.337,2.308,145441600.0,0.0683,337724300.0
2026-05-19,2.311,2.306,2.316,2.29,111160900.0,0.052199999999999996,255642300.0
2026-05-20,2.294,2.317,2.318,2.282,123450900.0,0.0579,283319000.0
2026-05-21,2.346,2.346,2.366,2.339,176287300.0,0.0827,414728399.99999994
2026-05-22,2.364,2.379,2.38,2.363,108724400.0,0.051,257946000.0
2026-05-25,2.439,2.477,2.481,2.423,197273500.0,0.0925,483315100.0
2026-05-26,2.463,2.442,2.476,2.433,134215000.0,0.0629,329201800.0
2026-05-27,2.474,2.49,2.494,2.472,135597000.0,0.0635,336935700.0
2026-05-28,2.48,2.468,2.485,2.431,131467600.0,0.061500000000000006,323852100.0
2026-05-29,2.497,2.54,2.541,2.488,143755400.0,0.0673,361885899.99999994
2026-06-01,2.56,2.649,2.662,2.56,333827200.0,0.1561,871335600.0
2026-06-02,2.648,2.602,2.648,2.544,211976200.0,0.09910000000000001,552074400.0
2026-06-03,2.63,2.563,2.63,2.535,200367500.0,0.09359999999999999,517051100.0
2026-06-04,2.516,2.499,2.535,2.486,269504500.0,0.1259,674047700.0
2026-06-05,2.458,2.463,2.5,2.45,178594200.0,0.0834,442052699.99999994
2026-06-08,2.35,2.367,2.396,2.347,230462200.0,0.1075,546898200.0
2026-06-09,2.404,2.456,2.463,2.4,183294600.0,0.0855,444855500.0
2026-06-10,2.408,2.389,2.417,2.377,156818000.0,0.0731,375199600.0
2026-06-11,2.365,2.367,2.377,2.33,186503900.0,0.08689999999999999,438576700.0
2026-06-12,2.449,2.405,2.45,2.401,168562200.0,0.0785,409922699.99999994
2026-06-15,2.479,2.508,2.511,2.469,166567000.0,0.0775,415166200.0
2026-06-16,2.537,2.543,2.558,2.531,195649500.0,0.091,497736700.0
2026-06-17,2.512,2.544,2.548,2.502,166429800.0,0.0774,420520400.0
2026-06-18,2.533,2.531,2.535,2.502,197399200.0,0.09179999999999999,498125100.0
2026-06-22,2.551,2.536,2.558,2.511,176132400.0,0.0818,446417900.0
2026-06-23,2.507,2.454,2.51,2.448,178612500.0,0.08289999999999999,442389600.0
2026-06-24,2.432,2.469,2.474,2.431,158364000.0,0.0735,388858700.0
2026-06-25,2.489,2.5,2.504,2.469,132541000.0,0.061500000000000006,329840300.0
2026-06-26,2.456,2.434,2.457,2.407,168188200.0,0.078,409030600.0
2026-06-29,2.432,2.446,2.451,2.425,124021700.0,0.0575,302257800.0
2026-06-30,2.478,2.481,2.488,2.472,164035100.0,0.076,406808800.0
2026-07-01,2.508,2.494,2.512,2.484,123539500.0,0.0572,308533900.0
2026-07-02,2.479,2.437,2.479,2.433,103202200.0,0.0478,253732900.0
2026-07-03,2.426,2.445,2.455,2.417,116961900.0,0.0541,285651500.0
2026-07-06,2.446,2.45,2.452,2.417,130193300.0,0.0602,317065500.0
2026-07-07,2.438,2.438,2.45,2.427,92297900.0,0.042699999999999995,225102200.0
2026-07-08,2.426,2.405,2.43,2.405,65506500.0,0.030299999999999997,158458400.0
2026-07-09,2.42,2.439,2.441,2.41,61022300.0,0.0282,147885400.0
2026-07-10,2.451,2.44,2.461,2.438,62419200.0,0.0288,152914000.0
2026-07-13,2.425,2.422,2.442,2.42,69550800.0,0.0321,169041900.0
2026-07-14,2.414,2.436,2.438,2.392,69311900.0,0.032,167256200.0
2026-07-15,2.453,2.46,2.463,2.441,48387500.0,0.0223,118715000.0
2026-07-16,2.439,2.435,2.446,2.43,59662500.0,0.0275,145436300.0
2026-07-17,2.393,2.352,2.408,2.348,110600200.0,0.051,261731600.0
2026-07-20,2.356,2.352,2.369,2.35,72088000.0,0.0332,169992800.0
2026-07-21,2.362,2.396,2.397,2.356,69331500.0,0.0319,164946900.0
2026-07-22,2.4,2.39,2.413,2.389,53182800.0,0.0245,127866500.0
2026-07-23,2.404,2.389,2.404,2.383,51770400.0,0.023799999999999998,123855300.0
2026-07-24,2.353,2.357,2.363,2.35,51080700.0,0.0235,120359500.0
2026-07-27,2.357,2.376,2.379,2.356,49939700.0,0.0229,118317200.0
2026-07-28,2.327,2.309,2.339,2.3,87766600.0,0.0403,203099000.0
2026-07-29,2.312,2.316,2.317,2.294,97777600.0,0.0449,225345800.00000003
2026-07-30,2.293,2.278,2.299,2.268,108647700.0,0.0499,247689000.0
2026-07-31,2.367,2.364,2.373,2.352,109275400.0,0.0501,258456600.0
2026-08-03,2.367,2.375,2.385,2.366,68994400.0,0.0316,163871900.0
2026-08-04,2.416,2.444,2.446,2.413,100458900.0,0.046,244327700.0
2026-08-05,2.536,2.529,2.536,2.513,125139800.0,0.057300000000000004,316073300.0
2026-08-06,2.49,2.494,2.501,2.477,87306700.0,0.04,217401400.0
2026-08-07,2.498,2.504,2.508,2.485,94678800.0,0.0433,236140099.99999997
