abs_lb,sma_lb,abs_margin,require_abs_pos,sma_buffer,sma_slope_lb,ann,sharpe,mdd,vol,ymin,y2020,y2021,y2022,y2023,y2024,y2025,y2026
5,40,0.0,False,0.0,0,0.13515209562391006,1.6754682461665986,-0.09649047962164348,0.08066526831119146,-0.007232780228720759,0.03625561548873879,0.06838933870936281,-0.007232780228720759,0.20279591743321168,0.14437542316836893,0.24653453639717204,0.09087536947357222
8,40,0.0,False,0.0,0,0.1192866440221787,1.439255311255718,-0.11668703482752174,0.08288080863019624,-0.039802630775978454,0.05027540715006107,0.0013530386583231468,-0.039802630775978454,0.21018604479104397,0.14735868380555672,0.27294017338271703,0.06387145518794668
6,40,0.0,False,0.0,0,0.1377206839744749,1.655522932627021,-0.08157201453735674,0.08318862956246496,0.011715668293702963,0.03625561548873879,0.013741044641758293,0.011715668293702963,0.1848610634411858,0.19505416539531528,0.2854558549457771,0.07722138123963429
4,40,0.0,False,0.0,0,0.17360615169525673,2.131198403922429,-0.08715914559656845,0.08145940395588604,0.011971143089845038,0.02578494859763336,0.0782834142413038,0.011971143089845038,0.21406049152222706,0.2763796989453915,0.3003475949473964,0.10249945513168357
3,40,0.0,False,0.0,0,0.15031170019824858,1.8901815010110241,-0.05931162791809197,0.07952236339094926,0.023766921279225306,0.023766921279225306,0.08970798630390653,0.036800672698128256,0.2248808710963326,0.20096749291760485,0.21395222814880732,0.07407885746801979
2,40,0.0,False,0.0,0,0.11981973766686882,1.5631879462371423,-0.0954439162941978,0.07665088382705047,-0.01203863562610985,0.025387313809005496,0.07291957764547496,-0.01203863562610985,0.19900652191353485,0.10110047941507028,0.2551307103160063,0.05716717773166846
10,40,0.0,False,0.0,0,0.12586717423644989,1.5421850078878723,-0.061792296500561505,0.0816161313932325,-0.0064837313627632565,0.01263658003808854,0.026540237266681865,-0.0064837313627632565,0.19517178779623467,0.14799892615882682,0.26994586794001196,0.09100023817587855
12,40,0.0,False,0.0,0,0.11582531388960327,1.4344716938235313,-0.12197027792729342,0.08074423105615641,-0.0787348099212507,-0.008834496519059654,0.06466320794395775,-0.0787348099212507,0.2183456311425418,0.1423289370423475,0.26926598643385,0.08639480702156455
4,15,0.0,False,0.0,0,0.13053148639844037,1.70168658272812,-0.09918534272722745,0.07670712557959652,-0.003516226987758775,0.0310400352019784,0.04613623994554561,-0.003516226987758775,0.199362680978324,0.17944823236017649,0.23969019478028253,0.06641718008873232
4,20,0.0,False,0.0,0,0.15233777925146974,1.9591375773083282,-0.07707836355695152,0.07775757099241984,0.02093857715607461,0.02578494859763336,0.06680598426037765,0.02093857715607461,0.21929559850192715,0.22973191496181622,0.2447680551659288,0.07465514776759696
4,30,0.0,False,0.0,0,0.17491556259969632,2.1409839992565853,-0.08825342698910865,0.08169867811269599,0.017034514317173732,0.02578494859763336,0.0637984297018852,0.017034514317173732,0.24324149816138196,0.2651048255445112,0.30034759494739593,0.10249945513168357
4,25,0.0,False,0.0,0,0.16560344146978534,2.0610343327788208,-0.07362991562402188,0.08034967629409064,0.024753260209349648,0.02578494859763336,0.05886179943154146,0.024753260209349648,0.2516705050337471,0.23894280328882322,0.2696780990904055,0.0913298816854422
4,50,0.0,False,0.0,0,0.15781390531940342,1.9751702045011101,-0.10045023053438851,0.07989888919940658,-0.014345015100020064,0.009653332238722001,0.061252056065486116,-0.014345015100020064,0.20614051354272367,0.25676313145743235,0.3043357087448577,0.10249945513168557
4,35,0.0,False,0.0,0,0.17383645127071312,2.133124697753753,-0.08715914559656779,0.0814938064585574,0.018255162661278357,0.02578494859763336,0.07920777121799927,0.018255162661278357,0.22491021692898894,0.25759336159876467,0.3003475949473944,0.10249945513168601
4,45,0.0,False,0.0,0,0.16577005934640288,2.0394874874755464,-0.0944358025182157,0.08128025318340693,-0.0012134226247466628,0.027552849608208252,0.07828341424130758,-0.0012134226247466628,0.21089701116867943,0.2567631314574317,0.28917030101207586,0.10249945513168446
4,60,0.0,False,0.0,0,0.1368729242785034,1.6947909705352202,-0.127273772029029,0.08076094731333062,-0.0388363003837946,-0.01014576439803605,0.02880502013513775,-0.0388363003837946,0.18688807504955451,0.256763131457433,0.3174159880668175,0.07879659065301303
4,80,0.0,False,0.0,0,0.14183562125992544,1.7757860033252613,-0.10687742935513189,0.07987202342755832,-0.02883188811152071,0.00729455409432922,0.0627397451825451,-0.02883188811152071,0.18812022165916487,0.24410702786272864,0.2904996395694437,0.07260051412017043
4,100,0.0,False,0.0,0,0.14622312130300674,1.8401500407816913,-0.08442335106269894,0.07946260797347346,-2.929942306018063e-05,0.00729455409432922,0.09245452958255962,-2.929942306018063e-05,0.17004430596831321,0.23447309357530766,0.289627232457738,0.06065589045994679
4,120,0.0,False,0.0,0,0.14606738220074011,1.8467383217752704,-0.08298746472368757,0.079094791329356,0.0015389409531409992,0.00729455409432922,0.08468955134102374,0.0015389409531409992,0.1754300586050721,0.23447309357531165,0.29387753764991964,0.057383637650006536
4,40,0.002,False,0.0,0,0.17368556552823788,2.1315562200923956,-0.08715914559656845,0.08148298594756709,0.011971143089845038,0.02578494859763336,0.0782834142413038,0.011971143089845038,0.22286452322099803,0.2817782504563726,0.28604347642624384,0.1024994551316849
4,40,0.0,True,0.0,0,0.1730723003371608,2.1314202408899003,-0.08715914559656845,0.08120045827513607,0.003394052084707777,0.02578494859763336,0.08468868153942632,0.003394052084707777,0.21406049152222328,0.2763796989453913,0.3003475949473957,0.10249945513168401
4,40,0.002,True,0.0,0,0.1731516780462825,2.131776672964113,-0.08715914559656845,0.08122411706734976,0.003394052084707777,0.02578494859763336,0.08468868153942632,0.003394052084707777,0.22286452322099937,0.2817782504563713,0.2860434764262443,0.10249945513168424
4,40,0.005,False,0.0,0,0.17731422347423642,2.157752377555984,-0.0912297064839045,0.0821754272263041,-0.03198978284205922,0.04740850142360342,0.07938283439054206,-0.03198978284205922,0.2677584679274898,0.2512497684282957,0.28604347642624584,0.1339756749755716
4,40,0.008,False,0.0,0,0.165747470669942,1.9999499878974398,-0.09760292707162888,0.08287580773166901,-0.030489531539764303,0.04740850142360342,0.08097552054605028,-0.030489531539764303,0.21881934315629947,0.2729021067497448,0.26719878101231576,0.10904117849769479
4,40,0.005,True,0.0,0,0.17731422347423642,2.157752377555984,-0.0912297064839045,0.0821754272263041,-0.03198978284205922,0.04740850142360342,0.07938283439054206,-0.03198978284205922,0.2677584679274898,0.2512497684282957,0.28604347642624584,0.1339756749755716
4,40,0.008,True,0.0,0,0.165747470669942,1.9999499878974398,-0.09760292707162888,0.08287580773166901,-0.030489531539764303,0.04740850142360342,0.08097552054605028,-0.030489531539764303,0.21881934315629947,0.2729021067497448,0.26719878101231576,0.10904117849769479
4,40,0.01,False,0.0,0,0.17327727307400176,2.1047483026042326,-0.07237128620446398,0.082326838254058,0.005090039223753395,0.04740850142360342,0.07277027677708481,0.005090039223753395,0.2170892344205706,0.2687114310191232,0.283695599143833,0.10904117849769634
4,40,0.01,True,0.0,0,0.17327727307400176,2.1047483026042326,-0.07237128620446398,0.082326838254058,0.005090039223753395,0.04740850142360342,0.07277027677708481,0.005090039223753395,0.2170892344205706,0.2687114310191232,0.283695599143833,0.10904117849769634
4,40,0.012,False,0.0,0,0.15807555256707229,1.8897982505920525,-0.09063894475429446,0.08364678743752091,-0.010763960108174375,0.044421105980958275,0.07055884686574765,-0.010763960108174375,0.19889002056575178,0.26871143101912565,0.2661034056396063,0.08217073654520668
4,40,0.012,True,0.0,0,0.15807555256707229,1.8897982505920525,-0.09063894475429446,0.08364678743752091,-0.010763960108174375,0.044421105980958275,0.07055884686574765,-0.010763960108174375,0.19889002056575178,0.26871143101912565,0.2661034056396063,0.08217073654520668
4,40,0.015,True,0.0,0,0.14938847424268986,1.7988055160036671,-0.09063894475429435,0.08304870810857871,-0.013489452327176354,0.044421105980958275,0.05607515247221606,-0.013489452327176354,0.1799154820153135,0.2646297603070389,0.2569060611271181,0.0821707365452049
4,40,0.02,False,0.0,0,0.12122769768098363,1.4588974819083482,-0.11403092208946808,0.08309541909854326,-0.041172359911624046,0.044421105980958275,0.0753738004595288,-0.041172359911624046,0.17244691906627074,0.15529312499001713,0.22959939430844734,0.0691947820505201
4,40,0.02,True,0.0,0,0.12122769768098363,1.4588974819083482,-0.11403092208946808,0.08309541909854326,-0.041172359911624046,0.044421105980958275,0.0753738004595288,-0.041172359911624046,0.17244691906627074,0.15529312499001713,0.22959939430844734,0.0691947820505201
4,40,0.015,False,0.0,0,0.14938847424268986,1.7988055160036671,-0.09063894475429435,0.08304870810857871,-0.013489452327176354,0.044421105980958275,0.05607515247221606,-0.013489452327176354,0.1799154820153135,0.2646297603070389,0.2569060611271181,0.0821707365452049
4,40,0.025,False,0.0,0,0.11758555309634988,1.4903244024694329,-0.08758699872023679,0.07889930064992115,-0.01255379378898236,0.0224331293908151,0.07747355066527861,-0.01255379378898236,0.19566581898529267,0.11643010478505111,0.21501317913474205,0.06699726249065163
4,40,0.025,True,0.0,0,0.11758555309634988,1.4903244024694329,-0.08758699872023679,0.07889930064992115,-0.01255379378898236,0.0224331293908151,0.07747355066527861,-0.01255379378898236,0.19566581898529267,0.11643010478505111,0.21501317913474205,0.06699726249065163
4,40,0.03,False,0.0,0,0.11144899525213137,1.4128336506903352,-0.10117160794500879,0.0788833102875738,-0.006921868633568695,0.0224331293908151,0.0881298133335,-0.006921868633568695,0.1848172474285399,0.08733625616857621,0.21371410122033652,0.05609416977316428
4,40,0.04,True,0.0,0,0.12457248781288555,1.6635205078514674,-0.0648814864420808,0.07488485247096718,0.021380844477893346,0.021380844477893346,0.12719175134563931,0.04646398156931353,0.1284089991958477,0.12165973129357188,0.1589894734535846,0.10363620494231851
4,40,0.04,False,0.0,0,0.12457248781288555,1.6635205078514674,-0.0648814864420808,0.07488485247096718,0.021380844477893346,0.021380844477893346,0.12719175134563931,0.04646398156931353,0.1284089991958477,0.12165973129357188,0.1589894734535846,0.10363620494231851
4,40,0.03,True,0.0,0,0.11144899525213137,1.4128336506903352,-0.10117160794500879,0.0788833102875738,-0.006921868633568695,0.0224331293908151,0.0881298133335,-0.006921868633568695,0.1848172474285399,0.08733625616857621,0.21371410122033652,0.05609416977316428
4,40,0.05,False,0.0,0,0.1147732244846309,1.5818482931230091,-0.06353350517854706,0.07255640441855304,0.021380844477893346,0.021380844477893346,0.13851378331256714,0.059188114969200845,0.11618373692600859,0.09344371964929898,0.11293119330381218,0.10921128441486339
4,40,0.0,False,0.002,0,0.17762583947754051,2.1646366288568393,-0.08717830172693097,0.08205804018540795,0.003534366543759715,0.04740850142360342,0.08400974869798827,0.003534366543759715,0.21609145722731182,0.2763796989453924,0.30034759494739305,0.10249945513168379
4,40,0.05,True,0.0,0,0.1147732244846309,1.5818482931230091,-0.06353350517854706,0.07255640441855304,0.021380844477893346,0.021380844477893346,0.13851378331256714,0.059188114969200845,0.11618373692600859,0.09344371964929898,0.11293119330381218,0.10921128441486339
4,40,0.0,False,0.005,0,0.1747028818244869,2.1362065622954063,-0.0895144377605781,0.08178182995410536,0.0009660744017994105,0.04740850142360342,0.0755216613979135,0.0009660744017994105,0.22196507978888746,0.2480873204840639,0.30034759494739305,0.11790776799990343
4,40,0.0,False,0.01,0,0.1442691681584587,1.75598877839223,-0.11053602518805361,0.0821583656648139,-0.051130369037492907,0.05027540715006107,0.03187211351500374,-0.051130369037492907,0.22108417486414766,0.22866233621145193,0.2822424416364371,0.08835203051478202
4,40,0.0,False,0.008,0,0.1608174288612092,1.9426226973492553,-0.09982537469476405,0.08278366616463792,-0.031108821109737117,0.04740850142360342,0.061177993163499034,-0.031108821109737117,0.21957722215043463,0.24426517713883533,0.2961482353554685,0.10301467263802477
4,40,0.0,False,0.015,0,0.14010130618825745,1.7259734664681563,-0.07833391201002049,0.08117234065883148,-0.02369451185189464,0.05027540715006107,0.019782642664321726,-0.02369451185189464,0.22532678850904309,0.20112759371803457,0.28823711546119535,0.06365769231514151
4,40,0.0,False,0.02,0,0.12004763817128716,1.5436570248720518,-0.09467433482441845,0.077768335994997,-0.036341375209966276,0.04546667890657741,-0.015525800562074976,-0.036341375209966276,0.23177364795910016,0.16171701255833404,0.24689816161952294,0.07715725357872505
4,40,0.0,False,0.03,0,0.11702885232043392,1.4785352343473557,-0.08473854059142572,0.0791518860029683,-0.0028584807358358333,0.030558642168467154,0.029141750602302174,-0.0028584807358358333,0.21027748634668098,0.1285802732064547,0.20565029207925978,0.07786854953593658
4,40,0.0,False,0.05,0,0.0786811502598126,1.161090993903275,-0.08174538749693105,0.06776484416204778,0.019308346023585887,0.032052360520515855,0.05164722804184296,0.03346588784036486,0.16916224170636474,0.05770121985103627,0.019308346023585887,0.08834357372029866
4,40,0.0,False,0.0,5,0.16318889181808793,2.022516052544963,-0.06235457259179267,0.08068607990168723,-0.021337599562376353,0.029490851059108314,0.042334440529560924,-0.021337599562376353,0.23761299773212552,0.27005465919615945,0.3033360100688225,0.09863899910775342
4,40,0.0,False,0.0,3,0.15774431939111921,1.953632842344593,-0.057346555001667965,0.08074409682927278,-0.022987183068470585,0.029490851059108314,0.05265496060062236,-0.022987183068470585,0.23986529095836273,0.24758428860677673,0.31376546008291073,0.06958495916740448
4,40,0.0,False,0.0,10,0.1657251981917549,2.076674535571012,-0.0576899227530101,0.07980316383384858,-0.0010409072326145186,0.01263658003808854,0.04582379721011853,-0.0010409072326145186,0.21479182613801973,0.29504601664561414,0.32434119903614755,0.08571843970060522
4,40,0.0,False,0.0,8,0.16609790295235882,2.0733106301806616,-0.05814274617161175,0.08011240599190174,0.010667960377787722,0.01263658003808854,0.04376376056024189,0.010667960377787722,0.2156867821342885,0.2746201175637033,0.3183545167129893,0.09863899910775387
4,40,0.0,False,0.0,15,0.15056665132306102,1.8922241952912786,-0.0573504795239006,0.0795712536060684,-0.008287603073407368,-0.008287603073407368,0.025145432505365717,-0.0012175007456459719,0.20546659435693826,0.2874084921448339,0.3018355625853426,0.08279743346880308
4,40,0.0,False,0.0,20,0.15005424172217374,1.9648947429116719,-0.05681058843764997,0.07636757249389167,-0.01014576439803605,-0.01014576439803605,0.030176815767532617,0.010032649767868884,0.21518667113964107,0.24706054074342076,0.28924258473722375,0.10111472466991978
4,40,0.0,False,0.0,30,0.15110077212627893,2.0221040059358617,-0.056810588437650744,0.07472453033213151,0.005081853647812107,0.005081853647812107,0.04518363870942799,0.021458921858874103,0.18512618451330276,0.23001511305942257,0.309703627845225,0.0871789209932392
