,Q1,Q2,Q3,Q4,Q5
2010-01-31,,,,,
2010-02-28,0.06389077770967742,0.08928802515217392,0.035338677677419356,0.04022570083695652,0.04665304905376344
2010-03-31,0.04795246581914893,0.038083717638297876,0.039874346387096776,0.009680369276595744,0.01850214870212766
2010-04-30,-0.04831641610526316,-0.07506979210526316,-0.06969707624468086,-0.06689569224210526,-0.04660744835789474
2010-05-31,-0.05528502152083333,-0.06533185744210526,-0.09192374813541666,-0.10362396051578947,-0.09471782663541667
2010-06-30,-0.09235212998979592,-0.0797870253814433,-0.08565600464948453,-0.07360235925773195,-0.09084459037113402
2010-07-31,0.11174165525353535,0.13369809173469388,0.13945740817346938,0.15241426862244897,0.1494608676632653
2010-08-31,0.08781537760606062,0.07292865437755101,0.05257742103030304,0.05786376324489796,0.060030576505050504
2010-09-30,0.0291683747029703,0.021326001589999997,0.011520825267326732,0.03080089585,0.031110441722772275
2010-10-31,0.11845362797058824,0.10910993517821783,0.15245412467326733,0.14520139536633664,0.14796075865346536
2010-11-30,-0.05666034362745098,-0.0347826361980198,0.009711556009900991,-0.02058714594059406,0.02233226979207921
2010-12-31,-0.0025503537211538476,-0.023349017317307694,0.0009764201165048537,-0.000561856105769231,-0.004715543538461538
2011-01-31,-0.07370722573333333,-0.03898889273076923,-0.017919471653846154,-0.02990477142307692,-0.031654543428571436
2011-02-28,0.05458821817924528,0.07400486124761904,0.07611700376190476,0.08185661922857143,0.10212388742857144
2011-03-31,-0.027441758499999996,-0.015228945552380952,-0.017572331820754718,-0.01862761100952381,-0.02353616888679245
2011-04-30,-0.03394118158878505,-0.018821985320754717,-0.01613567466981132,-0.006116288801886793,-0.0290776418317757
2011-05-31,-0.06871741136448598,-0.06615669240186915,-0.06358837671883019,-0.07485635142990654,-0.07628347947663551
2011-06-30,0.024347545416666668,0.031974760962616824,0.032391075355140186,0.02346054234579439,0.04608428605607477
2011-07-31,-0.0005160073981481473,0.0009580823551401872,0.004316868953271029,0.007637799224299065,0.024968318166666666
2011-08-31,-0.0017844458055555536,-0.028882387453703705,-0.048472886129629626,-0.0330808915,-0.05697235243518518
2011-09-30,-0.11402650693577981,-0.10013305714678898,-0.09819367541284404,-0.10136505804587156,-0.1088128093027523
2011-10-31,0.045990788390909094,0.036961761348623855,0.05712436655963303,0.04211521248623853,0.05536644666972477
2011-11-30,-0.0534346718,-0.05758736184403669,-0.0544136891,-0.04959662267889908,-0.048039747972727274
2011-12-31,-0.12035833662727273,-0.09500387048181817,-0.11058664929999999,-0.10313282381818181,-0.10940561911818182
2012-01-31,-0.010320482171171172,0.004783982872727273,0.008861436227272729,0.021975016763636362,0.03503820852252252
2012-02-29,0.1078302862882883,0.10341292227027027,0.1122226174818182,0.10488761346846846,0.1146759374054054
2012-03-31,-0.07694661373214286,-0.07583072742342342,-0.07519207757657657,-0.06877703221621621,-0.06111493588288288
2012-04-30,0.0469655114375,0.06488053816071429,0.07310134661261261,0.07752110167857143,0.10703552049107143
2012-05-31,0.010119213938053099,0.019843140464285713,0.017986137598214286,0.04525170398214286,0.03216203282142857
2012-06-30,-0.049289159539823005,-0.06121153129464286,-0.05923706659292036,-0.07112266737499999,-0.05376650600884955
2012-07-31,-0.053479877592920354,-0.06353639169642857,-0.07139937066371682,-0.07539088205357143,-0.07240854446902655
2012-08-31,-0.025800346300884954,-0.02149373084955752,-0.028335057008928573,0.019232889725663713,0.006196779530973451
2012-09-30,0.013887394327433626,0.013161291300884956,0.016202644300884955,0.031233385212389383,0.02497918185840708
2012-10-31,-0.013598155522123893,-0.006115412460176992,-0.004946176628318584,-0.0038345440884955755,0.0601148669380531
2012-11-30,-0.08736477415789475,-0.08779088986725664,-0.07042464752212389,-0.08064520298230088,-0.09206987661061948
2012-12-31,0.17146832274561402,0.17582841319469028,0.17042510684955753,0.1585615628318584,0.16966221760176992
2013-01-31,0.051261840464912285,0.08289926138938053,0.06103133763716814,0.05286904224778761,0.05314176390265486
2013-02-28,0.042615407728070175,0.013561047946902653,0.01814174851327434,0.02127955675221239,0.044730965230088494
2013-03-31,-0.0340672097368421,-0.04398790197345133,-0.05389543955752213,-0.031004472008849558,-0.04216824800884956
2013-04-30,-0.003946519149122808,-0.020066343210619467,-0.029093999292035398,-0.01724268824778761,-0.01416634088495575
2013-05-31,0.12146363298245613,0.10950955492035398,0.10993165548672566,0.10104452755752212,0.12179413302654868
2013-06-30,-0.13132482564912282,-0.16244361343362831,-0.15566159179646016,-0.16251474005309732,-0.11427099896702655
2013-07-31,0.04871492271052631,0.04933821531185841,0.042344132884955754,0.057005974035398234,0.05777487663716815
2013-08-31,0.060218528307017544,0.07949803401769912,0.08559451207964602,0.10141017440707964,0.09574830615929204
2013-09-30,0.08748246012280701,0.07696912181654866,0.04985129780530974,0.049387608787610615,0.05081222741592921
2013-10-31,-0.07120240739473684,-0.015879661433628317,0.0013378624778761063,-0.016896045513274335,0.001828635745614035
2013-11-30,0.06186547002631579,0.057347661371681416,0.05590914821238938,0.05049362838053098,0.05442789992982456
2013-12-31,-0.03812518554385965,-0.0446871217079646,-0.03994410667256638,-0.03313623490265487,-0.04182996039473684
2014-01-31,0.015253998043859648,0.0005974869734513266,-0.00891988850877193,-0.02861106981415929,-0.028261779578947367
2014-02-28,0.009674703043478262,0.009549433578947367,0.004116912017543861,0.007861506192982455,0.013865511903508772
2014-03-31,-0.05689646783478261,-0.0181970215,-0.010458067359649124,-0.013729122307017543,-0.002084501605263158
2014-04-30,-0.0026300107060869566,-0.017504008907017542,-0.0059040251228070165,-0.009411918447368422,-0.016333361817391305
2014-05-31,0.015093823988695652,0.01228416433596491,0.015029484702631579,0.015291731043859648,0.016834608469565217
2014-06-30,0.03307507206956522,0.02283165446491228,0.013577027530701754,0.02503413585263158,0.017086216846086955
2014-07-31,0.06919033584347827,0.08749028248245615,0.08912793093859649,0.08255551971929824,0.11689020517391303
2014-08-31,0.017634029069565217,0.027252299215789474,0.03383735664912281,0.04710801981578947,0.048701735791304344
2014-09-30,0.11346491633913043,0.13081673878070174,0.13861990671929825,0.08912863244736842,0.08241758674782608
2014-10-31,0.022995089208695654,0.025236608771929823,0.030962435295652173,0.02463641446491228,0.028791168365217393
2014-11-30,0.1035241486173913,0.07886900215789475,0.088772891,0.09814939390350878,0.1025354837826087
2014-12-31,0.14126376822608694,0.11116473709565217,0.12035309870175438,0.13248777242608695,0.10549036709565217
2015-01-31,-0.00827041525,0.02976936477391304,0.05218937030434783,0.07005380353043478,0.07103115659482759
2015-02-28,0.1322996314102564,0.04314322824137931,0.054940035145299146,0.053625386181034476,0.06507599105128205
2015-03-31,0.1854216050051282,0.18368699800854701,0.18004404060344828,0.17205531912820513,0.17528134690598288
2015-04-30,0.2556773305423729,0.18647101966666665,0.1686766086239316,0.15399967650427349,0.18346323487521368
2015-05-31,0.09460587111016949,0.11969864387521367,0.11511128144444445,0.12177816245299146,0.19419642492244188
2015-06-30,-0.12521384035084746,-0.04131501874128205,-0.04539015174358974,-0.02592582503777778,-0.044097074228813565
2015-07-31,-0.13982407165546218,-0.14402600114050845,-0.16262004609661018,-0.13473775660338982,-0.14068930020338982
2015-08-31,-0.15086170367226892,-0.12986340419491527,-0.09841330949406779,-0.1288449912881356,-0.10963102465254236
2015-09-30,-0.04180187728579832,-0.06709296322033899,-0.07062436633050848,-0.041961165144067794,-0.0391473998220339
2015-10-31,0.1808276891932773,0.13381404809661016,0.12514398469491525,0.15960255788983052,0.14167402522033898
2015-11-30,0.05638916048739496,0.046917985398305086,0.02823986339830508,0.02088552416101695,0.042825813788135596
2015-12-31,0.0051305720420168075,0.050272262728813556,0.06508113534745763,0.05932307411016949,0.05420052642016807
2016-01-31,-0.2634170979159664,-0.2507582867478992,-0.2331269323559322,-0.22328316812605042,-0.24879037016806724
2016-02-29,-0.023189104277310926,0.0021746433949579843,-0.00583440233898305,0.00010658613445378076,-0.024277111033613442
2016-03-31,0.1278141566554622,0.14207700064705883,0.14293621586440677,0.1535037265462185,0.14160677611764705
2016-04-30,-0.03063930664705882,-0.020754489588235295,-0.019364914351694913,-0.014352571873949579,-0.015446798840336133
2016-05-31,-0.0042066527058823525,-0.0030008350420168074,-0.006588994425423729,-0.010360395294117647,-0.009586256165966386
2016-06-30,0.0461439492184874,0.021900239792436972,0.008409813431932773,0.00977323930252101,0.005359068764705882
2016-07-31,-0.004928606,0.039037054557142854,0.03902736484285715,0.04644173934453782,0.03701275538333334
2016-08-31,0.045981598458333335,0.03556114964705882,0.037909331875,0.044011431924369744,0.037459195066666666
2016-09-30,-0.014072885064916666,-0.016670989512605042,-0.026876398308333334,-0.01448275581512605,-0.016871753675
2016-10-31,0.03371248271666667,0.029747170781512604,0.033736354675,0.03333388171428571,0.03235306430833333
2016-11-30,0.02877444485,0.04687002385714285,0.048393060550000006,0.03550007205042017,0.034346452900000005
2016-12-31,-0.0531159727,-0.06207493370588235,-0.038379976058333334,-0.04029638835294118,-0.03860156826666667
2017-01-31,-0.008486159825,0.012381969075,0.0211254822605042,0.020244101633333334,0.009996176583333332
2017-02-28,0.06310280050406504,0.03521273647540984,0.03600757757723577,0.03635469013114754,0.04053126281300813
2017-03-31,0.0059776404796747975,-0.012543407674796747,0.0014381447540983603,-0.0082624281300813,-0.006212505569105691
2017-04-30,-0.019847738266129036,-0.0021342321056910573,-0.021409739463414634,-0.007167290634146341,-0.0196245571300813
2017-05-31,-0.04641974450806451,-0.025678900209804876,-0.022936682802439025,-0.05329699782113821,-0.05030931672357723
2017-06-30,0.056695210977338706,0.06823280558861788,0.054452608951219506,0.047809041994308944,0.037977884603225806
2017-07-31,0.03929801687903226,0.04212161748780488,0.03798491360483871,0.032472427501406505,0.02869567376048387
2017-08-31,0.045563504177419355,0.028933130560975608,0.02019502760483871,0.014244360294308943,0.03039650637843468
2017-09-30,0.005020781693548388,0.004344632821138212,0.007668662967741935,0.0039871504146341465,0.008221306782258065
2017-10-31,0.0029265792741935475,0.012456241772357724,0.0007270345080645159,-0.001649710512195122,-0.015624373596774195
2017-11-30,-0.013098641975806452,-0.029056423475806455,-0.023555354774193547,-0.0325880994032258,0.004702698096774197
2017-12-31,0.0020801628467741933,0.022799404137096774,0.004343410000000001,-0.019704554258064517,-0.01642560345967742
2018-01-31,0.024777237944,0.01946146272830645,0.023494182936,0.01668684806451613,0.0015408006799999996
2018-02-28,-0.047106207865079366,-0.036893651087999996,-0.048476513136,-0.040812764544,-0.042725586496
2018-03-31,-0.019357829341269842,-0.003870079088000001,-0.0028716553040000004,0.00376025028,-0.0007548269285714286
2018-04-30,-0.04162129052380952,-0.035009626136,-0.03822904222,-0.035038612512,-0.029503957
2018-05-31,-0.015089516764112902,0.003732317422764228,0.02122954757723577,0.01240167000813008,-0.026958733691935483
2018-06-30,-0.07189426357258064,-0.08494145665853658,-0.07679293890217742,-0.09232464124390244,-0.09656950576935484
2018-07-31,0.011484834443548387,0.01878199319821138,0.009228136699193548,0.014018426243902439,0.006506497904032258
2018-08-31,-0.07092252725,-0.06988854115447155,-0.06834610671774193,-0.049231672634146344,-0.04377658176532258
2018-09-30,0.013420741758064517,0.010844273235772358,0.016626762164516126,0.014217266365853659,0.01976696523387097
2018-10-31,-0.0996133918467742,-0.10256178057258064,-0.07927897808064517,-0.07823586337096775,-0.05717669056532258
2018-11-30,0.030389284266129035,0.02772251297580645,0.0322756784516129,0.023059797927419353,0.020465406129032256
2018-12-31,-0.044021374168,-0.05327547985483871,-0.045632009808,-0.0369914245,-0.032426490807999996
2019-01-31,0.020193166666666665,0.014480629032,0.012568279448,0.011959223216,0.00944588656
2019-02-28,0.24456410665873016,0.208398279272,0.18766650912,0.19538862376,0.16999563102380952
2019-03-31,0.1092758337734375,0.08877520185826772,0.0718387335511811,0.07790904970866142,0.0659795606015625
2019-04-30,-0.05240878073015873,-0.023862872088,-0.018034061112,-0.022435386640000003,-0.019073703087301587
2019-05-31,-0.09665244675,-0.06649133503125,-0.05867460288976378,-0.052062675609375,-0.0495248274921875
2019-06-30,0.0025267296250000002,0.0202854363828125,0.02690225,0.0261716548359375,0.0401675452421875
2019-07-31,-0.010230188534883722,-0.005564778414062501,0.006845252773437501,-0.0044986611953125,-0.0014874322558139526
2019-08-31,-0.014867329775193798,-0.0175166535390625,-0.021316441519379847,-0.0093187547734375,-0.02315337389147287
2019-09-30,0.0030847211085271316,0.0007704939062500003,-0.000326719054263566,0.008228576828125,0.002405040906976744
2019-10-31,0.006898977186046511,-0.0011147043281250005,0.004271201627906977,-0.00014658755468750025,-0.009141421488372093
2019-11-30,-0.007211085178294573,-0.011562062734375,-0.008439382806201552,0.00395918759375,-0.0026176765581395352
2019-12-31,0.10762834026356588,0.0809887675390625,0.07959891479069768,0.067418878453125,0.0662844334108527
