Date,equity
2016-01-08,1.0
2016-01-15,1.0
2016-01-22,1.0
2016-01-29,1.0
2016-02-05,1.0
2016-02-12,0.9853840767070641
2016-02-19,0.9981553029019601
2016-02-26,1.0351320036408518
2016-03-04,1.0794330837339599
2016-03-11,1.0848068340472012
2016-03-18,1.1000367807106668
2016-03-25,1.0917861908829753
2016-04-01,1.1106836257945945
2016-04-08,1.0966964997093624
2016-04-15,1.118540529569894
2016-04-22,1.1675436338138068
2016-04-29,1.1727649778028773
2016-05-06,1.1403845235364023
2016-05-13,1.1403845235364023
2016-05-20,1.1403845235364023
2016-05-27,1.1522467852736877
2016-06-03,1.1609656469220915
2016-06-10,1.1510976615665123
2016-06-17,1.1628428680683964
2016-06-24,1.1438552622611975
2016-07-01,1.149102087882354
2016-07-08,1.1573544031922798
2016-07-15,1.1984847553267644
2016-07-22,1.2119705939255323
2016-07-29,1.2191401176500662
2016-08-05,1.2118834644308112
2016-08-12,1.2129775057782863
2016-08-19,1.2429876017668975
2016-08-26,1.2424793593291887
2016-09-02,1.2501239667373818
2016-09-09,1.2323343678386625
2016-09-16,1.2267063323071699
2016-09-23,1.2448086001918788
2016-09-30,1.271795002356562
2016-10-07,1.2474813960797475
2016-10-14,1.2350861973703975
2016-10-21,1.2705146193148538
2016-10-28,1.2625645489225403
2016-11-04,1.224128588964055
2016-11-11,1.305563858877086
2016-11-18,1.3567555984153294
2016-11-25,1.3571024360322403
2016-12-02,1.3321734583409748
2016-12-09,1.3583071863146043
2016-12-16,1.3479994921712024
2016-12-23,1.3551753281014511
2016-12-30,1.3420926041187224
2017-01-06,1.351982531237669
2017-01-13,1.3525493926323884
2017-01-20,1.3472776581900248
2017-01-27,1.3746279114976296
2017-02-03,1.3910145530256515
2017-02-10,1.4297364267254224
2017-02-17,1.4037771529709568
2017-02-24,1.395516098955372
2017-03-03,1.4238789199933628
2017-03-10,1.4040117374939254
2017-03-17,1.4195897445080927
2017-03-24,1.4037722277628648
2017-03-31,1.4319901884239654
2017-04-07,1.410022397004273
2017-04-14,1.3667380058429341
2017-04-21,1.375149594798593
2017-04-28,1.375430799831183
2017-05-05,1.371511864277554
2017-05-12,1.40726465305159
2017-05-19,1.4130749473197233
2017-05-26,1.441526881154221
2017-06-02,1.4374649860929214
2017-06-09,1.4830592821873982
2017-06-16,1.5229227048522653
2017-06-23,1.5682487777580305
2017-06-30,1.5152336918612015
2017-07-07,1.525139161052773
2017-07-14,1.5819858251710133
2017-07-21,1.572608269693463
2017-07-28,1.5614122511631348
2017-08-04,1.5394178617084693
2017-08-11,1.5280376575466412
2017-08-18,1.5280376575466412
2017-08-25,1.5280376575466412
2017-09-01,1.5533981299043023
2017-09-08,1.5442881773540302
2017-09-15,1.5729030938364479
2017-09-22,1.5727796696568763
2017-09-29,1.562834511616746
2017-10-06,1.6390325137522315
2017-10-13,1.6627879309101785
2017-10-20,1.6486295898030303
2017-10-27,1.6513139155639465
2017-11-03,1.6822122104697723
2017-11-10,1.692143363641751
2017-11-17,1.7365914885079212
2017-11-24,1.7701463965569912
2017-12-01,1.749058156983949
2017-12-08,1.7492938719779976
2017-12-15,1.7789025383052612
2017-12-22,1.7770383126341316
2017-12-29,1.7230250353970598
2018-01-05,1.8494624775526538
2018-01-12,1.8879592228644824
2018-01-19,1.8812176633125632
2018-01-26,1.9006034627730137
2018-02-02,1.8193602044710178
2018-02-09,1.792159056883179
2018-02-16,1.792159056883179
2018-02-23,1.8043526678246284
2018-03-02,1.7960068409100935
2018-03-09,1.8592950865202074
2018-03-16,1.875136674004902
2018-03-23,1.8248231266824766
2018-03-30,1.822176331307059
2018-04-06,1.8070320503932542
2018-04-13,1.8070320503932542
2018-04-20,1.8274622875048812
2018-04-27,1.78833651495687
2018-05-04,1.794775975680845
2018-05-11,1.82738489047619
2018-05-18,1.8251143953565507
2018-05-25,1.8567813773684372
2018-06-01,1.8702039958029362
2018-06-08,1.9076396840820773
2018-06-15,1.9469226827238753
2018-06-22,1.9474486617319793
2018-06-29,1.907261343700143
2018-07-06,1.9430869605183716
2018-07-13,1.9751310504045505
2018-07-20,1.990803630633986
2018-07-27,1.9524219195674175
2018-08-03,1.9499085308344701
2018-08-10,2.0515902107293087
2018-08-17,2.045860984507954
2018-08-24,2.129272307390205
2018-08-31,2.183931515152807
2018-09-07,2.1520697173504906
2018-09-14,2.1844202606888063
2018-09-21,2.1629266897246313
2018-09-28,2.206872427500498
2018-10-05,2.1279326665181433
2018-10-12,2.094908446546992
2018-10-19,2.094908446546992
2018-10-26,2.094908446546992
2018-11-02,2.094908446546992
2018-11-09,2.094908446546992
2018-11-16,2.094908446546992
2018-11-23,2.094908446546992
2018-11-30,2.094908446546992
2018-12-07,2.094908446546992
2018-12-14,2.094908446546992
2018-12-21,2.094908446546992
2018-12-28,2.094908446546992
2019-01-04,2.094908446546992
2019-01-11,2.094908446546992
2019-01-18,2.094908446546992
2019-01-25,2.094908446546992
2019-02-01,2.094908446546992
2019-02-08,2.094908446546992
2019-02-15,2.094908446546992
2019-02-22,2.094908446546992
2019-03-01,2.2149929022440014
2019-03-08,2.0689108088721584
2019-03-15,2.1800793796295075
2019-03-22,2.1517407778734814
2019-03-29,2.175616011952875
2019-04-05,2.253557929762233
2019-04-12,2.3077145439791353
2019-04-19,2.261715166795827
2019-04-26,2.3336025964753357
2019-05-03,2.349926686150332
2019-05-10,2.2785684435020186
2019-05-17,2.273611465090596
2019-05-24,2.2577922048393124
2019-05-31,2.2577922048393124
2019-06-07,2.2577922048393124
2019-06-14,2.2287873594194263
2019-06-21,2.2448615833374017
2019-06-28,2.2116660498334975
2019-07-05,2.2412941053815825
2019-07-12,2.2637263811680604
2019-07-19,2.190379693027452
2019-07-26,2.2406819809036294
2019-08-02,2.147730787212219
2019-08-09,2.179799152226091
2019-08-16,2.1430341715924763
2019-08-23,2.148900600243385
2019-08-30,2.2102787723512236
2019-09-06,2.2037133038522176
2019-09-13,2.180037977449045
2019-09-20,2.212243562581677
2019-09-27,2.141961857165331
2019-10-04,2.1563869977918677
2019-10-11,2.1531287501692993
2019-10-18,2.142779738241546
2019-10-25,2.1676615215585824
2019-11-01,2.154832021888341
2019-11-08,2.1690309537090537
2019-11-15,2.2784196798035445
2019-11-22,2.294332073533572
2019-11-29,2.322078914836354
2019-12-06,2.271113961062256
2019-12-13,2.2959697863535093
2019-12-20,2.3317376771129026
2019-12-27,2.333954633629465
2020-01-03,2.3400240141868967
2020-01-10,2.4028959176915023
2020-01-17,2.4528484769665013
2020-01-24,2.4572412723233676
2020-01-31,2.4074488502243625
2020-02-07,2.4825638725701897
2020-02-14,2.543153913408584
2020-02-21,2.5278526824611616
2020-02-28,2.3830781836696127
2020-03-06,2.3830781836696127
2020-03-13,2.3830781836696127
2020-03-20,2.3830781836696127
2020-03-27,2.3830781836696127
2020-04-03,2.3830781836696127
2020-04-10,2.3830781836696127
2020-04-17,2.3830781836696127
2020-04-24,2.3830781836696127
2020-05-01,2.3830781836696127
2020-05-08,2.3830781836696127
2020-05-15,2.3830781836696127
2020-05-22,2.5418959151321974
2020-05-29,2.5503273115890535
2020-06-05,2.8094833744617502
2020-06-12,2.778703323175031
2020-06-19,2.898897342560909
2020-06-26,2.8705812376768716
2020-07-03,2.9598072785921086
2020-07-10,2.985360804404456
2020-07-17,3.12779430382705
2020-07-24,3.150359969753529
2020-07-31,3.198218554735368
2020-08-07,3.252456074873922
2020-08-14,3.260607239624517
2020-08-21,3.2944481435388338
2020-08-28,3.314154435336604
2020-09-04,3.170582514252534
2020-09-11,3.1333230174893902
2020-09-18,3.1333230174893902
2020-09-25,3.1767983759992906
2020-10-02,3.2727393519531875
2020-10-09,3.3494249213852956
2020-10-16,3.3735199253129804
2020-10-23,3.3219226877888164
2020-10-30,3.1632976520332985
2020-11-06,3.1632976520332985
2020-11-13,3.1334002173346365
2020-11-20,3.2159064889229985
2020-11-27,3.2801023889546466
2020-12-04,3.3032956694646214
2020-12-11,3.3074888185660107
2020-12-18,3.370308878848682
2020-12-25,3.365813596200559
2021-01-01,3.295152271079796
2021-01-08,3.3336659532897923
2021-01-15,3.330667877328352
2021-01-22,3.373359104330511
2021-01-29,3.3847234064819176
2021-02-05,3.522423672626487
2021-02-12,3.5994837063452545
2021-02-19,3.6084966066088042
2021-02-26,3.4651983233663763
2021-03-05,3.4651983233663763
2021-03-12,3.4651983233663763
2021-03-19,3.4651983233663763
2021-03-26,3.4651983233663763
2021-04-02,3.4651983233663763
2021-04-09,3.4651983233663763
2021-04-16,3.4651983233663763
2021-04-23,3.4651983233663763
2021-04-30,3.4651983233663763
2021-05-07,3.4651983233663763
2021-05-14,3.4651983233663763
2021-05-21,3.4651983233663763
2021-05-28,3.4651983233663763
2021-06-04,3.4651983233663763
2021-06-11,3.4651983233663763
2021-06-18,3.4651983233663763
2021-06-25,3.4651983233663763
2021-07-02,3.4651983233663763
2021-07-09,3.4651983233663763
2021-07-16,3.4651983233663763
2021-07-23,3.4651983233663763
2021-07-30,3.4651983233663763
2021-08-06,3.4651983233663763
2021-08-13,3.4651983233663763
2021-08-20,3.4651983233663763
2021-08-27,3.4651983233663763
2021-09-03,3.4651983233663763
2021-09-10,3.4651983233663763
2021-09-17,3.4651983233663763
2021-09-24,3.4651983233663763
2021-10-01,3.4651983233663763
2021-10-08,3.4651983233663763
2021-10-15,3.4651983233663763
2021-10-22,3.4651983233663763
2021-10-29,3.4651983233663763
2021-11-05,3.4651983233663763
2021-11-12,3.4651983233663763
2021-11-19,3.4651983233663763
2021-11-26,3.4651983233663763
2021-12-03,3.4651983233663763
2021-12-10,3.4651983233663763
2021-12-17,3.4651983233663763
2021-12-24,3.4651983233663763
2021-12-31,3.4651983233663763
2022-01-07,3.4651983233663763
2022-01-14,3.4651983233663763
2022-01-21,3.4651983233663763
2022-01-28,3.4651983233663763
2022-02-04,3.4651983233663763
2022-02-11,3.4651983233663763
2022-02-18,3.4651983233663763
2022-02-25,3.4651983233663763
2022-03-04,3.4651983233663763
2022-03-11,3.4651983233663763
2022-03-18,3.4651983233663763
2022-03-25,3.4651983233663763
2022-04-01,3.4651983233663763
2022-04-08,3.4651983233663763
2022-04-15,3.4651983233663763
2022-04-22,3.4651983233663763
2022-04-29,3.4651983233663763
2022-05-06,3.4651983233663763
2022-05-13,3.4651983233663763
2022-05-20,3.4651983233663763
2022-05-27,3.4651983233663763
2022-06-03,3.4651983233663763
2022-06-10,3.4651983233663763
2022-06-17,3.4651983233663763
2022-06-24,3.4651983233663763
2022-07-01,3.4651983233663763
2022-07-08,3.4651983233663763
2022-07-15,3.4651983233663763
2022-07-22,3.4651983233663763
2022-07-29,3.4651983233663763
2022-08-05,3.4651983233663763
2022-08-12,3.4651983233663763
2022-08-19,3.4651983233663763
2022-08-26,3.4651983233663763
2022-09-02,3.4651983233663763
2022-09-09,3.4651983233663763
2022-09-16,3.4651983233663763
2022-09-23,3.4651983233663763
2022-09-30,3.4651983233663763
2022-10-07,3.4651983233663763
2022-10-14,3.4651983233663763
2022-10-21,3.4651983233663763
2022-10-28,3.4651983233663763
2022-11-04,3.4651983233663763
2022-11-11,3.4651983233663763
2022-11-18,3.4651983233663763
2022-11-25,3.4651983233663763
2022-12-02,3.4651983233663763
2022-12-09,3.4651983233663763
2022-12-16,3.4651983233663763
2022-12-23,3.4651983233663763
2022-12-30,3.4651983233663763
2023-01-06,3.4651983233663763
2023-01-13,3.4651983233663763
2023-01-20,3.4651983233663763
2023-01-27,3.4651983233663763
2023-02-03,3.4651983233663763
2023-02-10,3.4651983233663763
2023-02-17,3.4651983233663763
2023-02-24,3.4651983233663763
2023-03-03,3.4651983233663763
2023-03-10,3.4651983233663763
2023-03-17,3.4651983233663763
2023-03-24,3.4651983233663763
2023-03-31,3.4651983233663763
2023-04-07,3.4651983233663763
2023-04-14,3.4651983233663763
2023-04-21,3.4651983233663763
2023-04-28,3.4651983233663763
2023-05-05,3.4651983233663763
2023-05-12,3.4651983233663763
2023-05-19,3.4651983233663763
2023-05-26,3.4651983233663763
2023-06-02,3.4651983233663763
2023-06-09,3.4651983233663763
2023-06-16,3.4651983233663763
2023-06-23,3.4651983233663763
2023-06-30,3.4651983233663763
2023-07-07,3.4651983233663763
2023-07-14,3.701238975561468
2023-07-21,3.7699201278628682
2023-07-28,3.98728159140362
2023-08-04,4.105911314664627
2023-08-11,3.992007333228557
2023-08-18,3.8741847344674336
2023-08-25,3.8968614277213605
2023-09-01,3.972565601022517
2023-09-08,3.9478887711745814
2023-09-15,3.8551079938020356
2023-09-22,3.789775748055219
2023-09-29,3.789775748055219
2023-10-06,3.792647734795429
2023-10-13,3.752809054209528
2023-10-20,3.752809054209528
2023-10-27,3.752809054209528
2023-11-03,3.752809054209528
2023-11-10,3.783014762957362
2023-11-17,3.88574161477419
2023-11-24,3.909821315510172
2023-12-01,4.0245223254930504
2023-12-08,4.133125379476458
2023-12-15,4.695971598703104
2023-12-22,4.7681051311986495
2023-12-29,4.732531309342127
2024-01-05,4.550786711541135
2024-01-12,4.571643676173514
2024-01-19,4.609657280787726
2024-01-26,4.583490257855391
2024-02-02,4.726877188692466
2024-02-09,4.959896237054401
2024-02-16,5.066753435279093
2024-02-23,5.148698093052222
2024-03-01,5.348265329732952
2024-03-08,5.460000744244964
2024-03-15,5.403638028959047
2024-03-22,5.485953621967782
2024-03-29,5.49588997608963
2024-04-05,5.529189890135947
2024-04-12,5.458928245157577
2024-04-19,5.293821601368365
2024-04-26,5.293821601368365
2024-05-03,5.377693931792769
2024-05-10,5.382805168953186
2024-05-17,5.496018408249787
2024-05-24,5.5816984098241065
2024-05-31,5.507331548784652
2024-06-07,5.492450585644259
2024-06-14,5.555940034036716
2024-06-21,5.597392219804633
2024-06-28,5.582749316181576
2024-07-05,5.652370556882758
2024-07-12,5.7622970426361
2024-07-19,5.528161708214923
2024-07-26,5.429668360101751
2024-08-02,5.429668360101751
2024-08-09,5.429668360101751
2024-08-16,5.429668360101751
2024-08-23,5.429668360101751
2024-08-30,5.312439124431053
2024-09-06,5.312439124431053
2024-09-13,5.312439124431053
2024-09-20,5.312439124431053
2024-09-27,5.370600664984837
2024-10-04,5.529021262113164
2024-10-11,6.037915758175148
2024-10-18,6.118847789132728
2024-10-25,6.098068194968688
2024-11-01,5.891292136564858
2024-11-08,6.142452448466725
2024-11-15,5.927032592313583
2024-11-22,5.927032592313583
2024-11-29,5.9396594319157465
2024-12-06,5.991973126394967
2024-12-13,5.8727417211348465
2024-12-20,5.840465635184622
2024-12-27,5.840465635184622
2025-01-03,5.840465635184622
2025-01-10,5.808480972545962
2025-01-17,5.808480972545962
2025-01-24,6.011698267377421
2025-01-31,6.014739297534103
2025-02-07,6.149204532220375
2025-02-14,6.131648638549295
2025-02-21,5.8454550185587255
2025-02-28,5.8454550185587255
2025-03-07,5.8454550185587255
2025-03-14,5.8454550185587255
2025-03-21,5.8454550185587255
2025-03-28,5.8454550185587255
2025-04-04,5.8454550185587255
2025-04-11,5.8454550185587255
2025-04-18,5.8454550185587255
2025-04-25,5.8454550185587255
2025-05-02,5.8454550185587255
2025-05-09,5.8454550185587255
2025-05-16,5.8454550185587255
2025-05-23,5.8454550185587255
2025-05-30,5.909934405928742
2025-06-06,6.034619253650798
2025-06-13,5.9883570511058934
2025-06-20,6.427126245839637
2025-06-27,6.518872694795716
2025-07-04,6.6432644614146605
2025-07-11,6.645611694922161
2025-07-18,6.820965991903278
2025-07-25,6.83220183403528
2025-08-01,6.877487160447218
2025-08-08,7.180057667671266
2025-08-15,7.34061448248397
2025-08-22,7.275710584527052
2025-08-29,7.315842971993013
2025-09-05,7.475290033586211
2025-09-12,8.00276905155305
2025-09-19,8.281723882554235
2025-09-26,8.098991784851533
2025-10-03,8.235349920714663
2025-10-10,8.05847049202757
2025-10-17,8.112495692024932
2025-10-24,8.414304878347144
2025-10-31,8.407680292686607
2025-11-07,8.430449723627218
2025-11-14,8.287936494199935
2025-11-21,8.20223656702189
2025-11-28,8.20223656702189
2025-12-05,8.319125451423645
2025-12-12,8.321593456938745
2025-12-19,8.45386175534717
2025-12-26,8.511279876961295
2026-01-02,8.547230969581868
2026-01-09,8.850527539027734
2026-01-16,9.001258240446193
2026-01-23,9.094401320864256
2026-01-30,9.169873878934295
2026-02-06,9.439761989589272
2026-02-13,9.462475104173592
2026-02-20,9.808828965311902
2026-02-27,9.876515549419754
2026-03-06,8.727617486344204
2026-03-13,8.727617486344204
2026-03-20,8.874500235511718
2026-03-27,8.835954199606963
2026-04-03,9.126076934436906
2026-04-10,9.661960865131778
2026-04-17,9.799672075648022
2026-04-24,9.936277858971136
2026-05-01,10.062744470115701
2026-05-08,10.292502804224455
2026-05-15,10.344611515951428
2026-05-22,10.432399970049756
2026-05-29,10.41618040175042
2026-06-05,10.223788321379267
2026-06-12,10.365313776497239
2026-06-19,10.574003022860577
2026-06-26,10.543308623896404
2026-07-03,10.083548937739367
2026-07-10,10.083548937739367
2026-07-17,10.083548937739367
2026-07-24,10.083548937739367
2026-07-31,10.083548937739367
2026-08-07,10.083548937739367
