,label,method,p_lookback,p_entry_z,p_exit_z,p_stop_z,train_sharpe,train_cagr,train_total,train_maxdd,valid_sharpe,valid_cagr,valid_total,valid_maxdd,pos_asset_frac,local_sharpe_std,score
7,"reversal|lookback=3,entry_z=2,exit_z=0,stop_z=3",reversal,3,2.0,0,3.0,-0.23044557199443946,-0.008853219632740772,-0.03375270612331749,-0.05991703838554263,0.30239623273372557,0.011255477442737138,0.021729632893327855,-0.030710299079702685,0.5384615384615384,0.1338574411427676,0.07146184513264689
8,"reversal|lookback=3,entry_z=2,exit_z=0,stop_z=3.5",reversal,3,2.0,0,3.5,-0.3152744271451671,-0.012438260017752945,-0.04717753260247437,-0.07446778323955672,0.297631297828727,0.011191734148489063,0.02160594083240608,-0.032038083182937216,0.5384615384615384,0.11247930135579691,0.04521731257491715
5,"reversal|lookback=3,entry_z=1.5,exit_z=0,stop_z=3.5",reversal,3,1.5,0,3.5,-0.10650001816308921,-0.007229405242353271,-0.02762614597601276,-0.08012472130194392,0.0843421904418763,0.0030223532001352194,0.005812912386355951,-0.06255740182820468,0.6923076923076923,0.12009742397685204,0.0244562726367525
3,"reversal|lookback=3,entry_z=1.5,exit_z=0,stop_z=2.5",reversal,3,1.5,0,2.5,-0.001389335553255023,-0.00137907497348011,-0.005314265767046855,-0.07214514330666633,0.004143421591836169,-0.0016116047835725844,-0.0030930080766142787,-0.058635299929483464,0.6153846153846154,0.09698619662068958,0.020565458109624325
6,"reversal|lookback=3,entry_z=2,exit_z=0,stop_z=2.5",reversal,3,2.0,0,2.5,-0.2594666595123171,-0.009232454529548906,-0.03517940784145113,-0.05958104021012067,0.22715364348341782,0.007722034606874928,0.014883917406111724,-0.031688722556370785,0.5384615384615384,0.17238355797866245,0.019310900559846057
4,"reversal|lookback=3,entry_z=1.5,exit_z=0,stop_z=3",reversal,3,1.5,0,3.0,-0.060007220775623475,-0.004628010345751221,-0.017751295794923405,-0.07425882705813247,0.014187300819288724,-0.0011095987831429843,-0.002130045624350485,-0.06390745794769481,0.6153846153846154,0.11480184650654421,0.0021926112487101372
14,"reversal|lookback=5,entry_z=1.5,exit_z=0,stop_z=3.5",reversal,5,1.5,0,3.5,-0.37448463175833624,-0.02204521221035105,-0.08247116182317527,-0.13972688724815885,0.2958425524951654,0.017426329102778526,0.03373797434866055,-0.059741591551468964,0.38461538461538464,0.1376035573971034,-0.012291834825488634
13,"reversal|lookback=5,entry_z=1.5,exit_z=0,stop_z=3",reversal,5,1.5,0,3.0,-0.35113920012969424,-0.020370548630647134,-0.07638974823081335,-0.1347378020527975,0.23709940286357176,0.01315768141981244,0.025424109070715017,-0.061450428789431744,0.46153846153846156,0.1531166604711372,-0.026493853090503214
12,"reversal|lookback=5,entry_z=1.5,exit_z=0,stop_z=2.5",reversal,5,1.5,0,2.5,-0.22481074758253075,-0.012763329990779337,-0.048387942252333116,-0.11885040447504691,0.12374639156119015,0.005155423760130784,0.009925181709817377,-0.06101969933818008,0.5384615384615384,0.18367383328115006,-0.03481858666419699
0,"reversal|lookback=3,entry_z=1,exit_z=0,stop_z=2.5",reversal,3,1.0,0,2.5,-0.1336767216315433,-0.011316434195772107,-0.042991610544113934,-0.1457298167610217,0.06443024778240146,0.0009691782251044501,0.001862267964664932,-0.1048943861942272,0.46153846153846156,0.18152730845781223,-0.04790148355782186
2,"reversal|lookback=3,entry_z=1,exit_z=0,stop_z=3.5",reversal,3,1.0,0,3.5,-0.18175703280410802,-0.01520099201367231,-0.05742839194303395,-0.15127791414295733,0.09117679499109255,0.0030360067211800956,0.005839208937966189,-0.10441991630706782,0.38461538461538464,0.16796735733559084,-0.05636743070470657
26,"reversal|lookback=10,entry_z=2,exit_z=0,stop_z=3.5",reversal,10,2.0,0,3.5,-0.11863691426175377,-0.006897806166847986,-0.02637151071690902,-0.10104988118867364,-0.0012485727020732772,-0.0020703431605919587,-0.003972583620368231,-0.07139973038008296,0.6153846153846154,0.25832785185065454,-0.0651486843325144
1,"reversal|lookback=3,entry_z=1,exit_z=0,stop_z=3",reversal,3,1.0,0,3.0,-0.1405823206758437,-0.012256724108901884,-0.04650108092218119,-0.14044020358305886,0.010277617524393224,-0.003260200084366116,-0.006252256285532942,-0.10906364081228692,0.38461538461538464,0.15851827810634575,-0.07505352268847904
11,"reversal|lookback=5,entry_z=1,exit_z=0,stop_z=3.5",reversal,5,1.0,0,3.5,-0.5259380840723589,-0.040131646618083994,-0.14627638585393654,-0.19696479407587342,0.28035555743082424,0.019016226825464333,0.03684277541531089,-0.0821520699881082,0.38461538461538464,0.13865159740545754,-0.08107714844843941
9,"reversal|lookback=5,entry_z=1,exit_z=0,stop_z=2.5",reversal,5,1.0,0,2.5,-0.4910506145644454,-0.03563594241053547,-0.13073376575792006,-0.1710601958866157,0.23227484605276685,0.01416451655552975,0.02738217937666887,-0.08299278947839894,0.38461538461538464,0.16474990935382014,-0.09184608573521255
10,"reversal|lookback=5,entry_z=1,exit_z=0,stop_z=3",reversal,5,1.0,0,3.0,-0.5129669102680086,-0.03870378625518933,-0.1413624699298447,-0.19104652117293397,0.24022146648726955,0.015580099228119648,0.030138200978295338,-0.08382222385475879,0.38461538461538464,0.14594729786281144,-0.09544770808404808
20,"reversal|lookback=10,entry_z=1,exit_z=0,stop_z=3.5",reversal,10,1.0,0,3.5,-0.6857883628447916,-0.051975960931703424,-0.1862388835907154,-0.20821638842128987,0.2581092409773067,0.019136987225071733,0.037078782401431365,-0.10287678743687045,0.46153846153846156,0.048379758213581224,-0.11278013701169141
25,"reversal|lookback=10,entry_z=2,exit_z=0,stop_z=3",reversal,10,2.0,0,3.0,-0.1771303531013044,-0.009262315774808183,-0.03529168108793579,-0.1049515594713637,-0.18394757913140686,-0.011924454336588619,-0.022776770880615693,-0.0713313854939851,0.6153846153846154,0.27837374923857544,-0.17113461375602848
19,"reversal|lookback=10,entry_z=1,exit_z=0,stop_z=3",reversal,10,1.0,0,3.0,-0.7920704188638026,-0.058841449100009435,-0.20875839539889274,-0.229581311405474,0.1969825025039835,0.013598971300692764,0.026282099289052008,-0.10512945804783591,0.38461538461538464,0.06771735022263171,-0.19072627138783707
17,"reversal|lookback=5,entry_z=2,exit_z=0,stop_z=3.5",reversal,5,2.0,0,3.5,-0.4125407345844469,-0.017562786112686468,-0.06612661929969499,-0.10436360161316949,-0.14927095258835768,-0.008626466229938679,-0.016502485985725346,-0.06642084580306018,0.38461538461538464,0.05785738383983142,-0.19478413555307544
16,"reversal|lookback=5,entry_z=2,exit_z=0,stop_z=3",reversal,5,2.0,0,3.0,-0.47442209573438404,-0.019397303299585222,-0.07284178822699139,-0.10978898447962615,-0.20512713632000684,-0.010952199317323719,-0.02092909704696133,-0.0673228645252224,0.38461538461538464,0.09403994254220184,-0.24906926368819535
18,"reversal|lookback=10,entry_z=1,exit_z=0,stop_z=2.5",reversal,10,1.0,0,2.5,-0.8681353580138553,-0.060826266052084965,-0.21518184902856463,-0.2299925480470555,0.11565163586633637,0.006344908338767663,0.012221838607231028,-0.1077880410325045,0.3076923076923077,0.0915427851321918,-0.26409460039509475
15,"reversal|lookback=5,entry_z=2,exit_z=0,stop_z=2.5",reversal,5,2.0,0,2.5,-0.4880991209261257,-0.018225754983580034,-0.06855753191281366,-0.11229273770198978,-0.3483449734865926,-0.015512514648316156,-0.02958104107981041,-0.06095559068646084,0.46153846153846156,0.12028438382834612,-0.3169979840739002
23,"reversal|lookback=10,entry_z=1.5,exit_z=0,stop_z=3.5",reversal,10,1.5,0,3.5,-0.6935333783873472,-0.043381816165459,-0.15738396879914673,-0.18380980965947535,-0.08792916952703532,-0.00882412156575152,-0.01687905922124311,-0.09345250833041796,0.38461538461538464,0.2730726041629088,-0.32772538641397353
24,"reversal|lookback=10,entry_z=2,exit_z=0,stop_z=2.5",reversal,10,2.0,0,2.5,-0.3897362418309677,-0.016765070698049556,-0.06319540275880997,-0.10915247262734817,-0.36294771203637166,-0.018813862802504966,-0.0358214674010946,-0.08029278242363891,0.46153846153846156,0.3546039086417234,-0.35170909919888427
22,"reversal|lookback=10,entry_z=1.5,exit_z=0,stop_z=3",reversal,10,1.5,0,3.0,-0.8276805120037202,-0.050573123058688885,-0.18157962752797674,-0.2073941498652334,-0.19705291979351236,-0.01662106565896193,-0.03167864943772147,-0.09957262733784522,0.38461538461538464,0.28144026167257147,-0.4257823442369783
21,"reversal|lookback=10,entry_z=1.5,exit_z=0,stop_z=2.5",reversal,10,1.5,0,2.5,-1.0127800916361298,-0.05707814796888633,-0.2030192278949975,-0.22637812541874303,-0.3279342700865461,-0.02469073407306055,-0.046882554599884,-0.10206912331393059,0.3076923076923077,0.23260281125131088,-0.541088267224956
