date,ret
2018-01-02,0.0
2018-01-03,0.0
2018-01-04,0.0
2018-01-05,0.0
2018-01-08,0.0
2018-01-09,0.0
2018-01-10,0.0
2018-01-11,0.0
2018-01-12,0.0
2018-01-15,0.0
2018-01-16,0.0
2018-01-17,0.0
2018-01-18,0.0
2018-01-19,0.0
2018-01-22,0.0
2018-01-23,0.0
2018-01-24,0.0
2018-01-25,0.0
2018-01-26,0.0
2018-01-29,0.0
2018-01-30,-0.0002
2018-01-31,0.01923317407999269
2018-02-01,0.004917976401940021
2018-02-02,-0.0009602290725533873
2018-02-05,-0.006670914691933107
2018-02-06,0.00012919127516423918
2018-02-07,-0.00288543315566298
2018-02-08,0.014190129855231156
2018-02-09,0.011367919096789407
2018-02-12,0.0006128431653992916
2018-02-13,-0.005548169107301875
2018-02-14,-0.013003430187565772
2018-02-22,-0.0064025773709130524
2018-02-23,-0.006989580826479611
2018-02-26,0.01558958763247639
2018-02-27,0.010384913070709602
2018-02-28,0.0063775505909614335
2018-03-01,0.005033787269284865
2018-03-02,0.008907554686779638
2018-03-05,-0.015778861574226883
2018-03-06,-0.0030043442874098754
2018-03-07,-0.0184879827510595
2018-03-08,-0.022345238225922787
2018-03-09,-0.007575525101111102
2018-03-12,-0.011572538946554854
2018-03-13,0.0058916829048865395
2018-03-14,-0.017592360089720153
2018-03-15,-0.01564206244665701
2018-03-16,0.0046793652524617126
2018-03-19,0.008179169032693386
2018-03-20,-0.004321902721994338
2018-03-21,0.01034270357993778
2018-03-22,-0.0039925188775368796
2018-03-23,0.05887886285118421
2018-03-26,0.019764850829566794
2018-03-27,-0.020119714189750032
2018-03-28,0.03014127931945725
2018-03-29,-0.034519302394606204
2018-03-30,-0.013530390184891081
2018-04-02,-0.0034678226236625636
2018-04-03,0.004684226439084924
2018-04-04,0.028476155364357204
2018-04-09,-0.013054375509159487
2018-04-10,-0.020301738420465943
2018-04-11,0.0019202385393315843
2018-04-12,-0.0073889602418584135
2018-04-13,-0.0035988237030239174
2018-04-16,0.025691068337806662
2018-04-17,0.0008684355727041476
2018-04-18,-0.028845763536846057
2018-04-19,-0.045985043662372646
2018-04-20,0.02569574313685145
2018-04-23,-0.014777039010091721
2018-04-24,-0.0077183207957718615
2018-04-25,0.001891633715483028
2018-04-26,-0.013612913836812532
2018-04-27,-0.0031621922578842416
2018-05-02,0.02031377416580811
2018-05-03,-0.01122297142286395
2018-05-04,0.0018955354464955955
2018-05-07,-0.007984810602289458
2018-05-08,-0.009378527429532465
2018-05-09,-0.011532144031362103
2018-05-10,0.017188347745831944
2018-05-11,0.015880718440705377
2018-05-14,-0.0030291844266717646
2018-05-15,0.007929303929789237
2018-05-16,0.011370434141092862
2018-05-17,0.003157081987428802
2018-05-18,-0.005170910517284036
2018-05-21,-0.006969592440588485
2018-05-22,-0.012401916752485852
2018-05-23,-0.017762042635154553
2018-05-24,-0.0034100278551713213
2018-05-25,-0.0033793774393525875
2018-05-28,-0.017438370798115953
2018-05-29,0.003310227274663064
2018-05-30,-0.004024300116721524
2018-05-31,0.024826359337929767
2018-06-01,0.00620787985948272
2018-06-04,-0.007347572121373456
2018-06-05,-0.011887515102259862
2018-06-06,0.0038074651323699344
2018-06-07,0.010142005094107408
2018-06-08,0.003370062999948315
2018-06-11,-0.0004317611239644031
2018-06-12,0.0028297410864245413
2018-06-13,0.008545947489077346
2018-06-14,-0.0016372357249731463
2018-06-15,0.004885683711962218
2018-06-19,0.012018494530259095
2018-06-20,0.0003479214325418968
2018-06-21,-6.259107595564994e-05
2018-06-22,-0.01036799061756001
2018-06-25,-0.0038580294461452312
2018-06-26,-0.00799875791226125
2018-06-27,-0.010390036759951659
2018-06-28,0.010618466722176019
2018-06-29,-0.004938745788861367
2018-07-02,0.005870070032214954
2018-07-03,-0.0005764082061010226
2018-07-04,0.008973812628617498
2018-07-05,0.0005085124160266574
2018-07-06,-0.002722420785406287
2018-07-09,-0.005286899798882909
2018-07-10,0.00956826440574671
2018-07-11,0.012792697814174149
2018-07-12,-0.011604025172407235
2018-07-13,-0.0027958763401524475
2018-07-16,0.004910429262655581
2018-07-17,-0.00727258468270457
2018-07-18,0.0038812387441602555
2018-07-19,0.007782203056146427
2018-07-20,0.013159808024747116
2018-07-23,-0.0018072289194399414
2018-07-24,0.0032794332551478174
2018-07-25,-0.000887410665426089
2018-07-26,0.003261705330101101
2018-07-27,0.02210161175176371
2018-07-30,0.01679823838150302
2018-07-31,0.0020891293130317432
2018-08-01,-0.011000427377327293
2018-08-02,0.015122901825892217
2018-08-03,0.03365270292790185
2018-08-06,0.030508686084373824
2018-08-07,-0.0083101999507568
2018-08-08,0.005033126430234959
2018-08-09,-0.006475552387061017
2018-08-10,-0.015322415505312144
2018-08-13,0.022848226687285124
2018-08-14,0.008979989200262741
2018-08-15,0.004135843054299678
2018-08-16,-0.01810798152583861
2018-08-17,0.00189791303437988
2018-08-20,0.016106334637740086
2018-08-21,-0.003238772990210037
2018-08-22,0.007880528979341227
2018-08-23,-0.019370599656784365
2018-08-24,0.005053459734935041
2018-08-27,-0.023764536130599798
2018-08-28,0.015310411509544002
2018-08-29,-0.01295685338925323
2018-08-30,-0.0051492948673037015
2018-08-31,-0.005009015824435879
2018-09-03,-0.008709589407945084
2018-09-04,0.0026290311067855556
2018-09-05,-0.0008905861832495559
2018-09-06,-0.0055432994749503505
2018-09-07,0.0030056723773071387
2018-09-10,0.0021748766918316042
2018-09-11,-0.004255064216781172
2018-09-12,-0.00029049618548688833
2018-09-13,-0.023470273779921884
2018-09-14,-0.009237305560704226
2018-09-17,-0.006807829647728024
2018-09-18,-0.013103492434607693
2018-09-19,-0.00275523340722226
2018-09-20,0.0020908069484815955
2018-09-21,-0.004476948145945193
2018-09-25,0.020227250950974968
2018-09-26,0.000757636324828388
2018-09-27,0.005470451739480605
2018-09-28,0.01310501671934864
2018-10-08,-0.007989434477316641
2018-10-09,0.005702437071241736
2018-10-10,0.014143315183319004
2018-10-11,-0.019708253311901576
2018-10-12,0.006286224067815465
2018-10-15,-0.006326953813412515
2018-10-16,-0.013391376529976672
2018-10-17,0.009586785811371177
2018-10-18,0.00741660961813685
2018-10-19,-0.009837761101047286
2018-10-22,-0.014267584582842559
2018-10-23,0.006726174356690302
2018-10-24,0.009944735465196735
2018-10-25,-0.008129878200244876
2018-10-26,0.00521178269493851
2018-10-29,0.012618920461129782
2018-10-30,0.0016098871612407958
2018-10-31,-0.013178164948498543
2018-11-01,0.008132168138683539
2018-11-02,-0.025606312723290323
2018-11-05,0.003071706096009346
2018-11-06,0.006706173940703728
2018-11-07,0.014397263752461134
2018-11-08,0.0033097900419116386
2018-11-09,0.02626255558954764
2018-11-12,0.007161561104444817
2018-11-13,0.0026297467141249277
2018-11-14,0.03299103887929511
2018-11-15,0.00034343262046119887
2018-11-16,-0.021472467244747124
2018-11-19,0.011607040828582844
2018-11-20,0.020501954492416184
2018-11-21,0.02585504205819265
2018-11-22,0.011832828362094039
2018-11-23,0.04447422685119325
2018-11-26,0.03678020445522513
2018-11-27,0.017267173347043002
2018-11-28,0.003957725559332677
2018-11-29,0.006774249992451116
2018-11-30,0.01778585958040946
2018-12-03,-0.036478985284094295
2018-12-04,-0.033251422782960664
2018-12-05,-0.022860633366093307
2018-12-06,0.021667751501865302
2018-12-07,-0.01626267220074447
2018-12-10,0.018683637137554148
2018-12-11,0.01675198938883885
2018-12-12,-0.011928556321492895
2018-12-13,-0.02895172879655386
2018-12-14,-0.0021206968170426584
2018-12-17,-0.0009760865123918162
2018-12-18,0.01138602138989624
2018-12-19,0.010875385081786041
2018-12-20,-0.004177187898283389
2018-12-21,0.016646773418529073
2018-12-24,0.03053063067157088
2018-12-25,0.034842764112905884
2018-12-26,7.760672742677436e-06
2018-12-27,-0.019667406052979026
2018-12-28,0.008493107486703769
2019-01-02,0.005979396988731189
2019-01-03,-0.006733376635822491
2019-01-04,-0.018053839757455573
2019-01-07,-0.007799799540015082
2019-01-08,0.005095123755933359
2019-01-09,-0.01482979937568997
2019-01-10,-0.006161445685839415
2019-01-11,0.0007721140934815456
2019-01-14,0.011315781963692447
2019-01-15,-0.016081818897119623
2019-01-16,-0.0008517692591326183
2019-01-17,-0.0035353922393487856
2019-01-18,-0.001513094876175724
2019-01-21,0.002084523853228931
2019-01-22,-0.015816649309457167
2019-01-23,-0.001024713851148535
2019-01-24,0.009743865026934688
2019-01-25,0.014666559397276254
2019-01-28,-0.005253388342235717
2019-01-29,0.0055448384809045695
2019-01-30,0.014444028346693838
2019-01-31,0.01090707009087931
2019-02-01,0.028937687283212294
2019-02-11,0.030573417436898547
2019-02-12,-0.016240365979136945
2019-02-13,-0.019424516923970642
2019-02-14,0.0096181308448996
2019-02-15,-0.022431254052738932
2019-02-18,0.04055530103271259
2019-02-19,0.006013801651478192
2019-02-20,-0.00864229071244157
2019-02-21,-0.00441069806353001
2019-02-22,0.014660668148696118
2019-02-25,0.0074207443688156976
2019-02-26,-0.01589514620408083
2019-02-27,0.0019777114207533563
2019-02-28,0.007854006458932755
2019-03-01,0.03352703750194403
2019-03-04,-0.01532875082206628
2019-03-05,-0.0041205458520086925
2019-03-06,-0.007894547073533029
2019-03-07,-0.003329263683204672
2019-03-08,-0.028210496297011726
2019-03-11,-0.0062101717059755805
2019-03-12,0.022461202877678083
2019-03-13,-0.0013617305354449
2019-03-14,-0.010218281072347145
2019-03-15,-0.011643466919913631
2019-03-18,-0.0006574104943086426
2019-03-19,0.004984563605878844
2019-03-20,-0.014870418323289909
2019-03-21,-0.0029976095045518773
2019-03-22,0.0017882304392158404
2019-03-25,-0.016053957025224462
2019-03-26,0.006204976166754454
2019-03-27,0.008525207979694898
2019-03-28,0.0015386357575502608
2019-03-29,0.031894705537953184
2019-04-01,0.0005493745687350411
2019-04-02,0.003508301662441018
2019-04-03,0.009942320350196888
2019-04-04,0.00010768748769829656
2019-04-08,-0.0007813664632586392
2019-04-09,-0.008390648769695025
2019-04-10,-0.003277638365592862
2019-04-11,-0.000758587858099324
2019-04-12,-0.014171167405210376
2019-04-15,0.007740955432744835
2019-04-16,0.006380598464652212
2019-04-17,0.0035552234325408696
2019-04-18,0.0020131377383202876
2019-04-19,0.011043397381360473
2019-04-22,-0.007194517345484038
2019-04-23,-0.0006894765103346616
2019-04-24,-0.0020986402574414247
2019-04-25,-0.003577094596114192
2019-04-26,0.004570209430914775
2019-04-29,0.0007979790645086627
2019-04-30,0.0004773920983700156
2019-05-06,-0.028151652727561784
2019-05-07,0.020046811301873337
2019-05-08,0.005960384419695301
2019-05-09,0.0011520219611387522
2019-05-10,-0.006179283767138583
2019-05-13,0.015320633254630357
2019-05-14,0.020483570364604114
2019-05-15,-0.0037480025959109684
2019-05-16,-0.01723669863807728
2019-05-17,0.019743056392834107
2019-05-20,0.0025009099548992386
2019-05-21,-0.017214729296135867
2019-05-22,-0.0010471925046299311
2019-05-23,-0.0024592553428083824
2019-05-24,-0.008325069312746134
2019-05-27,0.0015749156391924918
2019-05-28,-0.001178955118710973
2019-05-29,-0.0009424794318832554
2019-05-30,-0.0073627654310560444
2019-05-31,0.015365873628609337
2019-06-03,0.004107479268361999
2019-06-04,0.015275975937701835
2019-06-05,0.005212125351987599
2019-06-06,0.002608112279130558
2019-06-10,-0.01857901635270014
2019-06-11,-0.003463178019572313
2019-06-12,0.018771571137932756
2019-06-13,0.00424563041293829
2019-06-14,-0.0049959387453337376
2019-06-17,-0.011559695615985311
2019-06-18,0.007258320716365347
2019-06-19,-0.027757539857573302
2019-06-20,-0.002413212424361127
2019-06-21,-0.004027058338674826
2019-06-24,-0.005112632980452678
2019-06-25,0.010871192565304725
2019-06-26,-0.005358535399146604
2019-06-27,0.015598548740731286
2019-06-28,0.030494987238657487
2019-07-01,0.02431816329798466
2019-07-02,0.011451760167377194
2019-07-03,0.0007429619605414905
2019-07-04,-0.03227991742650742
2019-07-05,-0.023383320835342867
2019-07-08,0.015570301438914632
2019-07-09,0.016456904830502602
2019-07-10,0.0060652872496519995
2019-07-11,0.004624188541074414
2019-07-12,-0.01080726612791494
2019-07-15,0.007075295626221317
2019-07-16,0.014207710016091639
2019-07-17,-0.008815734081890942
2019-07-18,-0.01201773789523621
2019-07-19,0.010519344412455604
2019-07-22,-0.025993307810316106
2019-07-23,-0.0026362997865349838
2019-07-24,-0.012934009155963783
2019-07-25,0.0004632807144137005
2019-07-26,-0.0010051458390679092
2019-07-29,0.0181899845876357
2019-07-30,-0.009313216266896589
2019-07-31,-0.008330609818556328
2019-08-01,0.011618517782843518
2019-08-02,0.02197440179844709
2019-08-05,0.04868605915494667
2019-08-06,-0.00651316268946342
2019-08-07,0.020816416866220232
2019-08-08,-0.0007192041734082342
2019-08-09,0.027847682153731238
2019-08-12,-0.023566330656454318
2019-08-13,0.016276404900148252
2019-08-14,-0.025633287052720593
2019-08-15,0.007803885821442775
2019-08-16,0.005917861057301395
2019-08-19,-0.02021817321626936
2019-08-20,0.009624277407358413
2019-08-21,0.007117859100822213
2019-08-22,0.00526005763720312
2019-08-23,-0.011333713909117459
2019-08-26,0.036466962759720216
2019-08-27,0.0062685552771728475
2019-08-28,-0.003117495236939946
2019-08-29,0.016695632472447198
2019-08-30,-0.021626559017470983
2019-09-02,-0.008024154238688594
2019-09-03,0.0002830477593396122
2019-09-04,0.005419629003127731
2019-09-05,-0.011368355172249415
2019-09-06,0.0015945391184785899
2019-09-09,-0.0198596863156565
2019-09-10,-5.56111398871559e-05
2019-09-11,-3.687090197782505e-06
2019-09-12,-0.015065940181408978
2019-09-16,0.02193123920198231
2019-09-17,0.005678779026764566
2019-09-18,-0.023800523969550184
2019-09-19,-0.0060204518544291746
2019-09-20,0.011106275337991318
2019-09-23,-0.007400995783953948
2019-09-24,-0.004606939454012192
2019-09-25,-0.010485085931978163
2019-09-26,0.0012281673220287095
2019-09-27,-0.0029317552129469434
2019-09-30,0.005515791184181131
2019-10-08,-0.008798804355786968
2019-10-09,-0.006479341299639122
2019-10-10,0.0008571841301223025
2019-10-11,0.0022610928042412167
2019-10-14,0.008765831728403534
2019-10-15,0.002468045750873225
2019-10-16,-0.007014587133833623
2019-10-17,-0.01724648061624942
2019-10-18,0.004727974788430352
2019-10-21,0.023259721606080124
2019-10-22,-0.01060378058250446
2019-10-23,0.002200717439792071
2019-10-24,-0.015338790432342679
2019-10-25,-0.0023835478841815667
2019-10-28,-0.0005541871169062519
2019-10-29,-0.004968688934290643
2019-10-30,-0.0029883989634938092
2019-10-31,-0.002264885545388029
2019-11-01,0.0009233178272659439
2019-11-04,0.0038236638341418334
2019-11-05,-0.003402166324912039
2019-11-06,0.0009976933854804189
2019-11-07,0.006128568335239283
2019-11-08,0.01628897134126836
2019-11-11,0.012799626225786858
2019-11-12,-0.005929857797080711
2019-11-13,-0.006570941707006308
2019-11-14,0.0022935599988443025
2019-11-15,-0.010241921005876817
2019-11-18,-0.00039663129023075993
2019-11-19,0.010648047019138447
2019-11-20,0.009869555475321076
2019-11-21,-0.007327118383982724
2019-11-22,0.003516761693733569
2019-11-25,0.00944727884614295
2019-11-26,-0.01696965740506292
2019-11-27,0.003139412109174318
2019-11-28,0.012724037798667829
2019-11-29,-0.011187379724733288
2019-12-02,0.009606580055271508
2019-12-03,-0.016583917968382912
2019-12-04,0.0028013213258237537
2019-12-05,-0.025005716877428405
2019-12-06,-0.008897173498242818
2019-12-09,0.02547522143051317
2019-12-10,0.0005198026703374428
2019-12-11,0.009474346914105333
2019-12-12,0.006456608226722247
2019-12-13,-0.005533201009224229
2019-12-16,-0.009130746489816568
2019-12-17,0.010275674502527263
2019-12-18,-0.008859481718809462
2019-12-19,-0.006953840643741443
2019-12-20,0.0003361879704437233
2019-12-23,-0.006781479009613329
2019-12-24,0.013864434106668115
2019-12-25,0.009939118298335492
2019-12-26,0.006839964210308589
2019-12-27,0.02004513175780156
2019-12-30,0.005749229614980069
2019-12-31,-0.010466475434629224
2020-01-02,0.00036432860191273236
2020-01-03,0.01603102409257904
2020-01-06,0.01711898048774588
2020-01-07,-0.00783430640628681
2020-01-08,0.016728260966173965
2020-01-09,-0.04162962729515939
2020-01-10,0.005015749842512728
2020-01-13,0.010267158875895974
2020-01-14,-0.004709045793267625
2020-01-15,-0.015361863282549683
2020-01-16,-0.003779037625963707
2020-01-17,0.007605405164202314
2020-01-20,0.006351414717882967
2020-01-21,-0.027644743566349255
2020-01-22,-0.00465402393757267
2020-01-23,-0.007518631971284111
2020-02-03,0.006742292512655092
2020-02-04,-0.0072088549906983365
2020-02-05,-0.009707168775559376
2020-02-06,-0.03180950754910977
2020-02-07,0.003953090323888146
2020-02-10,0.009854467059938574
2020-02-11,-0.02386155367257939
2020-02-12,-0.006617716117061668
2020-02-13,-0.0046136128001426835
2020-02-14,-0.006068509251381912
2020-02-17,-0.026411889104046307
2020-02-18,0.023018867304035205
2020-02-19,-0.0076133676687773506
2020-02-20,-0.029431923860978877
2020-02-21,0.0019984911896167405
2020-02-24,0.03531776710055879
2020-02-25,-0.013186446775095506
2020-02-26,0.024437932965582145
2020-02-27,0.013174903872486224
2020-02-28,0.07614683479609563
2020-03-02,-0.07135433307989077
2020-03-03,-0.011747884186690566
2020-03-04,0.012158438008319295
2020-03-05,-0.0006240971377396314
2020-03-06,0.019989521624609315
2020-03-09,0.05165208896516923
2020-03-10,0.007999063432575934
2020-03-11,0.011853577608258892
2020-03-12,0.02832001213503949
2020-03-13,-0.00703599574732155
2020-03-16,0.02997641739997969
2020-03-17,0.016226584263290912
2020-03-18,0.03522613930111472
2020-03-19,0.030319244366303535
2020-03-20,-0.04196044242516816
2020-03-23,0.03872203054378316
2020-03-24,-0.04868109116588321
2020-03-25,-0.02461631763824928
2020-03-26,0.01934590840220607
2020-03-27,0.014598841822852161
2020-03-30,0.0446549871521472
2020-03-31,-0.0263652586373118
2020-04-01,0.008973053074352892
2020-04-02,-0.04281544036187136
2020-04-03,0.008762198597826235
2020-04-07,-0.03642957302973657
2020-04-08,-0.01018554371260091
2020-04-09,-0.030811819575706636
2020-04-10,-0.007781132655484864
2020-04-13,0.006234877419074019
2020-04-14,-0.012663549457797432
2020-04-15,0.0020720231713369764
2020-04-16,-0.0013433957795987478
2020-04-17,-0.014717553786364178
2020-04-20,-0.014135944464076181
2020-04-21,-0.008881373461356682
2020-04-22,0.008787415182573338
2020-04-23,-0.010169306812278492
2020-04-24,0.003961343555113545
2020-04-27,0.035960814304949545
2020-04-28,0.016980495656946943
2020-04-29,-0.004670820517802419
2020-04-30,0.0004916431614344755
2020-05-06,-0.012618995112136147
2020-05-07,0.0004847246523528567
2020-05-08,0.008753750303868553
2020-05-11,0.0021301061738883517
2020-05-12,0.00474563599563619
2020-05-13,-0.009884707978434873
2020-05-14,0.005840117094973132
2020-05-15,-0.013750751249475305
2020-05-18,0.01567008643781495
2020-05-19,0.016828319381282698
2020-05-20,-0.00664112694023034
2020-05-21,0.014144448504939238
2020-05-22,-0.027546017031699746
2020-05-25,0.004765133366791199
2020-05-26,0.0007430312078234854
2020-05-27,-0.001552468164083888
2020-05-28,0.0058048908728099225
2020-05-29,0.019016602679858316
2020-06-01,0.016777062761725494
2020-06-02,0.00545097894915322
2020-06-03,0.00793572243468888
2020-06-04,-0.021549465142068853
2020-06-05,0.018088970232653503
2020-06-08,0.024344125206475414
2020-06-09,0.000707979012005552
2020-06-10,-0.006018048503908326
2020-06-11,-0.004914139472828334
2020-06-12,-0.0038262527057400363
2020-06-15,-0.023175233179753167
2020-06-16,0.03171130139594115
2020-06-17,-0.013016407482365037
2020-06-18,0.007470385476290124
2020-06-19,0.008940523480418266
2020-06-22,-0.011878019879557741
2020-06-23,0.0008702451494117944
2020-06-24,0.006016068677823022
2020-06-29,-0.028473961293841953
2020-06-30,0.011908739098627668
2020-07-01,0.015471594346508395
2020-07-02,0.010938491386699997
2020-07-03,0.00538243772090658
2020-07-06,0.01884799303209383
2020-07-07,-0.00888870829137599
2020-07-08,0.018330994309956442
2020-07-09,0.0183273986912951
2020-07-10,-0.016816840526205884
2020-07-13,0.030083598935719824
2020-07-14,-0.002708164145444168
2020-07-15,0.005083571022271819
2020-07-16,-0.023030481074995845
2020-07-17,0.013916822796759471
2020-07-20,0.002940226308512188
2020-07-21,0.01899244454479202
2020-07-22,0.01117074267309865
2020-07-23,0.01400198502203486
2020-07-24,-0.028321699444881984
2020-07-27,0.014724062297270411
2020-07-28,-0.012186654033109751
2020-07-29,0.022674163287866457
2020-07-30,0.0016624378151998249
2020-07-31,0.008685247633690035
2020-08-03,0.024664808757515574
2020-08-04,0.0040130064201731345
2020-08-05,-0.004597177040730392
2020-08-06,0.005135834884974713
2020-08-07,-0.010696691387784016
2020-08-10,-0.01585797227907402
2020-08-11,-0.022699233496987704
2020-08-12,-0.004302437848681703
2020-08-13,0.007154482324831086
2020-08-14,0.006466915561803511
2020-08-17,0.015977078681555203
2020-08-18,0.00885717073612502
2020-08-19,-0.015070196138964922
2020-08-20,-0.017755069846881924
2020-08-21,0.002416427359985809
2020-08-24,-0.004963888557087223
2020-08-25,-0.01122022554795862
2020-08-26,0.0037251196492630273
2020-08-27,0.005950189160169448
2020-08-28,0.004443404356708903
2020-08-31,0.012022696324111659
2020-09-01,0.005000549024279098
2020-09-02,-0.003435153954505365
2020-09-03,-0.013322958099352054
2020-09-04,0.0026557320399673285
2020-09-07,-0.008646054517578574
2020-09-08,0.0035309657945960856
2020-09-09,-0.0025896129542299032
2020-09-10,0.006270553965386434
2020-09-11,0.010643586646698113
2020-09-14,0.0009885772259091536
2020-09-15,0.006240661317836793
2020-09-16,-0.008917060395767085
2020-09-17,0.010130641569617583
2020-09-18,0.004905365508384697
2020-09-21,0.015027540209979042
2020-09-22,-0.008328682272488567
2020-09-23,-0.01035250510416828
2020-09-24,-0.001469440096306134
2020-09-25,-0.00233208023758405
2020-09-28,0.0055011469351341265
2020-09-29,-0.008721047573477728
2020-09-30,-0.004910116188827045
2020-10-09,0.005432070826083917
2020-10-12,-0.0003165674795680991
2020-10-13,-0.0005507312990008096
2020-10-14,0.004717363603720903
2020-10-15,-0.0031771745599923997
2020-10-16,0.0021693981005347336
2020-10-19,-0.0013386679317339786
2020-10-20,0.007307416100336382
2020-10-21,0.0011189964160287288
2020-10-22,-0.0041342991452358435
2020-10-23,-0.0026374146084752704
2020-10-26,0.01571057049243607
2020-10-27,-0.00044676469565378164
2020-10-28,0.010016607254993759
2020-10-29,0.006915072644224278
2020-10-30,0.010739902002900543
2020-11-02,-0.009073596030856857
2020-11-03,-0.0019111009063257206
2020-11-04,0.0007135337009749583
2020-11-05,0.014965174506235834
2020-11-06,0.009056844466135998
2020-11-09,-0.01577783798032552
2020-11-10,-0.01913419520890451
2020-11-11,-0.0066398730000495265
2020-11-12,0.005911179373135622
2020-11-13,0.007312678945596602
2020-11-16,0.009654439529345402
2020-11-17,0.006782592104938835
2020-11-18,-0.003338144851397007
2020-11-19,0.015934952135344654
2020-11-20,0.0031738670339440484
2020-11-23,-0.023557212200038542
2020-11-24,-0.0011900535683914768
2020-11-25,0.007501895852315298
2020-11-26,0.0019366395004860129
2020-11-27,0.010657018799200585
2020-11-30,0.0056970414543591865
2020-12-01,-0.0007508281078271811
2020-12-02,-0.002941061502489961
2020-12-03,-0.0018730218945146868
2020-12-04,0.013456097643769427
2020-12-07,0.0038974439767916103
2020-12-08,-0.03597747728396619
2020-12-09,0.003309395255156138
2020-12-10,0.013177189907566483
2020-12-11,0.028176601314210067
2020-12-14,-0.0023341310670970585
2020-12-15,0.00833212126577919
2020-12-16,0.0030749363793239905
2020-12-17,0.031615773755130736
2020-12-18,0.025474135880438186
2020-12-21,0.021189327943908435
2020-12-22,-0.058800267600246835
2020-12-23,-0.02956983835834272
2020-12-24,0.023374234658475008
2020-12-25,0.012570525447831854
2020-12-28,-0.03572095346006129
2020-12-29,-0.011458051621416348
2020-12-30,0.01708639215134095
2020-12-31,0.022786833825935222
2021-01-04,0.02637253380601429
2021-01-05,0.0015493525530797755
2021-01-06,0.026155210831487342
2021-01-07,0.0294462675951674
2021-01-08,0.0001507007893367284
2021-01-11,-0.05038504562271362
2021-01-12,0.022409594832995944
2021-01-13,0.008476888995548701
2021-01-14,-0.012243165626047868
2021-01-15,-0.0026633899235312198
2021-01-18,0.0013737971688899254
2021-01-19,-0.02387841628100284
2021-01-20,-0.0013848005820908931
2021-01-21,-0.01039299025827784
2021-01-22,-0.027937670894889497
2021-01-25,-0.0037262671628208997
2021-01-26,-0.017357614114209132
2021-01-27,0.003568410531855416
2021-01-28,-0.01938352520255962
2021-01-29,0.002102441028370776
2021-02-01,0.002662421602553742
2021-02-02,0.02870669689447598
2021-02-03,-0.0010478202125019241
2021-02-04,-0.016227705184872793
2021-02-05,-0.015702270008924466
2021-02-08,-0.0074154109232476804
2021-02-09,-0.0277081531950663
2021-02-10,0.012786451474948324
2021-02-18,0.06154696976918233
2021-02-19,0.002541605096792095
2021-02-22,0.02953204513890598
2021-02-23,0.011668005762229655
2021-02-24,0.011157192721532046
2021-02-25,0.049887603423984364
2021-02-26,-0.035873260679687255
2021-03-01,-0.0007957857095912173
2021-03-02,-0.01414800568717985
2021-03-03,0.016144919265354784
2021-03-04,0.010345011550365858
2021-03-05,0.0010625682889545615
2021-03-08,0.03395376093849188
2021-03-09,-0.03410555404622588
2021-03-10,-0.019649195789444993
2021-03-11,0.02898753636645975
2021-03-12,0.001439484185096472
2021-03-15,0.009084983382403166
2021-03-16,-0.025857103679400154
2021-03-17,0.010954372112645695
2021-03-18,-0.012852987967126698
2021-03-19,-0.051625876879252575
2021-03-22,0.02102202033742141
2021-03-23,0.0020827698781470958
2021-03-24,0.014511095706073559
2021-03-25,-0.004095065638755763
2021-03-26,-0.024048485406893284
2021-03-29,0.00458560006687775
2021-03-30,-0.0003163483954696794
2021-03-31,0.02372575881002058
2021-04-01,-0.032628884102106966
2021-04-02,0.002179944224480283
2021-04-06,-0.0006927142418595016
2021-04-07,-0.013263830472054795
2021-04-08,0.010463458159345455
2021-04-09,-0.0010321128929627627
2021-04-12,-0.01272952273332167
2021-04-13,0.008168235983053643
2021-04-14,-0.009181687170233148
2021-04-15,-0.02892983671478991
2021-04-16,0.0022202552995914207
2021-04-19,-0.004326348210351334
2021-04-20,-0.011362172101579077
2021-04-21,-0.015250887174664152
2021-04-22,-0.008381467050261363
2021-04-23,0.006391335161834146
2021-04-26,0.03427354507017588
2021-04-27,0.027471622153070075
2021-04-28,-0.011228357806252972
2021-04-29,0.012190699065401628
2021-04-30,-0.018961708545893578
2021-05-06,0.05093154659653184
2021-05-07,0.02712273629822262
2021-05-10,0.02660724503337992
2021-05-11,-0.011757366601689245
2021-05-12,0.04553312366106764
2021-05-13,-0.03324480948838973
2021-05-14,-0.0426053783876607
2021-05-17,0.0028138525319752468
2021-05-18,0.030443754106457582
2021-05-19,-0.054916152477269796
2021-05-20,-0.03609783954176808
2021-05-21,-0.04971095559561521
2021-05-24,-0.023035789473951407
2021-05-25,0.008601047276402164
2021-05-26,0.03620413794412958
2021-05-27,-0.03936921764545927
2021-05-28,-0.014116601705577754
2021-05-31,-0.003247146190689922
2021-06-01,-0.020420351184321766
2021-06-02,0.002306747256295257
2021-06-03,-0.012798064842018115
2021-06-04,-0.01394463067054568
2021-06-07,0.00863853456619161
2021-06-08,-0.0017227652144370825
2021-06-09,-0.006342398717458672
2021-06-10,-0.011127379494765955
2021-06-11,-0.02157859350106511
2021-06-15,0.0216056575176732
2021-06-16,0.023389285184111805
2021-06-17,0.0004707645401367607
2021-06-18,0.014211918584779243
2021-06-21,0.013261351635392021
2021-06-22,-0.00021040243341751688
2021-06-23,-0.008080685811906197
2021-06-24,0.00039774746778324427
2021-06-25,-0.00418517347472832
2021-06-28,0.0010383495721062056
2021-06-29,-0.013243278275566872
2021-06-30,-0.002164152482430563
2021-07-01,-0.020136267473168448
2021-07-02,0.001906679142593587
2021-07-05,0.0009352987185789667
2021-07-06,-0.012823817007425152
2021-07-07,-0.0227925103578428
2021-07-08,-0.024672487206334325
2021-07-09,0.008671342160273314
2021-07-12,0.007162826544610645
2021-07-13,-0.005097418647980954
2021-07-14,0.01733209451982396
2021-07-15,-0.021877600926430128
2021-07-16,0.014275825776627518
2021-07-19,0.013181454632244793
2021-07-20,-0.008626058111290878
2021-07-21,-0.009704041854492813
2021-07-22,-0.0036978920081720923
2021-07-23,-0.011785291641816303
2021-07-26,-0.003222858210617433
2021-07-27,0.009146910834587144
2021-07-28,-0.010243550053293752
2021-07-29,0.029177132396342287
2021-07-30,0.03644501123539672
2021-08-02,-0.06877013093768633
2021-08-03,-0.03407560003931157
2021-08-04,0.03009188311840939
2021-08-05,0.011464208697203052
2021-08-06,0.014645619115272077
2021-08-09,0.006685435526524694
2021-08-10,-0.005711535122415213
2021-08-11,-0.014110432700930374
2021-08-12,0.003640331753634594
2021-08-13,-0.002706250664998872
2021-08-16,0.013245912084472709
2021-08-17,0.012114875548194348
2021-08-18,0.007687406744791878
2021-08-19,-0.00015869020728803994
2021-08-20,-0.015830948776116845
2021-08-23,0.013850094318571688
2021-08-24,-0.05584644569569935
2021-08-25,0.0027786392196955884
2021-08-26,-0.004480944712080942
2021-08-27,-0.023735477096985428
2021-08-30,-0.012641976145223973
2021-08-31,0.013912239512717106
2021-09-01,0.016738533354715295
2021-09-02,-0.005226565598967323
2021-09-03,-0.00787675506707189
2021-09-06,-0.004963017465846146
2021-09-07,-0.003471309004878058
2021-09-08,0.001291478723363153
2021-09-09,0.011478656777041867
2021-09-10,-0.014408829285063757
2021-09-13,0.0014541165000042993
2021-09-14,-0.030217333864701997
2021-09-15,0.013545432624848048
2021-09-16,0.015182908640441991
2021-09-17,-0.004391090804366218
2021-09-22,0.0051496529785650174
2021-09-23,-0.0013960708770810934
2021-09-24,-0.022484964717562478
2021-09-27,0.0039282787774155455
2021-09-28,0.031146774442195435
2021-09-29,-0.02789995166667621
2021-09-30,0.021860436606083392
2021-10-08,0.038132714511587194
2021-10-11,0.029358770401531342
2021-10-12,-0.013852545783784921
2021-10-13,-0.026361752038573265
2021-10-14,-0.008769173755028446
2021-10-15,0.016111866834840675
2021-10-18,0.03903554722270874
2021-10-19,0.006826584643771213
2021-10-20,-0.0020622926271837354
2021-10-21,0.009723760860344044
2021-10-22,-0.02121345753896409
2021-10-25,0.015080105774230171
2021-10-26,-0.008991652046680756
2021-10-27,0.0013552278022442882
2021-10-28,-0.021125356003860257
2021-10-29,0.0007048573019799848
2021-11-01,0.0015407422622441649
2021-11-02,0.03608903211817954
2021-11-03,-0.021708705266066008
2021-11-04,-0.00836071230716403
2021-11-05,0.026711903048624724
2021-11-08,-0.014400308305262507
2021-11-09,0.023141041642400464
2021-11-10,0.013856996686621645
2021-11-11,-0.03556855397114796
2021-11-12,0.03741570705186123
2021-11-15,0.015556077175891287
2021-11-16,-0.005822651537109341
2021-11-17,-0.007893173033340585
2021-11-18,0.03274403583415523
2021-11-19,-0.04249869897321345
2021-11-22,-0.0063592752402220586
2021-11-23,-0.029342438160572557
2021-11-24,-0.04508577511405951
2021-11-25,0.004576684324933395
2021-11-26,0.02649683975923013
2021-11-29,-0.0014384730675409032
2021-11-30,0.021590809169331444
2021-12-01,-0.026810418838022564
2021-12-02,0.015879221218308027
2021-12-03,-0.013330030069407724
2021-12-06,-0.022635867865193372
2021-12-07,-0.0040990742093462325
2021-12-08,0.0069990252548726515
2021-12-09,-0.02039831250842999
2021-12-10,0.030137166452580497
2021-12-13,-0.026255155802989198
2021-12-14,0.013530331926918705
2021-12-15,0.0034743645738625536
2021-12-16,0.00042200624059207865
2021-12-17,-0.011765662666150834
2021-12-20,0.010385208384611206
2021-12-21,-0.004287101826466309
2021-12-22,-0.027014197058105514
2021-12-23,-0.01683026315373645
2021-12-24,-0.010310832929929119
2021-12-27,0.0033831763631511865
2021-12-28,-0.01939394198889482
2021-12-29,-0.010406612128477927
2021-12-30,0.007292548533796523
2021-12-31,0.013511714883678005
2022-01-04,-0.018583902886812456
2022-01-05,-0.0007073835161675777
2022-01-06,-0.013831355654038813
2022-01-07,0.0148535236881086
2022-01-10,-0.023706643040391353
2022-01-11,0.013000041229427908
2022-01-12,0.012379486328681015
2022-01-13,-0.0007586868912879629
2022-01-14,0.0009850156696185912
2022-01-17,-0.02066762136504179
2022-01-18,0.008849410671760207
2022-01-19,0.012820886070184952
2022-01-20,0.0045218736420196935
2022-01-21,-0.0021654138733370643
2022-01-24,-0.011648574584357075
2022-01-25,0.006403338889872528
2022-01-26,0.012414183861881213
2022-01-27,0.007990220623462461
2022-01-28,0.030469961275184934
2022-02-07,0.042377844940411975
2022-02-08,0.0042053934362730385
2022-02-09,-0.02909896253681182
2022-02-10,0.024541454424178696
2022-02-11,-0.021968085341913045
2022-02-14,0.010436384280568265
2022-02-15,-0.004600730626485889
2022-02-16,-0.0010752713262364838
2022-02-17,-0.005607835526993493
2022-02-18,0.018873127333408377
2022-02-21,0.006914641313814908
2022-02-22,0.026525518842723327
2022-02-23,0.006688459329738445
2022-02-24,0.039709581580937514
2022-02-25,-0.02229527133937368
2022-02-28,-0.0035222914673890536
2022-03-01,-0.0042352295991039506
2022-03-02,0.03568777150434851
2022-03-03,0.028235223982457685
2022-03-04,-0.02658342312812234
2022-03-07,0.07953598453497747
2022-03-08,-0.0020536532500984228
2022-03-09,0.00413098449714719
2022-03-10,-0.03387747314378865
2022-03-11,0.005916870326369843
2022-03-14,-0.00320368422082202
2022-03-15,-0.011864034503156222
2022-03-16,0.0031494917102728474
2022-03-17,-0.01118748788375062
2022-03-18,0.033701299940501195
2022-03-21,-0.0016705447610202574
2022-03-22,0.01916714645441097
2022-03-23,0.0018074588075364364
2022-03-24,0.004488301734409803
2022-03-25,0.018546236976360687
2022-03-28,-0.013540089476517346
2022-03-29,-0.017625697737923593
2022-03-30,-0.00203527200978457
2022-03-31,-0.01995726098619371
2022-04-01,-0.012942415044432382
2022-04-06,-0.019031558987154508
2022-04-07,-0.0025258615512702576
2022-04-08,-0.003442262274471786
2022-04-11,-0.02473364132425885
2022-04-12,0.02637572816869624
2022-04-13,-0.0030011594833953786
2022-04-14,0.01124996149788438
2022-04-15,0.01559369753645387
2022-04-18,-0.003909899655448971
2022-04-19,-0.007312855448006655
2022-04-20,-0.0022726359467576005
2022-04-21,0.006770323450715771
2022-04-22,-0.009384427644803437
2022-04-25,0.013620967225969097
2022-04-26,0.012405730477205076
2022-04-27,-0.014285296703916945
2022-04-28,0.001656108948731584
2022-04-29,-0.010336847991905608
2022-05-05,-0.016846205473862817
2022-05-06,0.036727550891313854
2022-05-09,0.023630833212901443
2022-05-10,-0.026572467862141572
2022-05-11,-0.014422530621209259
2022-05-12,0.030447613919666272
2022-05-13,-0.004047716840515388
2022-05-16,-0.0071060728219453145
2022-05-17,0.005392392931140702
2022-05-18,0.020976030384135903
2022-05-19,-0.024843498065822447
2022-05-20,-0.009506307717646042
2022-05-23,-0.00937727590858894
2022-05-24,0.016513562700520484
2022-05-25,-0.0015742396588159088
2022-05-26,0.0021672831741500463
2022-05-27,-0.0048431423424823
2022-05-30,0.0010574894189312207
2022-05-31,0.01918073499222177
2022-06-01,-0.008217224158441677
2022-06-02,-0.006721260733718005
2022-06-06,0.03280963261067038
2022-06-07,0.016055139219789724
2022-06-08,0.017759884388802407
2022-06-09,-0.0032450344755327793
2022-06-10,0.0049723822216988295
2022-06-13,-0.03141800713576142
2022-06-14,0.0040985523503707655
2022-06-15,-0.028160536832948193
2022-06-16,-0.01470226562986103
2022-06-17,-0.004889981693616076
2022-06-20,0.001238092047098721
2022-06-21,-0.009591833779350625
2022-06-22,0.03273781610459513
2022-06-23,-0.00655735908970089
2022-06-24,0.0312404304766166
2022-06-27,-0.03094796699712617
2022-06-28,-0.02995651612211145
2022-06-29,0.008719081120541488
2022-06-30,0.0032426469127298375
2022-07-01,0.04398030063648147
2022-07-04,0.0076855103324753385
2022-07-05,0.004005505718828201
2022-07-06,0.028898432965117283
2022-07-07,0.0013338913096694212
2022-07-08,-0.014569489734205299
2022-07-11,0.013072441368583968
2022-07-12,0.03164036264235632
2022-07-13,0.02364555685418746
2022-07-14,0.0189260771313995
2022-07-15,0.04984027269966168
2022-07-18,-0.06815064976166525
2022-07-19,0.025063705381531687
2022-07-20,-0.013437329919685412
2022-07-21,0.010163018025668208
2022-07-22,-0.007899818196184235
2022-07-25,-0.009655446908311152
2022-07-26,-0.041908823470406
2022-07-27,0.007064160502919766
2022-07-28,-0.04673484475829717
2022-07-29,0.001995399466884008
2022-08-01,-0.0020708717363154953
2022-08-02,0.002226334042344525
2022-08-03,0.007102102645453862
2022-08-04,0.008957672727954002
2022-08-05,-0.0047091408461463835
2022-08-08,-0.02299168732624879
2022-08-09,0.006526620225091267
2022-08-10,-0.00453459035632166
2022-08-11,-0.0038610828038255717
2022-08-12,0.009780313354636114
2022-08-15,-0.0085760961335093
2022-08-16,0.002716930480913508
2022-08-17,-0.025581720996037643
2022-08-18,-0.0046866062376772315
2022-08-19,-0.0005899217092153652
2022-08-22,0.011522018721920555
2022-08-23,-0.014254323256322126
2022-08-24,0.004670196926529042
2022-08-25,0.0033937076129011566
2022-08-26,0.0048217853384769395
2022-08-29,0.013460290372387263
2022-08-30,0.005124096682382818
2022-08-31,-0.003283621987923973
2022-09-01,0.0043244310552563656
2022-09-02,0.0030432365794751696
2022-09-05,-0.0189226624759228
2022-09-06,0.002675716459278807
2022-09-07,0.005671292683712532
2022-09-08,-0.00834358561360072
2022-09-09,-0.00875567674033675
2022-09-13,-0.013563856218533532
2022-09-14,0.004365578981294208
2022-09-15,0.0024275904121930274
2022-09-16,0.012986886803470108
2022-09-19,-0.006778149324569699
2022-09-20,0.004134821744275383
2022-09-21,0.003698121618104403
2022-09-22,-0.0007897246604805729
2022-09-23,-0.009560691965454584
2022-09-26,0.016931162266950604
2022-09-27,0.002564349600053731
2022-09-28,0.007572697936791299
2022-09-29,-0.003229355855386717
2022-09-30,-0.0036493898809953312
2022-10-10,-0.00539459328908969
2022-10-11,-0.013367293953645127
2022-10-12,-0.00831117124748541
2022-10-13,-0.00365534926640391
2022-10-14,0.0036896765326770724
2022-10-17,-0.01822796920749995
2022-10-18,-0.002971863045957398
2022-10-19,0.00829220780024679
2022-10-20,0.0028675802835258874
2022-10-21,5.8199966594226415e-05
2022-10-24,0.013320520911146005
2022-10-25,0.005062461764201516
2022-10-26,0.007112268008445396
2022-10-27,0.009322464778370891
2022-10-28,0.022235936014495424
2022-10-31,0.01684248341504032
2022-11-01,-0.03714675178026712
2022-11-02,-0.003857165815566757
2022-11-03,-0.0012925681240524346
2022-11-04,-0.024884103271330213
2022-11-07,0.014109457579832398
2022-11-08,-0.00998204783350616
2022-11-09,-0.003983677302458652
2022-11-10,0.00927285484445239
2022-11-11,-0.03109023175925843
2022-11-14,-0.006266567873604937
2022-11-15,-0.007167305341173817
2022-11-16,0.004425176016636632
2022-11-17,0.006146387395637431
2022-11-18,-0.0025992006227109426
2022-11-21,-0.0010960260295176465
2022-11-22,0.004867769762554431
2022-11-23,0.0036153075002309993
2022-11-24,0.004345078249258899
2022-11-25,0.010423970352054052
2022-11-28,0.002808738774995865
2022-11-29,0.008231299916556722
2022-11-30,-0.0015648062133444762
2022-12-01,0.002697138547772713
2022-12-02,0.013479163999291048
2022-12-05,-0.0020987768853183483
2022-12-06,0.00390776269756299
2022-12-07,0.007874254313514429
2022-12-08,0.01575686849391366
2022-12-09,0.015297666721184548
2022-12-12,-0.013811862802752685
2022-12-13,-0.014080477436479255
2022-12-14,0.005472905375049773
2022-12-15,0.002601309768639829
2022-12-16,-0.0034714307714067195
2022-12-19,-0.018662491573290495
2022-12-20,-0.0014664544815939885
2022-12-21,0.01307077028938964
2022-12-22,-0.005802450862140475
2022-12-23,-0.0009259538828629765
2022-12-26,-0.011954397306893702
2022-12-27,-0.003896030998861138
2022-12-28,-0.004503769304517364
2022-12-29,0.0016525876773155034
2022-12-30,-0.002138351183744029
2023-01-03,-0.012677064104612938
2023-01-04,0.0011243721512330497
2023-01-05,-0.00785310845333083
2023-01-06,0.005801734595993609
2023-01-09,-0.006586073344595445
2023-01-10,0.008367639723695084
2023-01-11,-0.0009578021599556626
2023-01-12,0.004112093099361827
2023-01-13,0.010038219704015907
2023-01-16,-0.00965597514136227
2023-01-17,0.004287319029993923
2023-01-18,0.013024030095544255
2023-01-19,-0.0005431792008493301
2023-01-20,0.012035625162458045
2023-01-30,0.0028928085396154905
2023-01-31,-0.019314292638844807
2023-02-01,-0.00011498660269184173
2023-02-02,-0.01943265378888673
2023-02-03,-0.005830579525232874
2023-02-06,-0.005966810374609059
2023-02-07,-0.008563523714025157
2023-02-08,-0.009418083722849994
2023-02-09,0.0013485005827887837
2023-02-10,-0.0050916805317489525
2023-02-13,-0.01068885752772949
2023-02-14,-0.003630076416253425
2023-02-15,-0.0014585693521912196
2023-02-16,0.0015312763270685888
2023-02-17,-0.0034708231805926832
2023-02-20,0.0013938932133651214
2023-02-21,0.00011361297266415272
2023-02-22,-0.0035281142838831598
2023-02-23,-0.0048547462339927705
2023-02-24,-0.0022407971899826217
2023-02-27,-0.0027017979440491845
2023-02-28,-0.004413058897093853
2023-03-01,-0.002280216154833671
2023-03-02,0.0030746693762054213
2023-03-03,0.005836667703631897
2023-03-06,-0.007737857957284253
2023-03-07,0.008067572953041741
2023-03-08,-0.0053974398203783325
2023-03-09,0.002825264878864058
2023-03-10,0.005791944113338671
2023-03-13,0.007557190288974595
2023-03-14,0.005421663656079727
2023-03-15,-0.0002308285470652357
2023-03-16,0.0095632929667573
2023-03-17,0.00789028309790037
2023-03-20,0.014835794028202422
2023-03-21,-0.008971137670832463
2023-03-22,-0.0005968429796929705
2023-03-23,0.005636709461219626
2023-03-24,0.007268641061287925
2023-03-27,0.0021827012526639336
2023-03-28,-0.013502040256988704
2023-03-29,-0.00102234838967615
2023-03-30,-0.004738946660042277
2023-03-31,-0.0009428850710943336
2023-04-03,-0.0019745078555719543
2023-04-04,0.0006908931888429612
2023-04-06,0.025632863345903676
2023-04-07,2.7839357062440086e-05
2023-04-10,0.0064477854385946885
2023-04-11,-0.021812138341810595
2023-04-12,0.009148733141151964
2023-04-13,0.003829045999826379
2023-04-14,0.008101643211036716
2023-04-17,-0.003614178647411767
2023-04-18,-0.012275127747020186
2023-04-19,0.007890994639287482
2023-04-20,0.005293222248609246
2023-04-21,0.013382149772070927
2023-04-24,0.009809760520422981
2023-04-25,0.012217579065453116
2023-04-26,-0.007987897687487708
2023-04-27,0.007090288610448211
2023-04-28,-0.0045518952294419475
2023-05-04,0.03740407159698705
2023-05-05,0.0003189055082577772
2023-05-08,-0.04733491858031169
2023-05-09,0.018873198590512938
2023-05-10,0.009483475011738988
2023-05-11,0.030629514594942425
2023-05-12,0.015583985374336876
2023-05-15,-0.014815810081198647
2023-05-16,-0.0013163595170362355
2023-05-17,-0.008830262454613097
2023-05-18,-0.010727355786810056
2023-05-19,0.011193858195127353
2023-05-22,0.036878991719107704
2023-05-23,-0.007077518571431765
2023-05-24,0.01905401871105485
2023-05-25,0.002899672075428913
2023-05-26,-0.03058823103978689
2023-05-29,-0.011689952159310523
2023-05-30,0.01686362141362254
2023-05-31,0.022789146163973838
2023-06-01,-0.04303284930208434
2023-06-02,-0.01758775831740865
2023-06-05,-0.0003007859914506276
2023-06-06,-0.004418853868069238
2023-06-07,0.01143069134906111
2023-06-08,-0.005784379597870685
2023-06-09,-0.02047421367078339
2023-06-12,-0.00885861692241388
2023-06-13,0.00517413329100267
2023-06-14,0.004934051445424752
2023-06-15,-0.011106768842060482
2023-06-16,0.022324461155650645
2023-06-19,0.00020314190080272885
2023-06-20,0.002723115666084212
2023-06-21,0.001234483618072762
2023-06-26,-0.011928806727347387
2023-06-27,0.01415072778683732
2023-06-28,-0.00610387818023295
2023-06-29,0.002736611136185261
2023-06-30,0.008792757085745416
2023-07-03,0.0373922253979018
2023-07-04,-0.0015329594980436527
2023-07-05,0.003155397583211588
2023-07-06,0.00880091974067052
2023-07-07,-0.012276801329282602
2023-07-10,-0.0022831035214884087
2023-07-11,0.011585543925269823
2023-07-12,0.01478035943518665
2023-07-13,-0.0028233943271190045
2023-07-14,0.026682563670555548
2023-07-17,-0.02916755203452716
2023-07-18,0.012753360325044814
2023-07-19,0.01526333235591776
2023-07-20,0.009358589310223868
2023-07-21,-0.01578711032987389
2023-07-24,-0.009158803713512317
2023-07-25,0.028739750760014386
2023-07-26,0.012211430591818225
2023-07-27,3.710514861430938e-06
2023-07-28,0.009257912382498039
2023-07-31,-0.004785772742590261
2023-08-01,0.017643418398585593
2023-08-02,-0.016088921013872676
2023-08-03,-0.038017696158375344
2023-08-04,0.01923261552663245
2023-08-07,-0.0016490189945430691
2023-08-08,-0.029267892978681827
2023-08-09,0.014629664664045866
2023-08-10,0.005108111035738538
2023-08-11,-0.022916008629268313
2023-08-14,0.012982227669833353
2023-08-15,0.0022425105761701325
2023-08-16,-0.019506114776149216
2023-08-17,-0.005673447978067208
2023-08-18,-0.0029220114180204602
2023-08-21,0.004571410338101858
2023-08-22,-0.018441383200593794
2023-08-23,-0.0003832954754475396
2023-08-24,0.0012748003213033832
2023-08-25,-0.004693410287741665
2023-08-28,-0.0005987639588925793
2023-08-29,-0.005145284881607529
2023-08-30,0.006572228536490989
2023-08-31,-0.0048111567680846744
2023-09-01,0.021119666396008378
2023-09-04,-0.010519890208801938
2023-09-05,0.004585659499355246
2023-09-06,0.014792960664492488
2023-09-07,-0.006800023296288507
2023-09-08,-0.00936959981706938
2023-09-11,0.01084503676705043
2023-09-12,0.019417857666575587
2023-09-13,-0.005287248888696772
2023-09-14,0.017480005760775363
2023-09-15,0.01524169302446002
2023-09-18,-0.008907026145960022
2023-09-19,-0.028181936462928877
2023-09-20,-0.007602420188699965
2023-09-21,-0.02015536898719317
2023-09-22,0.014331200862866624
2023-09-25,-0.012062367644981364
2023-09-26,-0.014780127904241006
2023-09-27,0.0009479114882915889
2023-09-28,0.0015089707271577688
2023-10-09,0.006868125493921736
2023-10-10,0.01883895804706501
2023-10-11,-0.002713153208423065
2023-10-12,-0.011404990942622158
2023-10-13,-0.003658114129977003
2023-10-16,-0.02044454419497109
2023-10-17,0.009490611685582578
2023-10-18,-0.002553349278134291
2023-10-19,-0.003309735679254256
2023-10-20,-0.0005226526369799677
2023-10-23,0.020206726511504267
2023-10-24,-0.012954447233277384
2023-10-25,-0.007271361802853911
2023-10-26,-0.01092384858676997
2023-10-27,-0.014126731012542484
2023-10-30,-0.016462576022390027
2023-10-31,0.008372844751841439
2023-11-01,0.008931582579367901
2023-11-02,-0.0012193181012007152
2023-11-03,-0.011053303549576397
2023-11-06,-0.0071432318917391225
2023-11-07,0.006782180619575428
2023-11-08,0.016583055662546694
2023-11-09,0.0048516777652885335
2023-11-10,0.002420907169420797
2023-11-13,-0.0012709163366311288
2023-11-14,-0.0002889985414892529
2023-11-15,0.009493769090878689
2023-11-16,0.013744896905698589
2023-11-17,-0.0033165196454945155
2023-11-20,-0.008799847814148538
2023-11-21,-0.003152694632110809
2023-11-22,0.0033072545984750993
2023-11-23,-0.0063046221272930955
2023-11-24,-0.0018127964142242606
2023-11-27,-0.000695023763578064
2023-11-28,-0.012525951197267692
2023-11-29,0.004433656987275865
2023-11-30,-0.01128536318850189
2023-12-01,0.018211908618418923
2023-12-04,-0.003016858212374004
2023-12-05,0.0038286553034767236
2023-12-06,-0.0070368054174317594
2023-12-07,0.02065171642932587
2023-12-08,-0.014985740703365634
2023-12-11,-0.007588891686883376
2023-12-12,0.0030083599319139574
2023-12-13,0.037892139751111525
2023-12-14,-0.0010483853155421965
2023-12-15,-0.00918663347134668
2023-12-18,-0.003240618240360959
2023-12-19,0.0008438314247592916
2023-12-20,-0.014712958545523343
2023-12-21,-0.01283423576773526
2023-12-22,0.0013486644129291506
2023-12-25,-0.00032194815838513445
2023-12-26,0.0025468313230006955
2023-12-27,-0.010334737376743128
2023-12-28,-0.007846555931032178
2023-12-29,0.01862967253641467
2024-01-02,0.009289812060038344
2024-01-03,0.009098562325378682
2024-01-04,0.0008286517206260035
2024-01-05,-0.002494154796316648
2024-01-08,-0.01004002581448263
2024-01-09,-0.008207189491587493
2024-01-10,0.007727940784624182
2024-01-11,-0.0132402525414047
2024-01-12,0.015653596539727248
2024-01-15,-0.010193280917663368
2024-01-16,0.001005628922782848
2024-01-17,0.02072376570044102
2024-01-18,-0.004410063242023515
2024-01-19,-0.0020981307095352245
2024-01-22,0.0012465128379648398
2024-01-23,-0.013318216142092646
2024-01-24,-0.01844123198632833
2024-01-25,-0.012660393092602572
2024-01-26,0.00830981249564213
2024-01-29,0.0196345124317442
2024-01-30,0.0010533825594805527
2024-01-31,-0.009629619311298649
2024-02-01,-0.015419752751355615
2024-02-02,0.007924391121270594
2024-02-05,-0.005710256861257682
2024-02-06,-0.009059709986628105
2024-02-07,0.008311779411439617
2024-02-08,-0.010547784885404858
2024-02-19,0.006941307426685224
2024-02-20,0.014816936343336168
2024-02-21,-0.0013122698374794634
2024-02-22,0.008383454367050975
2024-02-23,-0.00037863807391529905
2024-02-26,0.004721209282036888
2024-02-27,-0.011412339692482973
2024-02-28,0.002843673425804046
2024-02-29,0.0033514076896470927
2024-03-01,0.004654760906605006
2024-03-04,-0.006174950071796026
2024-03-05,0.007542661167210018
2024-03-06,0.002082502024128636
2024-03-07,0.0008146395612460136
2024-03-08,0.02789536033908507
2024-03-11,0.018812930727697148
2024-03-12,0.0027984996627669076
2024-03-13,0.013265286484985284
2024-03-14,0.02537557672859937
2024-03-15,0.029440351636758174
2024-03-18,-0.004568376610089478
2024-03-19,-0.015891399592564928
2024-03-20,0.006696889616492759
2024-03-21,-0.015124938176128613
2024-03-22,-0.020875495215960535
2024-03-25,-0.005239753216182687
2024-03-26,0.020242622447357497
2024-03-27,-0.009564142913038524
2024-03-28,0.024099309425498296
2024-03-29,0.02961398433439831
2024-04-01,-0.01019378630960974
2024-04-02,0.003385553474761617
2024-04-03,0.015671699062489997
2024-04-08,-0.01782770415242923
2024-04-09,-0.0032576671098994833
2024-04-10,0.0009229745705473192
2024-04-11,-0.013495565495249088
2024-04-12,-0.0013388007208602643
2024-04-15,-0.002959685174068322
2024-04-16,0.002807336891231625
2024-04-17,0.0012127631329647654
2024-04-18,-0.005493938354372837
2024-04-19,0.007002685351131488
2024-04-22,-0.014782362527518146
2024-04-23,-0.016267785567555326
2024-04-24,0.009061006376951921
2024-04-25,-0.00016203906294969033
2024-04-26,0.004212359924619951
2024-04-29,-0.016396456535013974
2024-04-30,0.005436698701394952
2024-05-06,-0.0012857063567387433
2024-05-07,-0.003088975106189838
2024-05-08,-0.017023450422031596
2024-05-09,0.0021394783074376923
2024-05-10,0.008624439366440417
2024-05-13,0.01682188775863017
2024-05-14,-0.0136700582324022
2024-05-15,-0.0036098672156816974
2024-05-16,0.0089288055450473
2024-05-17,0.01977998252227798
2024-05-20,0.01641690906188076
2024-05-21,0.0026873496109245474
2024-05-22,0.018111583938468036
2024-05-23,-0.02456657458799903
2024-05-24,-0.0011638262652569546
2024-05-27,-0.009679465512637254
2024-05-28,0.0011502272426314047
2024-05-29,0.004497962464488881
2024-05-30,-0.012831838601317546
2024-05-31,-0.005256245514351169
2024-06-03,-0.028420104880380142
2024-06-04,0.005695448614715398
2024-06-05,-0.002542636157311904
2024-06-06,0.010793771793995963
2024-06-07,0.008710067220898845
2024-06-11,-0.021823471905480517
2024-06-12,0.0059221067362463225
2024-06-13,-0.0068977507147032924
2024-06-14,-0.011414129948655918
2024-06-17,-0.0037438715494315057
2024-06-18,-0.005492888577464508
2024-06-19,-0.004520479732956923
2024-06-20,0.0014091045471286059
2024-06-21,0.013445670149188968
2024-06-24,0.01827742386333587
2024-06-25,0.006883189585089044
2024-06-26,-0.013547426179928537
2024-06-27,0.006232294162878034
2024-06-28,-0.012489156304368604
2024-07-01,-0.010194206459050824
2024-07-02,-0.010145228167783576
2024-07-03,-0.018602161023015054
2024-07-04,-0.0004896353579148957
2024-07-05,-0.013753560206127382
2024-07-08,-0.002469623638024031
2024-07-09,-0.011276495828251305
2024-07-10,0.01697635573870851
2024-07-11,0.0031105148270043556
2024-07-12,0.005084578396963901
2024-07-15,0.007989226201857672
2024-07-16,0.0027512873604116986
2024-07-17,-0.0044427822700458496
2024-07-18,-0.010485864608059324
2024-07-19,0.004874736073684094
2024-07-22,0.0006962314700525589
2024-07-23,0.01920490887762045
2024-07-24,0.007212354475277306
2024-07-25,0.027465437862331785
2024-07-26,-0.026055329496066027
2024-07-29,0.020006540034420085
2024-07-30,0.03952962226136972
2024-07-31,-0.030185152604549834
2024-08-01,-0.0013999707845220978
2024-08-02,-0.003194346071936119
2024-08-05,0.03421975416819531
2024-08-06,0.025738269999601347
2024-08-07,0.008085515250095274
2024-08-08,0.010635079134697316
2024-08-09,-0.013134228708448452
2024-08-12,0.00834699093202695
2024-08-13,0.008742996154965496
2024-08-14,0.023031698110345503
2024-08-15,0.000956524223587854
2024-08-16,0.010535803009215604
2024-08-19,-0.004717314701540455
2024-08-20,-0.0025420944158894526
2024-08-21,-0.029076583056981714
2024-08-22,0.020035507585328176
2024-08-23,0.006629926873402917
2024-08-26,-0.04483083507530141
2024-08-27,-0.008222675344051937
2024-08-28,0.010453241265848024
2024-08-29,0.00521104882522429
2024-08-30,-0.005659414954749642
2024-09-02,0.02852111096927734
2024-09-03,0.005570588132567826
2024-09-04,0.015794918911064503
2024-09-05,0.01819119030905517
2024-09-06,0.016239849288704797
2024-09-09,0.012560030517517638
2024-09-10,0.018072450398188018
2024-09-11,-0.016534731981496954
2024-09-12,-0.018394361382041608
2024-09-13,0.009404785808898669
2024-09-18,0.021390974788129364
2024-09-19,-0.012693845925590462
2024-09-20,0.01702741031097653
2024-09-23,0.00664601969423447
2024-09-24,-0.04165861280237842
2024-09-25,-0.007822171293747607
2024-09-26,0.020843025265602805
2024-09-27,-0.010385594887320625
2024-09-30,0.004573961021416237
2024-10-08,-0.034603956272587215
2024-10-09,-0.011268351518565497
2024-10-10,-0.012368777228140256
2024-10-11,0.014943136750213219
2024-10-14,0.009466682906273277
2024-10-15,-0.03185639314352169
2024-10-16,-0.013380785592138593
2024-10-17,-0.03940259615057868
2024-10-18,0.037540860286362825
2024-10-21,0.005645102949996251
2024-10-22,0.0056621135848199215
2024-10-23,-0.010711348914367381
2024-10-24,0.0025136655853450676
2024-10-25,0.009750690604257367
2024-10-28,0.01283416593566498
2024-10-29,-0.02107923417339237
2024-10-30,0.006959315304605161
2024-10-31,0.00029060700046732325
2024-11-01,-0.010207285381060215
2024-11-04,0.007865725315202084
2024-11-05,0.015192198853756505
2024-11-06,0.013781208274078456
2024-11-07,-0.028091757407679618
2024-11-08,-0.00184231600096812
2024-11-11,-0.0008036320759978473
2024-11-12,-0.011633531289302132
2024-11-13,-0.015410928750834458
2024-11-14,-0.0009061625046399551
2024-11-15,-0.012140526867348917
2024-11-18,0.014408614567841376
2024-11-19,-0.01074907926515813
2024-11-20,-0.002125978903923489
2024-11-21,0.00442189349579152
2024-11-22,0.007923232708771736
2024-11-25,-0.0026067861023811264
2024-11-26,-0.001976345389398645
2024-11-27,-0.016963504455006908
2024-11-28,-0.002697871365172503
2024-11-29,-0.0014423897620585982
2024-12-02,0.009431712290275474
2024-12-03,0.007726205837653292
2024-12-04,0.007388661669269857
2024-12-05,0.012365098400306383
2024-12-06,0.003233807922624928
2024-12-09,0.0032454125710780026
2024-12-10,-0.014676565827328295
2024-12-11,-0.006200039411379802
2024-12-12,0.010896571219070839
2024-12-13,-0.018376253151781444
2024-12-16,-0.004628339897411849
2024-12-17,-0.00959323608993943
2024-12-18,-0.011444575048988834
2024-12-19,0.0009322692541680066
2024-12-20,-0.01651893176741951
2024-12-23,0.012096446311784624
2024-12-24,-0.0038832516614442977
2024-12-25,0.0019996082640242854
2024-12-26,-0.009222252555157765
2024-12-27,0.00805504910740497
2024-12-30,-0.007979821700976948
2024-12-31,0.003191155092666661
2025-01-02,-0.0015389371851317131
2025-01-03,0.03265394286268091
2025-01-06,0.003310882137861044
2025-01-07,-0.006533671391804782
2025-01-08,0.007952769369572437
2025-01-09,0.005235770068229435
2025-01-10,-0.00013470530397487052
2025-01-13,-0.005561005405457875
2025-01-14,-0.021919494828616232
2025-01-15,0.009418075630071987
2025-01-16,0.003248227124517942
2025-01-17,-0.005924280134290757
2025-01-20,-0.009927482593412466
2025-01-21,0.003852018194876997
2025-01-22,-0.003659360812117543
2025-01-23,-0.006701174356124792
2025-01-24,-0.0019423847282738526
2025-01-27,-0.0032704512412598578
2025-02-05,0.009492436473537034
2025-02-06,0.001421185721972111
2025-02-07,0.00303806129657761
2025-02-10,0.0046749998369240734
2025-02-11,-0.00044441787641831955
2025-02-12,0.0043386113886185705
2025-02-13,-0.01687715934747293
2025-02-14,0.017828182727719494
2025-02-17,-0.01693800289236377
2025-02-18,0.008263112858086336
2025-02-19,0.008735703823169955
2025-02-20,0.011582171907332637
2025-02-21,0.0016664995322643813
2025-02-24,-0.0005727030439728506
2025-02-25,-0.017379073179533713
2025-02-26,-0.003789026532305558
2025-02-27,0.0031802327375465714
2025-02-28,-0.008317056828365062
2025-03-03,0.005062438721833768
2025-03-04,0.006916268776467338
2025-03-05,-0.004592205112001577
2025-03-06,0.01247309671915907
2025-03-07,-0.0007770840062234907
2025-03-10,-0.0016859985742601947
2025-03-11,0.005253501946484701
2025-03-12,0.006692490243655111
2025-03-13,-0.014597332275092278
2025-03-14,-0.011134616541586437
2025-03-17,0.01236659429878183
2025-03-18,-0.004123234635864251
2025-03-19,0.01989632466160993
2025-03-20,-0.01703178342607509
2025-03-21,-0.00977520377766646
2025-03-24,-0.014785346765914332
2025-03-25,-0.005378907880575282
2025-03-26,0.0025681390852570415
2025-03-27,-0.00528700398016554
2025-03-28,0.004991385041735901
2025-03-31,0.0148985435589013
2025-04-01,-0.00468178587285864
2025-04-02,-0.00022049811172723834
2025-04-03,-0.00022433390499692685
2025-04-07,-0.012421305666974696
2025-04-08,0.028901361679631667
2025-04-09,0.024476047358968224
2025-04-10,-0.05681213248137125
2025-04-11,0.011470558749198272
2025-04-14,0.0009937091476669314
2025-04-15,0.00452059616517052
2025-04-16,0.017960595365603852
2025-04-17,-0.008698303258026289
2025-04-18,-0.002634486690550589
2025-04-21,-0.009894177272438685
2025-04-22,0.018424887546691953
2025-04-23,-0.03975355082003074
2025-04-24,0.015021033590064996
2025-04-25,-0.005299175024057836
2025-04-28,-0.009035261305906709
2025-04-29,0.012543731022492156
2025-04-30,0.007726418531888319
2025-05-06,0.007821198451588166
2025-05-07,-0.011936534749742225
2025-05-08,0.0064545720946827785
2025-05-09,0.0030977640745744883
2025-05-12,-0.03358577475695213
2025-05-13,-0.0017487952579128218
2025-05-14,0.0025213381688322053
2025-05-15,-0.006075198636616457
2025-05-16,-0.002227526768934523
2025-05-19,-0.004279773767886142
2025-05-20,-0.003175045699105464
2025-05-21,-0.003043020100877495
2025-05-22,0.0002806846779567925
2025-05-23,-0.005972094030812348
2025-05-26,-0.00530251752875037
2025-05-27,-0.0008791281310362691
2025-05-28,0.01276935277694023
2025-05-29,-0.002573589271250846
2025-05-30,0.014573720750458227
2025-06-03,-0.007186049231100306
2025-06-04,-0.014476521086090974
2025-06-05,0.006876231617189455
2025-06-06,-0.0018823965928946454
2025-06-09,-0.0029610686665576583
2025-06-10,-0.0009993115416434056
2025-06-11,0.0039151909134177995
2025-06-12,0.009627112713338
2025-06-13,-0.010931059835511835
2025-06-16,-0.013666053524223249
2025-06-17,0.004106026136651648
2025-06-18,0.009999814050476067
2025-06-19,0.01441390940839906
2025-06-20,-0.006427294927679159
2025-06-23,-0.0014225279695036913
2025-06-24,-0.023592103039065438
2025-06-25,-0.008999195703773893
2025-06-26,-0.009866104522710677
2025-06-27,-0.004532212663269226
2025-06-30,-0.004596545004494508
2025-07-01,0.007063546455311381
2025-07-02,0.00944901543342353
2025-07-03,0.006491463465230501
2025-07-04,-0.008904374101496694
2025-07-07,-0.00859308862436397
2025-07-08,0.006543867423579666
2025-07-09,0.0033369799422011417
2025-07-10,0.03145521805688591
2025-07-11,-0.005530162516917567
2025-07-14,0.0024465274854658455
2025-07-15,0.0012663374850357264
2025-07-16,0.005438546859151123
2025-07-17,0.015963045884603486
2025-07-18,-0.0019157073693584013
2025-07-21,0.02141602238180049
2025-07-22,0.02520326857551177
2025-07-23,-0.005609352813465118
2025-07-24,0.009997320623142686
2025-07-25,0.006811886701673111
2025-07-28,-0.04789339764935275
2025-07-29,0.019773725595596987
2025-07-30,0.0007711163371687571
2025-07-31,-0.01784872873475213
2025-08-01,-0.0048112273333626426
2025-08-04,0.00947882440613594
2025-08-05,0.011629302656410405
2025-08-06,-0.0019642903619978597
2025-08-07,-5.034550138416115e-05
2025-08-08,-0.0035562338861002234
2025-08-11,0.008506034731272667
2025-08-12,0.017473938908687852
2025-08-13,0.012044634084783696
2025-08-14,-0.019146178560992287
2025-08-15,0.004685495785838117
2025-08-18,-0.003084812573751562
2025-08-19,0.0005853950705512189
2025-08-20,-0.007036245510358975
2025-08-21,-0.009296614215822273
2025-08-22,0.0013194760635492535
2025-08-25,0.005910009915215923
2025-08-26,-0.004404058339473179
2025-08-27,-0.007106235081672292
2025-08-28,-0.0026432635247723548
2025-08-29,0.0035081540737800627
2025-09-01,0.0020240480259861417
2025-09-02,-0.002453831699176041
2025-09-03,-0.00018456491896238095
2025-09-04,-0.0052937260837396805
2025-09-05,0.004056204489313372
2025-09-08,-0.0042337982591785
2025-09-09,0.005896040288231266
2025-09-10,0.004585050706579751
2025-09-11,0.003451198791289135
2025-09-12,0.005795874345984943
2025-09-15,0.0005844349721515886
2025-09-16,-0.0004073381262192834
2025-09-17,-0.000599906078458593
2025-09-18,-0.011615930950099157
2025-09-19,0.003247775114548403
2025-09-22,0.004259357814684819
2025-09-23,0.012639347987849475
2025-09-24,-0.00396955335685263
2025-09-25,-0.0018516812396325412
2025-09-26,-0.005230332889537276
2025-09-29,0.00891457014820812
2025-09-30,0.013679325550387889
2025-10-09,0.014738944145818294
2025-10-10,-0.002144658316206053
2025-10-13,0.014761915357540957
2025-10-14,0.006041841690213402
2025-10-15,0.010793013611008668
2025-10-16,-0.003216180037649733
2025-10-17,0.0177637530714015
2025-10-20,-0.008405634918747571
2025-10-21,-0.0014692384137781403
2025-10-22,-0.014203275360378933
2025-10-23,-0.012216305282231133
2025-10-24,0.008098804574151687
2025-10-27,-0.007627867418607823
2025-10-28,-0.012621270508889249
2025-10-29,0.0028349997337674387
2025-10-30,0.002658952845287476
2025-10-31,-0.0045608247399154065
2025-11-03,0.0024865082550441626
2025-11-04,0.0015605790449405737
2025-11-05,0.0008443458983547353
2025-11-06,-0.00575078775998442
2025-11-07,0.0047689374891021225
2025-11-10,0.0007589797887666209
2025-11-11,0.0023311447715729755
2025-11-12,-0.004434276678709402
2025-11-13,0.009440298863425222
2025-11-14,0.0012492084441445526
2025-11-17,-0.0055572939703714
2025-11-18,-0.005939922383041079
2025-11-19,0.0035151483936304586
2025-11-20,-0.009542483357191581
2025-11-21,-0.006529017481508637
2025-11-24,-0.003103666734678672
2025-11-25,0.0020154987020591956
2025-11-26,-0.0012229564440671627
2025-11-27,0.001922042539530451
2025-11-28,-0.018428415930617913
2025-12-01,-0.0034648953178033487
2025-12-02,0.001986779907907778
2025-12-03,0.003531472258276812
2025-12-04,0.0008741893250632213
2025-12-05,0.0032816773862218685
2025-12-08,-0.004659390523913087
2025-12-09,-0.005847889868282398
2025-12-10,0.0043148114750021374
2025-12-11,-0.0049291156700049495
2025-12-12,0.006967459870840357
2025-12-15,0.0004947691496864662
2025-12-16,-0.0012534506768377735
2025-12-17,0.003200096524904963
2025-12-18,-0.00698916724136997
2025-12-19,0.0023104369483249627
2025-12-22,0.005249253241701826
2025-12-23,0.0024924673843580787
2025-12-24,0.005039944746598676
2025-12-25,-0.001880140398455203
2025-12-26,0.007384933049672778
2025-12-29,-0.008666081223939534
2025-12-30,-0.0017438394210722817
2025-12-31,-0.00017040134276968371
2026-01-05,0.026353461460893
2026-01-06,0.028544559925488388
2026-01-07,-0.0073957542116730975
2026-01-08,-0.018343680336215275
2026-01-09,-0.005477769407548426
2026-01-12,0.019739567883262605
2026-01-13,-0.014444427385104286
2026-01-14,0.00854142329161854
2026-01-15,-0.00920517474359587
2026-01-16,-0.015666135640027532
2026-01-19,-0.007881317443303719
2026-01-20,-0.00176215677481328
2026-01-21,0.013313357970162792
2026-01-22,0.019283455638774535
2026-01-23,0.0320150979106027
2026-01-26,0.01712618057234794
2026-01-27,-0.006403169673713379
2026-01-28,0.02715521275066046
2026-01-29,0.05342032091858344
2026-01-30,-0.05531428283732461
2026-02-02,-0.06501815146038276
2026-02-03,0.021085611732834176
2026-02-04,0.030399035916929187
2026-02-05,0.0008136726015021375
2026-02-06,0.003914658707748664
2026-02-09,0.007425798141969061
2026-02-10,0.01116114150137349
2026-02-11,0.0011398945985219133
2026-02-12,-0.00514683998650106
2026-02-13,-0.005081919445732954
2026-02-24,0.050900860956185526
2026-02-25,-0.008205715230694433
2026-02-26,-0.008199200892668934
2026-02-27,0.004034937094912912
2026-03-02,0.026389855690394103
2026-03-03,-0.01090644091015652
2026-03-04,-0.005352331408852281
2026-03-05,0.002051157701249152
2026-03-06,0.024400069368202222
2026-03-09,0.02028143510800962
2026-03-10,-0.01560197702651104
2026-03-11,0.03923387928411507
2026-03-12,0.018707924059043098
2026-03-13,0.022544186072012237
2026-03-16,0.00403392532263031
2026-03-17,-0.0013919474722092864
2026-03-18,-0.02035180286485976
2026-03-19,0.0164168368426631
2026-03-20,-0.02043611409982981
2026-03-23,0.07907813299108284
2026-03-24,-0.05816988893753869
2026-03-25,-0.04089217610996224
2026-03-26,0.03155301576454144
2026-03-27,0.005476150752239432
2026-03-30,0.0024929746480541535
2026-03-31,-0.020061993909650907
2026-04-01,-0.04888660374417271
2026-04-02,0.0544492027726482
2026-04-03,0.0024917582584743124
2026-04-07,0.008208194638983741
2026-04-08,-0.049365780877521394
2026-04-09,0.02559460967091065
2026-04-10,-0.031914314995489794
2026-04-13,-0.0036420253402924354
2026-04-14,-0.008067046020648087
2026-04-15,-0.0006112813525769151
2026-04-16,-0.017824137953426834
2026-04-17,0.002383631963941355
2026-04-20,0.017688422959403
2026-04-21,0.0029325607636538466
2026-04-22,0.0015706528109983868
2026-04-23,-0.013589308474402512
2026-04-24,-0.007913522711396047
2026-04-27,0.0008012976101688697
2026-04-28,-0.01340705920619596
2026-04-29,0.011845788537130808
2026-04-30,-0.005909359274914829
2026-05-06,0.014558188542859733
2026-05-07,-0.019835415571870258
2026-05-08,-1.4302460675454902e-05
2026-05-11,0.0060078604540942104
2026-05-12,-0.00819273548326596
2026-05-13,0.016389482881270023
2026-05-14,-0.02224165800916781
2026-05-15,-0.02676073155131202
2026-05-18,-0.010354135779333721
2026-05-19,-0.002921556373422585
2026-05-20,-0.003144492482746976
2026-05-21,-0.021084892996332465
2026-05-22,-0.0004926615957668662
2026-05-25,-0.012233375379390714
2026-05-26,-0.0054522574171766485
2026-05-27,0.0014490622165312119
2026-05-28,0.00014821007656787765
2026-05-29,0.003391057229352994
2026-06-01,-0.017853828523972718
2026-06-02,0.006678848281396472
2026-06-03,-0.003701024816655374
2026-06-04,0.014659595044449575
2026-06-05,-0.006966844923281499
2026-06-08,-0.0034154870573766313
2026-06-09,0.020773764996659793
2026-06-10,0.004023305694101815
2026-06-11,0.008194652129089253
2026-06-12,-0.000722717911852416
2026-06-15,-0.03379072708911322
2026-06-16,0.004231990725200436
2026-06-17,0.01766999987141771
2026-06-18,0.00311567977062822
2026-06-22,0.022418155059657285
2026-06-23,0.005071482105283226
2026-06-24,0.006129128456713402
2026-06-25,0.02743473809578631
2026-06-26,-0.012591855784775365
2026-06-29,-0.011069484883344872
2026-06-30,0.007323790927386857
2026-07-01,0.03243659916995118
2026-07-02,0.0030944013953761013
2026-07-03,-0.01805280203837925
2026-07-06,-0.004763456924652125
2026-07-07,-0.008055155413057772
2026-07-08,-0.028402316665596297
2026-07-09,0.000133268648234158
2026-07-10,0.003447862961362345
2026-07-13,-0.0013708147308048417
2026-07-14,-0.050786311906895455
2026-07-15,-0.003640589717172175
2026-07-16,0.012115979402710452
2026-07-17,0.017662167660117342
2026-07-20,0.012361954044635966
2026-07-21,-0.018600420832203646
2026-07-22,0.004542113281481139
2026-07-23,0.010001367611603935
2026-07-24,0.01469593861721741
2026-07-27,-0.03446255189878958
2026-07-28,-0.002026777478594982
2026-07-29,0.006855443693755693
2026-07-30,0.03067248784994266
2026-07-31,-0.01452222077811497
2026-08-03,0.013807613200390432
2026-08-04,0.00042154002172928854
2026-08-05,-0.03132007732020075
2026-08-06,-0.02786630903203364
