date,var_scale
2018-01-02,1.0
2018-01-03,1.0
2018-01-04,1.0
2018-01-05,1.0
2018-01-08,1.0
2018-01-09,1.0
2018-01-10,1.0
2018-01-11,1.0
2018-01-12,1.0
2018-01-15,1.0
2018-01-16,1.0
2018-01-17,1.0
2018-01-18,1.0
2018-01-19,1.0
2018-01-22,1.0
2018-01-23,1.0
2018-01-24,1.0
2018-01-25,1.0
2018-01-26,1.0
2018-01-29,1.0
2018-01-30,1.0
2018-01-31,1.0
2018-02-01,1.0
2018-02-02,1.0
2018-02-05,1.0
2018-02-06,1.0
2018-02-07,1.0
2018-02-08,1.0
2018-02-09,1.0
2018-02-12,1.0
2018-02-13,1.0
2018-02-14,1.0
2018-02-22,1.0
2018-02-23,1.0
2018-02-26,1.0
2018-02-27,1.0
2018-02-28,1.0
2018-03-01,1.0
2018-03-02,1.0
2018-03-05,1.0
2018-03-06,1.0
2018-03-07,1.0
2018-03-08,1.0
2018-03-09,1.0
2018-03-12,1.0
2018-03-13,1.0
2018-03-14,1.0
2018-03-15,1.0
2018-03-16,1.0
2018-03-19,1.0
2018-03-20,1.0
2018-03-21,1.0
2018-03-22,1.0
2018-03-23,1.0
2018-03-26,1.0
2018-03-27,1.0
2018-03-28,1.0
2018-03-29,1.0
2018-03-30,1.0
2018-04-02,1.0
2018-04-03,1.0
2018-04-04,1.0
2018-04-09,1.0
2018-04-10,1.0
2018-04-11,1.0
2018-04-12,1.0
2018-04-13,1.0
2018-04-16,1.0
2018-04-17,1.0
2018-04-18,1.0
2018-04-19,1.0
2018-04-20,1.0
2018-04-23,1.0
2018-04-24,1.0
2018-04-25,1.0
2018-04-26,1.0
2018-04-27,1.0
2018-05-02,1.0
2018-05-03,1.0
2018-05-04,1.0
2018-05-07,1.0
2018-05-08,1.0
2018-05-09,1.0
2018-05-10,1.0
2018-05-11,1.0
2018-05-14,1.0
2018-05-15,1.0
2018-05-16,1.0
2018-05-17,1.0
2018-05-18,1.0
2018-05-21,1.0
2018-05-22,1.0
2018-05-23,1.0
2018-05-24,1.0
2018-05-25,1.0
2018-05-28,1.0
2018-05-29,1.0
2018-05-30,1.0
2018-05-31,1.0
2018-06-01,1.0
2018-06-04,1.0
2018-06-05,1.0
2018-06-06,1.0
2018-06-07,1.0
2018-06-08,1.0
2018-06-11,1.0
2018-06-12,1.0
2018-06-13,1.0
2018-06-14,1.0
2018-06-15,1.0
2018-06-19,1.0
2018-06-20,1.0
2018-06-21,1.0
2018-06-22,1.0
2018-06-25,1.0
2018-06-26,1.0
2018-06-27,1.0
2018-06-28,1.0
2018-06-29,1.0
2018-07-02,1.0
2018-07-03,1.0
2018-07-04,1.0
2018-07-05,1.0
2018-07-06,1.0
2018-07-09,1.0
2018-07-10,1.0
2018-07-11,1.0
2018-07-12,1.0
2018-07-13,1.0
2018-07-16,1.0
2018-07-17,1.0
2018-07-18,1.0
2018-07-19,1.0
2018-07-20,1.0
2018-07-23,1.0
2018-07-24,1.0
2018-07-25,1.0
2018-07-26,1.0
2018-07-27,1.0
2018-07-30,1.0
2018-07-31,1.0
2018-08-01,1.0
2018-08-02,1.0
2018-08-03,1.0
2018-08-06,1.0
2018-08-07,1.0
2018-08-08,1.0
2018-08-09,1.0
2018-08-10,1.0
2018-08-13,1.0
2018-08-14,1.0
2018-08-15,1.0
2018-08-16,1.0
2018-08-17,1.0
2018-08-20,1.0
2018-08-21,1.0
2018-08-22,1.0
2018-08-23,1.0
2018-08-24,1.0
2018-08-27,1.0
2018-08-28,1.0
2018-08-29,1.0
2018-08-30,1.0
2018-08-31,1.0
2018-09-03,1.0
2018-09-04,1.0
2018-09-05,1.0
2018-09-06,1.0
2018-09-07,1.0
2018-09-10,1.0
2018-09-11,1.0
2018-09-12,1.0
2018-09-13,1.0
2018-09-14,1.0
2018-09-17,1.0
2018-09-18,1.0
2018-09-19,1.0
2018-09-20,1.0
2018-09-21,1.0
2018-09-25,1.0
2018-09-26,1.0
2018-09-27,1.0
2018-09-28,1.0
2018-10-08,1.0
2018-10-09,1.0
2018-10-10,1.0
2018-10-11,1.0
2018-10-12,1.0
2018-10-15,1.0
2018-10-16,1.0
2018-10-17,1.0
2018-10-18,1.0
2018-10-19,1.0
2018-10-22,1.0
2018-10-23,1.0
2018-10-24,1.0
2018-10-25,1.0
2018-10-26,1.0
2018-10-29,1.0
2018-10-30,1.0
2018-10-31,1.0
2018-11-01,1.0
2018-11-02,1.0
2018-11-05,1.0
2018-11-06,1.0
2018-11-07,1.0
2018-11-08,1.0
2018-11-09,1.0
2018-11-12,1.0
2018-11-13,1.0
2018-11-14,1.0
2018-11-15,1.0
2018-11-16,1.0
2018-11-19,1.0
2018-11-20,1.0
2018-11-21,1.0
2018-11-22,1.0
2018-11-23,1.0
2018-11-26,1.0
2018-11-27,1.0
2018-11-28,1.0
2018-11-29,1.0
2018-11-30,1.0
2018-12-03,1.0
2018-12-04,1.0
2018-12-05,0.9781951318926513
2018-12-06,1.0
2018-12-07,1.0
2018-12-10,1.0
2018-12-11,1.0
2018-12-12,1.0
2018-12-13,1.0
2018-12-14,1.0
2018-12-17,1.0
2018-12-18,1.0
2018-12-19,1.0
2018-12-20,1.0
2018-12-21,1.0
2018-12-24,1.0
2018-12-25,1.0
2018-12-26,1.0
2018-12-27,1.0
2018-12-28,1.0
2019-01-02,1.0
2019-01-03,1.0
2019-01-04,1.0
2019-01-07,1.0
2019-01-08,1.0
2019-01-09,1.0
2019-01-10,1.0
2019-01-11,1.0
2019-01-14,1.0
2019-01-15,1.0
2019-01-16,1.0
2019-01-17,1.0
2019-01-18,1.0
2019-01-21,1.0
2019-01-22,1.0
2019-01-23,1.0
2019-01-24,1.0
2019-01-25,1.0
2019-01-28,1.0
2019-01-29,1.0
2019-01-30,1.0
2019-01-31,0.9872605886194844
2019-02-01,0.966723983645399
2019-02-11,0.9263108918162521
2019-02-12,1.0
2019-02-13,1.0
2019-02-14,1.0
2019-02-15,0.984079750756014
2019-02-18,1.0
2019-02-19,1.0
2019-02-20,1.0
2019-02-21,1.0
2019-02-22,1.0
2019-02-25,1.0
2019-02-26,1.0
2019-02-27,1.0
2019-02-28,1.0
2019-03-01,1.0
2019-03-04,1.0
2019-03-05,0.9979796609886749
2019-03-06,0.996540598493935
2019-03-07,1.0
2019-03-08,0.9909772220961899
2019-03-11,1.0
2019-03-12,1.0
2019-03-13,1.0
2019-03-14,1.0
2019-03-15,1.0
2019-03-18,1.0
2019-03-19,1.0
2019-03-20,1.0
2019-03-21,1.0
2019-03-22,1.0
2019-03-25,1.0
2019-03-26,1.0
2019-03-27,1.0
2019-03-28,1.0
2019-03-29,1.0
2019-04-01,1.0
2019-04-02,1.0
2019-04-03,1.0
2019-04-04,1.0
2019-04-08,1.0
2019-04-09,1.0
2019-04-10,1.0
2019-04-11,1.0
2019-04-12,1.0
2019-04-15,1.0
2019-04-16,1.0
2019-04-17,1.0
2019-04-18,1.0
2019-04-19,1.0
2019-04-22,1.0
2019-04-23,1.0
2019-04-24,1.0
2019-04-25,1.0
2019-04-26,1.0
2019-04-29,1.0
2019-04-30,1.0
2019-05-06,1.0
2019-05-07,1.0
2019-05-08,1.0
2019-05-09,1.0
2019-05-10,1.0
2019-05-13,1.0
2019-05-14,1.0
2019-05-15,1.0
2019-05-16,1.0
2019-05-17,1.0
2019-05-20,1.0
2019-05-21,1.0
2019-05-22,1.0
2019-05-23,1.0
2019-05-24,1.0
2019-05-27,1.0
2019-05-28,1.0
2019-05-29,1.0
2019-05-30,1.0
2019-05-31,1.0
2019-06-03,1.0
2019-06-04,1.0
2019-06-05,1.0
2019-06-06,1.0
2019-06-10,1.0
2019-06-11,1.0
2019-06-12,1.0
2019-06-13,1.0
2019-06-14,1.0
2019-06-17,1.0
2019-06-18,1.0
2019-06-19,1.0
2019-06-20,1.0
2019-06-21,1.0
2019-06-24,1.0
2019-06-25,1.0
2019-06-26,1.0
2019-06-27,1.0
2019-06-28,1.0
2019-07-01,1.0
2019-07-02,1.0
2019-07-03,1.0
2019-07-04,1.0
2019-07-05,1.0
2019-07-08,1.0
2019-07-09,1.0
2019-07-10,1.0
2019-07-11,1.0
2019-07-12,1.0
2019-07-15,1.0
2019-07-16,1.0
2019-07-17,1.0
2019-07-18,1.0
2019-07-19,1.0
2019-07-22,1.0
2019-07-23,1.0
2019-07-24,1.0
2019-07-25,1.0
2019-07-26,1.0
2019-07-29,1.0
2019-07-30,1.0
2019-07-31,1.0
2019-08-01,1.0
2019-08-02,0.9971490773506017
2019-08-05,0.947929763562383
2019-08-06,0.9708272750292303
2019-08-07,0.9241869309820238
2019-08-08,0.978626608333767
2019-08-09,0.978626608333767
2019-08-12,1.0
2019-08-13,1.0
2019-08-14,1.0
2019-08-15,1.0
2019-08-16,1.0
2019-08-19,1.0
2019-08-20,1.0
2019-08-21,1.0
2019-08-22,1.0
2019-08-23,1.0
2019-08-26,1.0
2019-08-27,1.0
2019-08-28,1.0
2019-08-29,1.0
2019-08-30,1.0
2019-09-02,1.0
2019-09-03,1.0
2019-09-04,1.0
2019-09-05,1.0
2019-09-06,1.0
2019-09-09,1.0
2019-09-10,1.0
2019-09-11,1.0
2019-09-12,1.0
2019-09-16,1.0
2019-09-17,1.0
2019-09-18,1.0
2019-09-19,1.0
2019-09-20,1.0
2019-09-23,1.0
2019-09-24,1.0
2019-09-25,1.0
2019-09-26,1.0
2019-09-27,1.0
2019-09-30,1.0
2019-10-08,1.0
2019-10-09,1.0
2019-10-10,1.0
2019-10-11,1.0
2019-10-14,1.0
2019-10-15,1.0
2019-10-16,1.0
2019-10-17,1.0
2019-10-18,0.9066254341981509
2019-10-21,1.0
2019-10-22,0.9648900952073509
2019-10-23,0.9648900952073509
2019-10-24,0.961304340523515
2019-10-25,1.0
2019-10-28,1.0
2019-10-29,1.0
2019-10-30,1.0
2019-10-31,1.0
2019-11-01,1.0
2019-11-04,1.0
2019-11-05,1.0
2019-11-06,1.0
2019-11-07,1.0
2019-11-08,1.0
2019-11-11,1.0
2019-11-12,1.0
2019-11-13,1.0
2019-11-14,1.0
2019-11-15,1.0
2019-11-18,1.0
2019-11-19,1.0
2019-11-20,1.0
2019-11-21,1.0
2019-11-22,1.0
2019-11-25,1.0
2019-11-26,1.0
2019-11-27,1.0
2019-11-28,1.0
2019-11-29,1.0
2019-12-02,1.0
2019-12-03,1.0
2019-12-04,1.0
2019-12-05,1.0
2019-12-06,1.0
2019-12-09,1.0
2019-12-10,1.0
2019-12-11,1.0
2019-12-12,1.0
2019-12-13,1.0
2019-12-16,1.0
2019-12-17,1.0
2019-12-18,1.0
2019-12-19,1.0
2019-12-20,1.0
2019-12-23,1.0
2019-12-24,1.0
2019-12-25,1.0
2019-12-26,1.0
2019-12-27,1.0
2019-12-30,1.0
2019-12-31,1.0
2020-01-02,1.0
2020-01-03,1.0
2020-01-06,1.0
2020-01-07,1.0
2020-01-08,1.0
2020-01-09,1.0
2020-01-10,1.0
2020-01-13,1.0
2020-01-14,1.0
2020-01-15,1.0
2020-01-16,1.0
2020-01-17,1.0
2020-01-20,1.0
2020-01-21,1.0
2020-01-22,1.0
2020-01-23,1.0
2020-02-03,1.0
2020-02-04,1.0
2020-02-05,1.0
2020-02-06,1.0
2020-02-07,0.9780262770389756
2020-02-10,0.9780262770389756
2020-02-11,0.9960083443785344
2020-02-12,0.9858858592830122
2020-02-13,0.9302901619910638
2020-02-14,0.9693218841785015
2020-02-17,0.968678105094358
2020-02-18,0.9470837138398868
2020-02-19,0.915340838602575
2020-02-20,0.9487996756718413
2020-02-21,1.0
2020-02-24,1.0
2020-02-25,1.0
2020-02-26,1.0
2020-02-27,1.0
2020-02-28,1.0
2020-03-02,1.0
2020-03-03,1.0
2020-03-04,1.0
2020-03-05,1.0
2020-03-06,1.0
2020-03-09,1.0
2020-03-10,1.0
2020-03-11,1.0
2020-03-12,1.0
2020-03-13,1.0
2020-03-16,1.0
2020-03-17,1.0
2020-03-18,1.0
2020-03-19,1.0
2020-03-20,1.0
2020-03-23,1.0
2020-03-24,1.0
2020-03-25,1.0
2020-03-26,1.0
2020-03-27,1.0
2020-03-30,1.0
2020-03-31,1.0
2020-04-01,1.0
2020-04-02,1.0
2020-04-03,1.0
2020-04-07,1.0
2020-04-08,1.0
2020-04-09,1.0
2020-04-10,1.0
2020-04-13,1.0
2020-04-14,1.0
2020-04-15,1.0
2020-04-16,1.0
2020-04-17,1.0
2020-04-20,1.0
2020-04-21,1.0
2020-04-22,1.0
2020-04-23,1.0
2020-04-24,1.0
2020-04-27,1.0
2020-04-28,1.0
2020-04-29,1.0
2020-04-30,1.0
2020-05-06,1.0
2020-05-07,1.0
2020-05-08,1.0
2020-05-11,1.0
2020-05-12,1.0
2020-05-13,1.0
2020-05-14,1.0
2020-05-15,1.0
2020-05-18,1.0
2020-05-19,1.0
2020-05-20,1.0
2020-05-21,1.0
2020-05-22,1.0
2020-05-25,1.0
2020-05-26,0.7743086170388471
2020-05-27,0.9850567371815017
2020-05-28,0.7394555232391675
2020-05-29,0.7394555232391675
2020-06-01,0.911888087586845
2020-06-02,0.8463860464069541
2020-06-03,1.0
2020-06-04,1.0
2020-06-05,0.9756188063589807
2020-06-08,0.8824423632048701
2020-06-09,0.6700085954595694
2020-06-10,0.6683255453145958
2020-06-11,0.799994875905099
2020-06-12,0.8019944734105563
2020-06-15,0.8022445412459281
2020-06-16,1.0
2020-06-17,0.8730778169074112
2020-06-18,1.0
2020-06-19,1.0
2020-06-22,0.863121089323237
2020-06-23,0.8486998540055797
2020-06-24,0.8481026513813728
2020-06-29,0.7830106296056925
2020-06-30,1.0
2020-07-01,1.0
2020-07-02,1.0
2020-07-03,1.0
2020-07-06,1.0
2020-07-07,0.744207130375104
2020-07-08,0.9930591360125953
2020-07-09,0.8339987459981285
2020-07-10,0.855907735243092
2020-07-13,0.9890920720397808
2020-07-14,0.8466644323954354
2020-07-15,0.8466644323954354
2020-07-16,1.0
2020-07-17,0.9493261733943378
2020-07-20,0.9707156254754848
2020-07-21,1.0
2020-07-22,0.9707156254754848
2020-07-23,0.9707156254754848
2020-07-24,0.9932300563922948
2020-07-27,1.0
2020-07-28,1.0
2020-07-29,1.0
2020-07-30,1.0
2020-07-31,1.0
2020-08-03,1.0
2020-08-04,1.0
2020-08-05,1.0
2020-08-06,1.0
2020-08-07,1.0
2020-08-10,1.0
2020-08-11,1.0
2020-08-12,1.0
2020-08-13,1.0
2020-08-14,1.0
2020-08-17,1.0
2020-08-18,1.0
2020-08-19,1.0
2020-08-20,1.0
2020-08-21,1.0
2020-08-24,1.0
2020-08-25,1.0
2020-08-26,1.0
2020-08-27,1.0
2020-08-28,1.0
2020-08-31,1.0
2020-09-01,1.0
2020-09-02,1.0
2020-09-03,1.0
2020-09-04,1.0
2020-09-07,1.0
2020-09-08,1.0
2020-09-09,1.0
2020-09-10,1.0
2020-09-11,1.0
2020-09-14,1.0
2020-09-15,1.0
2020-09-16,1.0
2020-09-17,1.0
2020-09-18,1.0
2020-09-21,1.0
2020-09-22,1.0
2020-09-23,1.0
2020-09-24,1.0
2020-09-25,1.0
2020-09-28,1.0
2020-09-29,1.0
2020-09-30,1.0
2020-10-09,1.0
2020-10-12,1.0
2020-10-13,1.0
2020-10-14,1.0
2020-10-15,1.0
2020-10-16,1.0
2020-10-19,1.0
2020-10-20,1.0
2020-10-21,1.0
2020-10-22,1.0
2020-10-23,1.0
2020-10-26,1.0
2020-10-27,1.0
2020-10-28,1.0
2020-10-29,1.0
2020-10-30,1.0
2020-11-02,1.0
2020-11-03,1.0
2020-11-04,1.0
2020-11-05,1.0
2020-11-06,1.0
2020-11-09,1.0
2020-11-10,1.0
2020-11-11,1.0
2020-11-12,1.0
2020-11-13,1.0
2020-11-16,1.0
2020-11-17,1.0
2020-11-18,1.0
2020-11-19,1.0
2020-11-20,1.0
2020-11-23,1.0
2020-11-24,0.9640465891372775
2020-11-25,0.6792170338369818
2020-11-26,0.6792170338369818
2020-11-27,0.6673002626671608
2020-11-30,0.6673002626671608
2020-12-01,0.7708105233507555
2020-12-02,0.6776129029409655
2020-12-03,0.8041348826625585
2020-12-04,0.7578653731428601
2020-12-07,0.7578653731428601
2020-12-08,0.7578653731428601
2020-12-09,0.697258222366686
2020-12-10,0.7635782601185649
2020-12-11,0.9567873154075562
2020-12-14,0.9149805342587876
2020-12-15,1.0
2020-12-16,0.9659835499514394
2020-12-17,1.0
2020-12-18,1.0
2020-12-21,0.9883964469196646
2020-12-22,0.9154872208098913
2020-12-23,1.0
2020-12-24,1.0
2020-12-25,1.0
2020-12-28,1.0
2020-12-29,1.0
2020-12-30,1.0
2020-12-31,1.0
2021-01-04,1.0
2021-01-05,1.0
2021-01-06,1.0
2021-01-07,1.0
2021-01-08,0.91203124245283
2021-01-11,0.9009651550873591
2021-01-12,1.0
2021-01-13,1.0
2021-01-14,1.0
2021-01-15,1.0
2021-01-18,1.0
2021-01-19,1.0
2021-01-20,1.0
2021-01-21,1.0
2021-01-22,1.0
2021-01-25,1.0
2021-01-26,1.0
2021-01-27,1.0
2021-01-28,1.0
2021-01-29,1.0
2021-02-01,1.0
2021-02-02,1.0
2021-02-03,1.0
2021-02-04,1.0
2021-02-05,1.0
2021-02-08,1.0
2021-02-09,1.0
2021-02-10,1.0
2021-02-18,0.9959657789764578
2021-02-19,0.8052778888698799
2021-02-22,0.8205578911756434
2021-02-23,0.8205578911756434
2021-02-24,0.8205578911756434
2021-02-25,0.9048331213019141
2021-02-26,0.9233823269217113
2021-03-01,0.9461938180974403
2021-03-02,0.9987221946222601
2021-03-03,0.9987221946222601
2021-03-04,1.0
2021-03-05,1.0
2021-03-08,1.0
2021-03-09,1.0
2021-03-10,1.0
2021-03-11,1.0
2021-03-12,1.0
2021-03-15,1.0
2021-03-16,1.0
2021-03-17,1.0
2021-03-18,1.0
2021-03-19,1.0
2021-03-22,1.0
2021-03-23,1.0
2021-03-24,1.0
2021-03-25,1.0
2021-03-26,1.0
2021-03-29,1.0
2021-03-30,1.0
2021-03-31,1.0
2021-04-01,1.0
2021-04-02,1.0
2021-04-06,1.0
2021-04-07,1.0
2021-04-08,1.0
2021-04-09,1.0
2021-04-12,1.0
2021-04-13,1.0
2021-04-14,1.0
2021-04-15,1.0
2021-04-16,1.0
2021-04-19,1.0
2021-04-20,1.0
2021-04-21,1.0
2021-04-22,1.0
2021-04-23,1.0
2021-04-26,1.0
2021-04-27,1.0
2021-04-28,1.0
2021-04-29,1.0
2021-04-30,0.7230357525833286
2021-05-06,0.9288993657408203
2021-05-07,0.7539256602316877
2021-05-10,0.7539256602316877
2021-05-11,0.7539256602316877
2021-05-12,0.7539256602316877
2021-05-13,0.6973924691572597
2021-05-14,0.685831738238891
2021-05-17,0.8520046574847414
2021-05-18,0.8520046574847414
2021-05-19,0.8863117050974241
2021-05-20,1.0
2021-05-21,1.0
2021-05-24,1.0
2021-05-25,1.0
2021-05-26,1.0
2021-05-27,1.0
2021-05-28,1.0
2021-05-31,1.0
2021-06-01,1.0
2021-06-02,1.0
2021-06-03,1.0
2021-06-04,1.0
2021-06-07,0.8652710151514846
2021-06-08,1.0
2021-06-09,0.8514107543059161
2021-06-10,0.8514107543059161
2021-06-11,0.8601491660027877
2021-06-15,1.0
2021-06-16,1.0
2021-06-17,0.9625273466969408
2021-06-18,1.0
2021-06-21,1.0
2021-06-22,1.0
2021-06-23,1.0
2021-06-24,1.0
2021-06-25,1.0
2021-06-28,1.0
2021-06-29,1.0
2021-06-30,1.0
2021-07-01,1.0
2021-07-02,1.0
2021-07-05,1.0
2021-07-06,1.0
2021-07-07,1.0
2021-07-08,1.0
2021-07-09,1.0
2021-07-12,1.0
2021-07-13,1.0
2021-07-14,1.0
2021-07-15,0.8233007024234106
2021-07-16,0.8350591144520142
2021-07-19,0.8810198556042506
2021-07-20,0.8529848620304411
2021-07-21,0.8529848620304411
2021-07-22,1.0
2021-07-23,1.0
2021-07-26,1.0
2021-07-27,1.0
2021-07-28,1.0
2021-07-29,1.0
2021-07-30,1.0
2021-08-02,1.0
2021-08-03,1.0
2021-08-04,1.0
2021-08-05,1.0
2021-08-06,1.0
2021-08-09,1.0
2021-08-10,1.0
2021-08-11,1.0
2021-08-12,1.0
2021-08-13,1.0
2021-08-16,1.0
2021-08-17,1.0
2021-08-18,1.0
2021-08-19,0.9978182823192104
2021-08-20,0.9480784075837868
2021-08-23,0.9013288467587973
2021-08-24,0.9030693543878623
2021-08-25,0.861510272714494
2021-08-26,0.8936221368212636
2021-08-27,0.9218020586286052
2021-08-30,0.883707546137958
2021-08-31,0.8936594413149377
2021-09-01,1.0
2021-09-02,1.0
2021-09-03,1.0
2021-09-06,1.0
2021-09-07,1.0
2021-09-08,1.0
2021-09-09,1.0
2021-09-10,1.0
2021-09-13,1.0
2021-09-14,1.0
2021-09-15,1.0
2021-09-16,1.0
2021-09-17,1.0
2021-09-22,1.0
2021-09-23,1.0
2021-09-24,1.0
2021-09-27,1.0
2021-09-28,1.0
2021-09-29,1.0
2021-09-30,1.0
2021-10-08,1.0
2021-10-11,1.0
2021-10-12,0.8447806187940365
2021-10-13,1.0
2021-10-14,1.0
2021-10-15,1.0
2021-10-18,1.0
2021-10-19,1.0
2021-10-20,1.0
2021-10-21,1.0
2021-10-22,1.0
2021-10-25,1.0
2021-10-26,1.0
2021-10-27,1.0
2021-10-28,1.0
2021-10-29,1.0
2021-11-01,1.0
2021-11-02,1.0
2021-11-03,1.0
2021-11-04,1.0
2021-11-05,1.0
2021-11-08,0.7773422455253388
2021-11-09,0.8346719793290253
2021-11-10,0.808191985136767
2021-11-11,1.0
2021-11-12,0.7178815186267286
2021-11-15,0.7048050372358764
2021-11-16,0.7733777048821618
2021-11-17,0.7298800237964695
2021-11-18,0.7322570827624769
2021-11-19,0.7322570827624769
2021-11-22,0.8395459463793316
2021-11-23,0.8542652484614774
2021-11-24,0.8509623422477608
2021-11-25,0.9703808072575353
2021-11-26,0.9516322910647095
2021-11-29,0.8427820517960188
2021-11-30,0.9304890989079885
2021-12-01,1.0
2021-12-02,0.9395952025348592
2021-12-03,0.975719635549606
2021-12-06,0.9506003706901938
2021-12-07,1.0
2021-12-08,1.0
2021-12-09,1.0
2021-12-10,1.0
2021-12-13,1.0
2021-12-14,1.0
2021-12-15,1.0
2021-12-16,1.0
2021-12-17,1.0
2021-12-20,1.0
2021-12-21,0.9648171201335343
2021-12-22,1.0
2021-12-23,0.9687435354106164
2021-12-24,1.0
2021-12-27,1.0
2021-12-28,1.0
2021-12-29,1.0
2021-12-30,1.0
2021-12-31,1.0
2022-01-04,1.0
2022-01-05,1.0
2022-01-06,1.0
2022-01-07,1.0
2022-01-10,0.8153224559843798
2022-01-11,0.7343033454071105
2022-01-12,0.7125030594290074
2022-01-13,0.720217857493246
2022-01-14,0.6675643916717278
2022-01-17,0.6717126358886929
2022-01-18,0.7188350548332223
2022-01-19,0.6638681771325142
2022-01-20,0.6729019901549693
2022-01-21,0.6729019901549693
2022-01-24,0.6729019901549693
2022-01-25,0.6465850902953802
2022-01-26,0.7164252213135812
2022-01-27,0.7183422332013725
2022-01-28,0.7886799608032161
2022-02-07,0.6883995299342736
2022-02-08,0.6883995299342736
2022-02-09,0.6873546180772115
2022-02-10,0.7112540460263315
2022-02-11,0.680968811037419
2022-02-14,0.71967054648743
2022-02-15,0.7232466541503763
2022-02-16,0.8799465571871327
2022-02-17,0.9007492592859447
2022-02-18,0.996169992219378
2022-02-21,0.9007492592859447
2022-02-22,0.856477349145005
2022-02-23,0.9987836858410135
2022-02-24,1.0
2022-02-25,1.0
2022-02-28,1.0
2022-03-01,1.0
2022-03-02,0.9036142633395323
2022-03-03,0.9036142633395323
2022-03-04,0.796376500747498
2022-03-07,0.8671220541694274
2022-03-08,0.783542054581722
2022-03-09,0.783542054581722
2022-03-10,0.783542054581722
2022-03-11,1.0
2022-03-14,0.783542054581722
2022-03-15,1.0
2022-03-16,0.7689178907954431
2022-03-17,0.7724313254429434
2022-03-18,0.7724313254429434
2022-03-21,0.7724313254429434
2022-03-22,0.7724313254429434
2022-03-23,0.7724313254429434
2022-03-24,0.7724313254429434
2022-03-25,0.8471241639670937
2022-03-28,0.8471241639670937
2022-03-29,0.8471241639670937
2022-03-30,0.7906309786924716
2022-03-31,0.7863317989447045
2022-04-01,1.0
2022-04-06,0.9371847739436506
2022-04-07,1.0
2022-04-08,1.0
2022-04-11,0.859344236933646
2022-04-12,1.0
2022-04-13,1.0
2022-04-14,1.0
2022-04-15,0.8202324436090438
2022-04-18,0.8202324436090438
2022-04-19,0.7135698474925224
2022-04-20,0.8029817239202429
2022-04-21,0.8754258544923134
2022-04-22,1.0
2022-04-25,1.0
2022-04-26,1.0
2022-04-27,0.761595552684541
2022-04-28,1.0
2022-04-29,1.0
2022-05-05,1.0
2022-05-06,1.0
2022-05-09,1.0
2022-05-10,0.9720270781167974
2022-05-11,0.9720270781167974
2022-05-12,0.8936334356616491
2022-05-13,0.874095235452607
2022-05-16,0.8732584202530855
2022-05-17,0.9383020932224841
2022-05-18,1.0
2022-05-19,1.0
2022-05-20,0.9480919833773194
2022-05-23,1.0
2022-05-24,0.9470235560476459
2022-05-25,0.9807834079151464
2022-05-26,1.0
2022-05-27,1.0
2022-05-30,1.0
2022-05-31,1.0
2022-06-01,1.0
2022-06-02,1.0
2022-06-06,1.0
2022-06-07,0.7452343133883226
2022-06-08,0.6933888722778214
2022-06-09,0.6933888722778214
2022-06-10,0.6919951996047273
2022-06-13,0.69006342710787
2022-06-14,0.6611074032954759
2022-06-15,1.0
2022-06-16,1.0
2022-06-17,1.0
2022-06-20,1.0
2022-06-21,0.7447825785002962
2022-06-22,0.8643670868633367
2022-06-23,0.7761806496661753
2022-06-24,0.754551895879398
2022-06-27,0.6422493914976789
2022-06-28,0.6391863050830632
2022-06-29,0.6419175131641167
2022-06-30,0.6067438149590269
2022-07-01,0.6071517640237429
2022-07-04,0.6071517640237429
2022-07-05,0.6071517640237429
2022-07-06,0.6071517640237429
2022-07-07,0.6350759779687657
2022-07-08,0.6350759779687657
2022-07-11,0.6216629882749437
2022-07-12,0.6216629882749437
2022-07-13,0.6254949955435364
2022-07-14,0.6254949955435364
2022-07-15,0.6254949955435364
2022-07-18,0.5645290765573188
2022-07-19,0.5488390223237763
2022-07-20,0.6301102621822995
2022-07-21,0.658691413043712
2022-07-22,0.6301102621822995
2022-07-25,0.9832493205556717
2022-07-26,0.9878972302627329
2022-07-27,1.0
2022-07-28,1.0
2022-07-29,1.0
2022-08-01,1.0
2022-08-02,1.0
2022-08-03,1.0
2022-08-04,1.0
2022-08-05,1.0
2022-08-08,1.0
2022-08-09,1.0
2022-08-10,1.0
2022-08-11,1.0
2022-08-12,1.0
2022-08-15,1.0
2022-08-16,1.0
2022-08-17,1.0
2022-08-18,1.0
2022-08-19,1.0
2022-08-22,1.0
2022-08-23,1.0
2022-08-24,1.0
2022-08-25,1.0
2022-08-26,1.0
2022-08-29,1.0
2022-08-30,1.0
2022-08-31,1.0
2022-09-01,1.0
2022-09-02,1.0
2022-09-05,1.0
2022-09-06,1.0
2022-09-07,1.0
2022-09-08,1.0
2022-09-09,1.0
2022-09-13,1.0
2022-09-14,1.0
2022-09-15,1.0
2022-09-16,1.0
2022-09-19,1.0
2022-09-20,1.0
2022-09-21,1.0
2022-09-22,1.0
2022-09-23,1.0
2022-09-26,1.0
2022-09-27,1.0
2022-09-28,1.0
2022-09-29,1.0
2022-09-30,1.0
2022-10-10,1.0
2022-10-11,1.0
2022-10-12,1.0
2022-10-13,1.0
2022-10-14,1.0
2022-10-17,1.0
2022-10-18,1.0
2022-10-19,1.0
2022-10-20,1.0
2022-10-21,1.0
2022-10-24,1.0
2022-10-25,1.0
2022-10-26,1.0
2022-10-27,1.0
2022-10-28,1.0
2022-10-31,1.0
2022-11-01,1.0
2022-11-02,1.0
2022-11-03,1.0
2022-11-04,1.0
2022-11-07,1.0
2022-11-08,1.0
2022-11-09,1.0
2022-11-10,1.0
2022-11-11,1.0
2022-11-14,1.0
2022-11-15,1.0
2022-11-16,1.0
2022-11-17,1.0
2022-11-18,1.0
2022-11-21,1.0
2022-11-22,1.0
2022-11-23,1.0
2022-11-24,1.0
2022-11-25,1.0
2022-11-28,1.0
2022-11-29,1.0
2022-11-30,1.0
2022-12-01,1.0
2022-12-02,1.0
2022-12-05,1.0
2022-12-06,1.0
2022-12-07,1.0
2022-12-08,1.0
2022-12-09,1.0
2022-12-12,1.0
2022-12-13,1.0
2022-12-14,1.0
2022-12-15,1.0
2022-12-16,1.0
2022-12-19,1.0
2022-12-20,1.0
2022-12-21,1.0
2022-12-22,1.0
2022-12-23,1.0
2022-12-26,1.0
2022-12-27,1.0
2022-12-28,1.0
2022-12-29,1.0
2022-12-30,1.0
2023-01-03,1.0
2023-01-04,1.0
2023-01-05,1.0
2023-01-06,1.0
2023-01-09,1.0
2023-01-10,1.0
2023-01-11,1.0
2023-01-12,1.0
2023-01-13,1.0
2023-01-16,1.0
2023-01-17,1.0
2023-01-18,1.0
2023-01-19,1.0
2023-01-20,1.0
2023-01-30,1.0
2023-01-31,1.0
2023-02-01,1.0
2023-02-02,1.0
2023-02-03,1.0
2023-02-06,1.0
2023-02-07,1.0
2023-02-08,1.0
2023-02-09,1.0
2023-02-10,1.0
2023-02-13,1.0
2023-02-14,1.0
2023-02-15,1.0
2023-02-16,1.0
2023-02-17,1.0
2023-02-20,1.0
2023-02-21,1.0
2023-02-22,1.0
2023-02-23,1.0
2023-02-24,1.0
2023-02-27,1.0
2023-02-28,1.0
2023-03-01,1.0
2023-03-02,1.0
2023-03-03,1.0
2023-03-06,1.0
2023-03-07,1.0
2023-03-08,1.0
2023-03-09,1.0
2023-03-10,1.0
2023-03-13,1.0
2023-03-14,1.0
2023-03-15,1.0
2023-03-16,1.0
2023-03-17,1.0
2023-03-20,1.0
2023-03-21,1.0
2023-03-22,1.0
2023-03-23,1.0
2023-03-24,1.0
2023-03-27,1.0
2023-03-28,1.0
2023-03-29,1.0
2023-03-30,1.0
2023-03-31,1.0
2023-04-03,1.0
2023-04-04,1.0
2023-04-06,1.0
2023-04-07,1.0
2023-04-10,1.0
2023-04-11,1.0
2023-04-12,1.0
2023-04-13,1.0
2023-04-14,1.0
2023-04-17,1.0
2023-04-18,1.0
2023-04-19,1.0
2023-04-20,1.0
2023-04-21,1.0
2023-04-24,1.0
2023-04-25,0.9813806126306684
2023-04-26,0.9357858637629745
2023-04-27,0.9393203377255922
2023-04-28,0.8383367134635428
2023-05-04,0.97510834161632
2023-05-05,0.9427211413420565
2023-05-08,0.829895635573627
2023-05-09,0.9403455312820044
2023-05-10,0.746859520736926
2023-05-11,0.746859520736926
2023-05-12,0.8173773360391342
2023-05-15,0.8173773360391342
2023-05-16,0.8173773360391342
2023-05-17,0.8168135199361852
2023-05-18,0.761120083546361
2023-05-19,0.8168135199361852
2023-05-22,0.8168135199361852
2023-05-23,0.8168135199361852
2023-05-24,0.8879442651003842
2023-05-25,0.8878913700946997
2023-05-26,0.9374524675880361
2023-05-29,0.8608050578622307
2023-05-30,0.8202902209099412
2023-05-31,0.8792864515094673
2023-06-01,0.8217779403317147
2023-06-02,1.0
2023-06-05,1.0
2023-06-06,1.0
2023-06-07,1.0
2023-06-08,1.0
2023-06-09,1.0
2023-06-12,1.0
2023-06-13,1.0
2023-06-14,1.0
2023-06-15,1.0
2023-06-16,1.0
2023-06-19,1.0
2023-06-20,1.0
2023-06-21,0.9194255202626582
2023-06-26,0.7387763983619962
2023-06-27,0.890807947665609
2023-06-28,0.890807947665609
2023-06-29,0.9459450985022312
2023-06-30,0.9491007433903518
2023-07-03,0.7213566802306628
2023-07-04,0.7213566802306628
2023-07-05,0.6961741711441782
2023-07-06,0.7500387199555351
2023-07-07,0.7500387199555351
2023-07-10,0.6976995263305377
2023-07-11,0.7566288632237214
2023-07-12,0.9243972488749513
2023-07-13,0.83279520891237
2023-07-14,0.9334397485241651
2023-07-17,0.7607453536405916
2023-07-18,1.0
2023-07-19,1.0
2023-07-20,1.0
2023-07-21,0.9000605741501548
2023-07-24,0.787520031546171
2023-07-25,0.9149060456039254
2023-07-26,0.8430696520436455
2023-07-27,0.7672455301421721
2023-07-28,0.875349137610353
2023-07-31,0.875349137610353
2023-08-01,0.9145763839790012
2023-08-02,0.875349137610353
2023-08-03,0.8826679510407894
2023-08-04,1.0
2023-08-07,0.9168457749010752
2023-08-08,1.0
2023-08-09,1.0
2023-08-10,1.0
2023-08-11,1.0
2023-08-14,1.0
2023-08-15,1.0
2023-08-16,1.0
2023-08-17,1.0
2023-08-18,1.0
2023-08-21,1.0
2023-08-22,1.0
2023-08-23,1.0
2023-08-24,1.0
2023-08-25,1.0
2023-08-28,1.0
2023-08-29,1.0
2023-08-30,1.0
2023-08-31,1.0
2023-09-01,1.0
2023-09-04,1.0
2023-09-05,1.0
2023-09-06,1.0
2023-09-07,1.0
2023-09-08,1.0
2023-09-11,1.0
2023-09-12,1.0
2023-09-13,1.0
2023-09-14,1.0
2023-09-15,1.0
2023-09-18,1.0
2023-09-19,0.9496760204994544
2023-09-20,0.9502025472422923
2023-09-21,1.0
2023-09-22,1.0
2023-09-25,1.0
2023-09-26,1.0
2023-09-27,1.0
2023-09-28,1.0
2023-10-09,1.0
2023-10-10,1.0
2023-10-11,1.0
2023-10-12,1.0
2023-10-13,1.0
2023-10-16,1.0
2023-10-17,1.0
2023-10-18,1.0
2023-10-19,1.0
2023-10-20,1.0
2023-10-23,1.0
2023-10-24,1.0
2023-10-25,1.0
2023-10-26,1.0
2023-10-27,1.0
2023-10-30,1.0
2023-10-31,1.0
2023-11-01,1.0
2023-11-02,1.0
2023-11-03,1.0
2023-11-06,1.0
2023-11-07,1.0
2023-11-08,1.0
2023-11-09,1.0
2023-11-10,1.0
2023-11-13,1.0
2023-11-14,1.0
2023-11-15,1.0
2023-11-16,1.0
2023-11-17,1.0
2023-11-20,1.0
2023-11-21,1.0
2023-11-22,1.0
2023-11-23,1.0
2023-11-24,1.0
2023-11-27,1.0
2023-11-28,1.0
2023-11-29,1.0
2023-11-30,1.0
2023-12-01,1.0
2023-12-04,1.0
2023-12-05,1.0
2023-12-06,1.0
2023-12-07,1.0
2023-12-08,1.0
2023-12-11,1.0
2023-12-12,1.0
2023-12-13,1.0
2023-12-14,1.0
2023-12-15,1.0
2023-12-18,1.0
2023-12-19,1.0
2023-12-20,1.0
2023-12-21,1.0
2023-12-22,1.0
2023-12-25,1.0
2023-12-26,1.0
2023-12-27,1.0
2023-12-28,1.0
2023-12-29,1.0
2024-01-02,1.0
2024-01-03,1.0
2024-01-04,1.0
2024-01-05,1.0
2024-01-08,1.0
2024-01-09,1.0
2024-01-10,1.0
2024-01-11,1.0
2024-01-12,1.0
2024-01-15,1.0
2024-01-16,1.0
2024-01-17,1.0
2024-01-18,1.0
2024-01-19,1.0
2024-01-22,1.0
2024-01-23,1.0
2024-01-24,1.0
2024-01-25,1.0
2024-01-26,1.0
2024-01-29,1.0
2024-01-30,1.0
2024-01-31,1.0
2024-02-01,1.0
2024-02-02,1.0
2024-02-05,1.0
2024-02-06,1.0
2024-02-07,1.0
2024-02-08,1.0
2024-02-19,1.0
2024-02-20,1.0
2024-02-21,1.0
2024-02-22,1.0
2024-02-23,1.0
2024-02-26,1.0
2024-02-27,1.0
2024-02-28,1.0
2024-02-29,1.0
2024-03-01,1.0
2024-03-04,1.0
2024-03-05,1.0
2024-03-06,1.0
2024-03-07,1.0
2024-03-08,1.0
2024-03-11,1.0
2024-03-12,1.0
2024-03-13,1.0
2024-03-14,1.0
2024-03-15,1.0
2024-03-18,1.0
2024-03-19,1.0
2024-03-20,1.0
2024-03-21,1.0
2024-03-22,1.0
2024-03-25,1.0
2024-03-26,1.0
2024-03-27,1.0
2024-03-28,1.0
2024-03-29,1.0
2024-04-01,1.0
2024-04-02,1.0
2024-04-03,1.0
2024-04-08,1.0
2024-04-09,1.0
2024-04-10,1.0
2024-04-11,1.0
2024-04-12,1.0
2024-04-15,1.0
2024-04-16,1.0
2024-04-17,1.0
2024-04-18,1.0
2024-04-19,1.0
2024-04-22,1.0
2024-04-23,1.0
2024-04-24,1.0
2024-04-25,1.0
2024-04-26,1.0
2024-04-29,1.0
2024-04-30,1.0
2024-05-06,1.0
2024-05-07,1.0
2024-05-08,1.0
2024-05-09,1.0
2024-05-10,1.0
2024-05-13,1.0
2024-05-14,1.0
2024-05-15,1.0
2024-05-16,1.0
2024-05-17,1.0
2024-05-20,1.0
2024-05-21,1.0
2024-05-22,1.0
2024-05-23,1.0
2024-05-24,1.0
2024-05-27,1.0
2024-05-28,1.0
2024-05-29,1.0
2024-05-30,1.0
2024-05-31,1.0
2024-06-03,1.0
2024-06-04,1.0
2024-06-05,1.0
2024-06-06,1.0
2024-06-07,1.0
2024-06-11,1.0
2024-06-12,1.0
2024-06-13,1.0
2024-06-14,1.0
2024-06-17,1.0
2024-06-18,1.0
2024-06-19,1.0
2024-06-20,1.0
2024-06-21,1.0
2024-06-24,1.0
2024-06-25,1.0
2024-06-26,1.0
2024-06-27,1.0
2024-06-28,1.0
2024-07-01,1.0
2024-07-02,1.0
2024-07-03,1.0
2024-07-04,1.0
2024-07-05,1.0
2024-07-08,1.0
2024-07-09,1.0
2024-07-10,1.0
2024-07-11,1.0
2024-07-12,1.0
2024-07-15,1.0
2024-07-16,1.0
2024-07-17,1.0
2024-07-18,1.0
2024-07-19,1.0
2024-07-22,1.0
2024-07-23,1.0
2024-07-24,1.0
2024-07-25,1.0
2024-07-26,1.0
2024-07-29,1.0
2024-07-30,1.0
2024-07-31,1.0
2024-08-01,1.0
2024-08-02,1.0
2024-08-05,1.0
2024-08-06,1.0
2024-08-07,1.0
2024-08-08,1.0
2024-08-09,1.0
2024-08-12,1.0
2024-08-13,1.0
2024-08-14,1.0
2024-08-15,1.0
2024-08-16,1.0
2024-08-19,1.0
2024-08-20,1.0
2024-08-21,1.0
2024-08-22,1.0
2024-08-23,1.0
2024-08-26,1.0
2024-08-27,1.0
2024-08-28,1.0
2024-08-29,1.0
2024-08-30,1.0
2024-09-02,1.0
2024-09-03,1.0
2024-09-04,1.0
2024-09-05,1.0
2024-09-06,1.0
2024-09-09,1.0
2024-09-10,1.0
2024-09-11,1.0
2024-09-12,1.0
2024-09-13,1.0
2024-09-18,1.0
2024-09-19,1.0
2024-09-20,1.0
2024-09-23,1.0
2024-09-24,1.0
2024-09-25,1.0
2024-09-26,1.0
2024-09-27,1.0
2024-09-30,1.0
2024-10-08,1.0
2024-10-09,1.0
2024-10-10,1.0
2024-10-11,1.0
2024-10-14,1.0
2024-10-15,1.0
2024-10-16,1.0
2024-10-17,1.0
2024-10-18,1.0
2024-10-21,1.0
2024-10-22,1.0
2024-10-23,1.0
2024-10-24,0.9302680943464632
2024-10-25,0.9302680943464632
2024-10-28,0.9403168664197874
2024-10-29,1.0
2024-10-30,1.0
2024-10-31,1.0
2024-11-01,1.0
2024-11-04,1.0
2024-11-05,1.0
2024-11-06,1.0
2024-11-07,1.0
2024-11-08,1.0
2024-11-11,1.0
2024-11-12,1.0
2024-11-13,1.0
2024-11-14,1.0
2024-11-15,1.0
2024-11-18,1.0
2024-11-19,1.0
2024-11-20,1.0
2024-11-21,1.0
2024-11-22,1.0
2024-11-25,1.0
2024-11-26,1.0
2024-11-27,1.0
2024-11-28,1.0
2024-11-29,1.0
2024-12-02,1.0
2024-12-03,1.0
2024-12-04,1.0
2024-12-05,1.0
2024-12-06,1.0
2024-12-09,1.0
2024-12-10,1.0
2024-12-11,1.0
2024-12-12,1.0
2024-12-13,1.0
2024-12-16,1.0
2024-12-17,1.0
2024-12-18,1.0
2024-12-19,1.0
2024-12-20,1.0
2024-12-23,1.0
2024-12-24,1.0
2024-12-25,1.0
2024-12-26,1.0
2024-12-27,1.0
2024-12-30,1.0
2024-12-31,1.0
2025-01-02,1.0
2025-01-03,1.0
2025-01-06,1.0
2025-01-07,1.0
2025-01-08,1.0
2025-01-09,1.0
2025-01-10,1.0
2025-01-13,1.0
2025-01-14,1.0
2025-01-15,1.0
2025-01-16,1.0
2025-01-17,1.0
2025-01-20,1.0
2025-01-21,1.0
2025-01-22,1.0
2025-01-23,1.0
2025-01-24,1.0
2025-01-27,1.0
2025-02-05,1.0
2025-02-06,1.0
2025-02-07,1.0
2025-02-10,1.0
2025-02-11,1.0
2025-02-12,1.0
2025-02-13,1.0
2025-02-14,1.0
2025-02-17,1.0
2025-02-18,1.0
2025-02-19,1.0
2025-02-20,1.0
2025-02-21,1.0
2025-02-24,1.0
2025-02-25,1.0
2025-02-26,1.0
2025-02-27,1.0
2025-02-28,1.0
2025-03-03,1.0
2025-03-04,1.0
2025-03-05,1.0
2025-03-06,1.0
2025-03-07,1.0
2025-03-10,1.0
2025-03-11,1.0
2025-03-12,1.0
2025-03-13,1.0
2025-03-14,1.0
2025-03-17,1.0
2025-03-18,1.0
2025-03-19,1.0
2025-03-20,1.0
2025-03-21,1.0
2025-03-24,1.0
2025-03-25,1.0
2025-03-26,1.0
2025-03-27,1.0
2025-03-28,1.0
2025-03-31,1.0
2025-04-01,1.0
2025-04-02,1.0
2025-04-03,1.0
2025-04-07,1.0
2025-04-08,1.0
2025-04-09,1.0
2025-04-10,1.0
2025-04-11,1.0
2025-04-14,1.0
2025-04-15,1.0
2025-04-16,1.0
2025-04-17,1.0
2025-04-18,1.0
2025-04-21,1.0
2025-04-22,1.0
2025-04-23,1.0
2025-04-24,1.0
2025-04-25,1.0
2025-04-28,1.0
2025-04-29,1.0
2025-04-30,1.0
2025-05-06,1.0
2025-05-07,1.0
2025-05-08,1.0
2025-05-09,1.0
2025-05-12,1.0
2025-05-13,1.0
2025-05-14,1.0
2025-05-15,1.0
2025-05-16,1.0
2025-05-19,1.0
2025-05-20,1.0
2025-05-21,1.0
2025-05-22,1.0
2025-05-23,1.0
2025-05-26,1.0
2025-05-27,1.0
2025-05-28,1.0
2025-05-29,1.0
2025-05-30,1.0
2025-06-03,1.0
2025-06-04,1.0
2025-06-05,1.0
2025-06-06,1.0
2025-06-09,1.0
2025-06-10,1.0
2025-06-11,1.0
2025-06-12,1.0
2025-06-13,1.0
2025-06-16,1.0
2025-06-17,1.0
2025-06-18,1.0
2025-06-19,1.0
2025-06-20,1.0
2025-06-23,1.0
2025-06-24,1.0
2025-06-25,1.0
2025-06-26,1.0
2025-06-27,1.0
2025-06-30,1.0
2025-07-01,0.9719085578820633
2025-07-02,0.9441712573122361
2025-07-03,0.9305210474224461
2025-07-04,0.9609143539925552
2025-07-07,1.0
2025-07-08,1.0
2025-07-09,1.0
2025-07-10,1.0
2025-07-11,1.0
2025-07-14,1.0
2025-07-15,1.0
2025-07-16,1.0
2025-07-17,1.0
2025-07-18,1.0
2025-07-21,1.0
2025-07-22,1.0
2025-07-23,1.0
2025-07-24,1.0
2025-07-25,1.0
2025-07-28,1.0
2025-07-29,1.0
2025-07-30,1.0
2025-07-31,1.0
2025-08-01,1.0
2025-08-04,1.0
2025-08-05,1.0
2025-08-06,1.0
2025-08-07,1.0
2025-08-08,1.0
2025-08-11,1.0
2025-08-12,1.0
2025-08-13,1.0
2025-08-14,1.0
2025-08-15,1.0
2025-08-18,1.0
2025-08-19,1.0
2025-08-20,1.0
2025-08-21,1.0
2025-08-22,1.0
2025-08-25,1.0
2025-08-26,1.0
2025-08-27,1.0
2025-08-28,1.0
2025-08-29,1.0
2025-09-01,1.0
2025-09-02,1.0
2025-09-03,1.0
2025-09-04,1.0
2025-09-05,1.0
2025-09-08,1.0
2025-09-09,1.0
2025-09-10,1.0
2025-09-11,1.0
2025-09-12,1.0
2025-09-15,1.0
2025-09-16,1.0
2025-09-17,1.0
2025-09-18,1.0
2025-09-19,1.0
2025-09-22,1.0
2025-09-23,1.0
2025-09-24,1.0
2025-09-25,1.0
2025-09-26,1.0
2025-09-29,1.0
2025-09-30,1.0
2025-10-09,1.0
2025-10-10,1.0
2025-10-13,1.0
2025-10-14,1.0
2025-10-15,1.0
2025-10-16,1.0
2025-10-17,1.0
2025-10-20,1.0
2025-10-21,1.0
2025-10-22,1.0
2025-10-23,1.0
2025-10-24,1.0
2025-10-27,1.0
2025-10-28,1.0
2025-10-29,1.0
2025-10-30,1.0
2025-10-31,1.0
2025-11-03,1.0
2025-11-04,1.0
2025-11-05,1.0
2025-11-06,1.0
2025-11-07,1.0
2025-11-10,1.0
2025-11-11,1.0
2025-11-12,1.0
2025-11-13,1.0
2025-11-14,1.0
2025-11-17,1.0
2025-11-18,1.0
2025-11-19,1.0
2025-11-20,1.0
2025-11-21,1.0
2025-11-24,1.0
2025-11-25,1.0
2025-11-26,1.0
2025-11-27,1.0
2025-11-28,1.0
2025-12-01,1.0
2025-12-02,1.0
2025-12-03,1.0
2025-12-04,1.0
2025-12-05,1.0
2025-12-08,1.0
2025-12-09,1.0
2025-12-10,1.0
2025-12-11,1.0
2025-12-12,1.0
2025-12-15,1.0
2025-12-16,1.0
2025-12-17,1.0
2025-12-18,1.0
2025-12-19,1.0
2025-12-22,1.0
2025-12-23,1.0
2025-12-24,1.0
2025-12-25,1.0
2025-12-26,1.0
2025-12-29,1.0
2025-12-30,1.0
2025-12-31,1.0
2026-01-05,1.0
2026-01-06,1.0
2026-01-07,1.0
2026-01-08,1.0
2026-01-09,1.0
2026-01-12,1.0
2026-01-13,1.0
2026-01-14,1.0
2026-01-15,1.0
2026-01-16,1.0
2026-01-19,1.0
2026-01-20,1.0
2026-01-21,1.0
2026-01-22,1.0
2026-01-23,1.0
2026-01-26,1.0
2026-01-27,1.0
2026-01-28,1.0
2026-01-29,1.0
2026-01-30,1.0
2026-02-02,1.0
2026-02-03,1.0
2026-02-04,1.0
2026-02-05,1.0
2026-02-06,1.0
2026-02-09,1.0
2026-02-10,1.0
2026-02-11,1.0
2026-02-12,1.0
2026-02-13,1.0
2026-02-24,1.0
2026-02-25,1.0
2026-02-26,1.0
2026-02-27,1.0
2026-03-02,1.0
2026-03-03,1.0
2026-03-04,1.0
2026-03-05,1.0
2026-03-06,1.0
2026-03-09,1.0
2026-03-10,1.0
2026-03-11,1.0
2026-03-12,1.0
2026-03-13,1.0
2026-03-16,1.0
2026-03-17,1.0
2026-03-18,1.0
2026-03-19,1.0
2026-03-20,1.0
2026-03-23,1.0
2026-03-24,1.0
2026-03-25,1.0
2026-03-26,1.0
2026-03-27,1.0
2026-03-30,1.0
2026-03-31,1.0
2026-04-01,1.0
2026-04-02,1.0
2026-04-03,1.0
2026-04-07,1.0
2026-04-08,1.0
2026-04-09,1.0
2026-04-10,1.0
2026-04-13,1.0
2026-04-14,1.0
2026-04-15,1.0
2026-04-16,1.0
2026-04-17,1.0
2026-04-20,1.0
2026-04-21,1.0
2026-04-22,1.0
2026-04-23,1.0
2026-04-24,1.0
2026-04-27,1.0
2026-04-28,1.0
2026-04-29,1.0
2026-04-30,1.0
2026-05-06,1.0
2026-05-07,1.0
2026-05-08,1.0
2026-05-11,1.0
2026-05-12,1.0
2026-05-13,1.0
2026-05-14,1.0
2026-05-15,1.0
2026-05-18,1.0
2026-05-19,1.0
2026-05-20,1.0
2026-05-21,1.0
2026-05-22,1.0
2026-05-25,1.0
2026-05-26,1.0
2026-05-27,1.0
2026-05-28,1.0
2026-05-29,1.0
2026-06-01,1.0
2026-06-02,1.0
2026-06-03,1.0
2026-06-04,1.0
2026-06-05,1.0
2026-06-08,1.0
2026-06-09,1.0
2026-06-10,1.0
2026-06-11,1.0
2026-06-12,1.0
2026-06-15,1.0
2026-06-16,1.0
2026-06-17,1.0
2026-06-18,1.0
2026-06-22,1.0
2026-06-23,1.0
2026-06-24,1.0
2026-06-25,1.0
2026-06-26,0.9892097431766357
2026-06-29,0.9575200512667346
2026-06-30,0.9575200512667346
2026-07-01,1.0
2026-07-02,0.9338038662736529
2026-07-03,1.0
2026-07-06,0.9983627788580004
2026-07-07,1.0
2026-07-08,1.0
2026-07-09,1.0
2026-07-10,1.0
2026-07-13,1.0
2026-07-14,1.0
2026-07-15,1.0
2026-07-16,1.0
2026-07-17,1.0
2026-07-20,1.0
2026-07-21,1.0
2026-07-22,1.0
2026-07-23,1.0
2026-07-24,1.0
2026-07-27,1.0
2026-07-28,1.0
2026-07-29,1.0
2026-07-30,1.0
2026-07-31,1.0
2026-08-03,1.0
2026-08-04,1.0
2026-08-05,1.0
2026-08-06,1.0
