date,nav
2018-01-02,1.0
2018-01-03,1.0
2018-01-04,1.0
2018-01-05,1.0
2018-01-08,1.0
2018-01-09,1.0
2018-01-10,1.0
2018-01-11,1.0
2018-01-12,1.0
2018-01-15,1.0
2018-01-16,1.0
2018-01-17,1.0
2018-01-18,1.0
2018-01-19,1.0
2018-01-22,1.0
2018-01-23,1.0
2018-01-24,1.0
2018-01-25,1.0
2018-01-26,1.0
2018-01-29,1.0
2018-01-30,1.0
2018-01-31,1.0
2018-02-01,1.0
2018-02-02,1.0
2018-02-05,1.0
2018-02-06,1.0
2018-02-07,1.0
2018-02-08,1.0
2018-02-09,1.0
2018-02-12,1.0
2018-02-13,1.0
2018-02-14,1.0
2018-02-22,1.0
2018-02-23,1.0
2018-02-26,1.0
2018-02-27,1.0
2018-02-28,1.0
2018-03-01,1.0
2018-03-02,1.0
2018-03-05,1.0
2018-03-06,1.0
2018-03-07,1.0
2018-03-08,1.0
2018-03-09,1.0
2018-03-12,1.0
2018-03-13,1.0
2018-03-14,1.0
2018-03-15,1.0
2018-03-16,1.0
2018-03-19,1.0
2018-03-20,1.0
2018-03-21,1.0
2018-03-22,1.0
2018-03-23,1.0
2018-03-26,1.0
2018-03-27,1.0
2018-03-28,1.0
2018-03-29,1.0
2018-03-30,1.0
2018-04-02,1.0
2018-04-03,1.0
2018-04-04,1.0
2018-04-09,0.9994257629514235
2018-04-10,0.9976959034156386
2018-04-11,1.0105114901099543
2018-04-12,0.9989769211056382
2018-04-13,1.0049476826368398
2018-04-16,1.0013281592667562
2018-04-17,0.9944868479702462
2018-04-18,0.9890241559553227
2018-04-19,1.0018454091837086
2018-04-20,0.99078749546464
2018-04-23,0.9909324125181532
2018-04-24,0.9981210349144516
2018-04-25,1.0007963207842407
2018-04-26,0.9981157054283716
2018-04-27,1.0006766647653593
2018-05-02,1.0103591694702125
2018-05-03,1.0119819370197034
2018-05-04,1.0119819370197034
2018-05-07,1.0119819370197034
2018-05-08,1.0119819370197034
2018-05-09,1.0119819370197034
2018-05-10,1.0119819370197034
2018-05-11,1.0119819370197034
2018-05-14,1.0119819370197034
2018-05-15,1.0119819370197034
2018-05-16,1.0119819370197034
2018-05-17,1.0119819370197034
2018-05-18,1.0119819370197034
2018-05-21,1.0119819370197034
2018-05-22,1.0119819370197034
2018-05-23,1.0119819370197034
2018-05-24,1.0119819370197034
2018-05-25,1.0119819370197034
2018-05-28,1.0119819370197034
2018-05-29,1.0119819370197034
2018-05-30,1.0119819370197034
2018-05-31,1.0119819370197034
2018-06-01,1.0119819370197034
2018-06-04,1.0119819370197034
2018-06-05,1.0119819370197034
2018-06-06,1.0119819370197034
2018-06-07,1.0119819370197034
2018-06-08,1.0119819370197034
2018-06-11,1.0119819370197034
2018-06-12,1.0119819370197034
2018-06-13,1.0119819370197034
2018-06-14,1.0119819370197034
2018-06-15,1.0119819370197034
2018-06-19,1.0119819370197034
2018-06-20,1.0119819370197034
2018-06-21,1.0119819370197034
2018-06-22,1.0119819370197034
2018-06-25,1.0119819370197034
2018-06-26,1.0119819370197034
2018-06-27,1.0119819370197034
2018-06-28,1.0119819370197034
2018-06-29,1.0119819370197034
2018-07-02,1.0119819370197034
2018-07-03,1.0119819370197034
2018-07-04,1.0119819370197034
2018-07-05,1.0119819370197034
2018-07-06,1.0119819370197034
2018-07-09,1.0119819370197034
2018-07-10,1.0119819370197034
2018-07-11,1.0119819370197034
2018-07-12,1.0119819370197034
2018-07-13,1.0119819370197034
2018-07-16,1.0119819370197034
2018-07-17,1.0119819370197034
2018-07-18,1.0119819370197034
2018-07-19,1.0119819370197034
2018-07-20,1.0119819370197034
2018-07-23,1.0119819370197034
2018-07-24,1.0119819370197034
2018-07-25,1.0119819370197034
2018-07-26,1.0119819370197034
2018-07-27,1.0119819370197034
2018-07-30,1.0119819370197034
2018-07-31,1.0119819370197034
2018-08-01,1.0119819370197034
2018-08-02,1.0119819370197034
2018-08-03,1.0119819370197034
2018-08-06,1.0119819370197034
2018-08-07,1.0119819370197034
2018-08-08,1.0119819370197034
2018-08-09,1.0119819370197034
2018-08-10,1.0119819370197034
2018-08-13,1.0119819370197034
2018-08-14,1.0119819370197034
2018-08-15,1.0119819370197034
2018-08-16,1.0119819370197034
2018-08-17,1.0119819370197034
2018-08-20,0.9986530809934657
2018-08-21,0.9976544279124723
2018-08-22,0.9904289880488908
2018-08-23,0.9894385590608419
2018-08-24,0.999069667370563
2018-08-27,1.0076196898149303
2018-08-28,1.023171713340791
2018-08-29,1.0206100370340208
2018-08-30,1.021907668973576
2018-08-31,1.0065489330339525
2018-09-03,1.0170758071862211
2018-09-04,1.017044859698661
2018-09-05,1.0127960043373019
2018-09-06,1.0109029463817933
2018-09-07,0.9977104881700383
2018-09-10,0.9898149515295971
2018-09-11,0.9916853413181957
2018-09-12,0.9967951029110519
2018-09-13,0.9983586174512332
2018-09-14,0.9914132152770174
2018-09-17,0.9850066543473884
2018-09-18,0.9828540772756051
2018-09-19,0.9772670691002648
2018-09-20,0.9818840273558239
2018-09-21,0.9888081176606225
2018-09-25,0.9883427096157793
2018-09-26,0.9793580354392711
2018-09-27,0.977572387253091
2018-09-28,0.9828676884506434
2018-10-08,0.9826514043444766
2018-10-09,0.9783044910315943
2018-10-10,0.970019373363617
2018-10-11,0.9670954420446448
2018-10-12,0.9646317461709669
2018-10-15,0.9639369534040948
2018-10-16,0.9636931457414065
2018-10-17,0.9498500675788443
2018-10-18,0.9498500675788443
2018-10-19,0.9496738561095192
2018-10-22,0.9456227883452633
2018-10-23,0.9443885074591776
2018-10-24,0.9447683681389398
2018-10-25,0.9464622045271858
2018-10-26,0.9423187184165053
2018-10-29,0.9423187184165053
2018-10-30,0.9423187184165053
2018-10-31,0.9423187184165053
2018-11-01,0.9423187184165053
2018-11-02,0.9423187184165053
2018-11-05,0.9421509244109052
2018-11-06,0.9457035041096933
2018-11-07,0.9474719405525013
2018-11-08,0.9441096003569518
2018-11-09,0.9415475100623545
2018-11-12,0.9451042975456911
2018-11-13,0.9441839393146783
2018-11-14,0.9399720228822416
2018-11-15,0.943428549946968
2018-11-16,0.9438868982217384
2018-11-19,0.9462196183237748
2018-11-20,0.9493882714746897
2018-11-21,0.953625949506644
2018-11-22,0.9516699022081067
2018-11-23,0.9508872449532154
2018-11-26,0.9496801651350919
2018-11-27,0.9477431413357373
2018-11-28,0.9532357535758156
2018-11-29,0.9532357535758156
2018-11-30,0.9532357535758156
2018-12-03,0.9532357535758156
2018-12-04,0.9532357535758156
2018-12-05,0.9531454377180417
2018-12-06,0.9539222246028545
2018-12-07,0.9538157476264079
2018-12-10,0.9542017319697064
2018-12-11,0.9531644629917394
2018-12-12,0.9526426230780097
2018-12-13,0.9510711510764477
2018-12-14,0.950670797116846
2018-12-17,0.9498692261181715
2018-12-18,0.9496675169613017
2018-12-19,0.9487530512594324
2018-12-20,0.948854565544377
2018-12-21,0.9484458094781176
2018-12-24,0.9484458094781176
2018-12-25,0.9493928044368425
2018-12-26,0.948657494860794
2018-12-27,0.9488687235079265
2018-12-28,0.9494298051112432
2019-01-02,0.9497549473147197
2019-01-03,0.9487138102662256
2019-01-04,0.9489351138355311
2019-01-07,0.9492805618370782
2019-01-08,0.9485859292920875
2019-01-09,0.9503360355798384
2019-01-10,0.9503360355798384
2019-01-11,0.9503360355798384
2019-01-14,0.9502031758661906
2019-01-15,0.9486601331998326
2019-01-16,0.947344300725851
2019-01-17,0.9467401234567047
2019-01-18,0.9439482031732048
2019-01-21,0.9434616970628021
2019-01-22,0.9452744823869244
2019-01-23,0.9463666980493028
2019-01-24,0.9454115791577734
2019-01-25,0.9452315768812852
2019-01-28,0.9490148460765927
2019-01-29,0.9490057903746287
2019-01-30,0.9486662254024951
2019-01-31,0.94457962706069
2019-02-01,0.9436829221513579
2019-02-11,0.9401236532592089
2019-02-12,0.9460133065719657
2019-02-13,0.9523692234938059
2019-02-14,0.9516121613204497
2019-02-15,0.9552178256459304
2019-02-18,0.9531348975944641
2019-02-19,0.9575411230845017
2019-02-20,0.9576404967448541
2019-02-21,0.9547821247920603
2019-02-22,0.9531487049472555
2019-02-25,0.9536840175341005
2019-02-26,0.9502484545714505
2019-02-27,0.9517061412828564
2019-02-28,0.9485180121690812
2019-03-01,0.9433573445743761
2019-03-04,0.9432525997969665
2019-03-05,0.9421746143397108
2019-03-06,0.9478628086136913
2019-03-07,0.9406780417350091
2019-03-08,0.944953919392378
2019-03-11,0.9448824911410253
2019-03-12,0.9384241103270656
2019-03-13,0.9404672734292187
2019-03-14,0.9379199938154456
2019-03-15,0.9399887115136585
2019-03-18,0.94702807026754
2019-03-19,0.9438711971729784
2019-03-20,0.9465956625943733
2019-03-21,0.9402448515841749
2019-03-22,0.9394920968177536
2019-03-25,0.9401888439595114
2019-03-26,0.9396164620383326
2019-03-27,0.9376459293898228
2019-03-28,0.9373067489925826
2019-03-29,0.9297016845072864
2019-04-01,0.9291549913891144
2019-04-02,0.9309316576421821
2019-04-03,0.9225448431202363
2019-04-04,0.9227339733370287
2019-04-08,0.9208547441727676
2019-04-09,0.9442061578145315
2019-04-10,0.9471219739352302
2019-04-11,0.9461166493473295
2019-04-12,0.9444326611339853
2019-04-15,0.943589088132259
2019-04-16,0.9431414979272312
2019-04-17,0.9429004654703923
2019-04-18,0.944364117100411
2019-04-19,0.9430883663589872
2019-04-22,0.9430078408174324
2019-04-23,0.9433305085056408
2019-04-24,0.9423986778427832
2019-04-25,0.9420458959846028
2019-04-26,0.9404616330348721
2019-04-29,0.9437187193570713
2019-04-30,0.9396725601242243
2019-05-06,0.9422693261239546
2019-05-07,0.9422693261239546
2019-05-08,0.9421927411615045
2019-05-09,0.942988087377317
2019-05-10,0.9421968043798028
2019-05-13,0.9445446056042021
2019-05-14,0.9445446056042021
2019-05-15,0.9445446056042021
2019-05-16,0.9444669024804527
2019-05-17,0.9444664651915887
2019-05-20,0.9439628161113676
2019-05-21,0.9425314370101445
2019-05-22,0.9419566607760562
2019-05-23,0.9428531383932252
2019-05-24,0.9431424710396396
2019-05-27,0.9439366941088475
2019-05-28,0.9438495277730546
2019-05-29,0.9459154877347105
2019-05-30,0.9450842629970563
2019-05-31,0.9472993250765099
2019-06-03,0.9479831925928025
2019-06-04,0.9488622933103587
2019-06-05,0.9487299842754501
2019-06-06,0.9489661223370369
2019-06-10,0.9482819198702368
2019-06-11,0.9462626480394815
2019-06-12,0.9466352616171779
2019-06-13,0.9473887972246933
2019-06-14,0.9475982086400055
2019-06-17,0.9473478038639148
2019-06-18,0.946911302024551
2019-06-19,0.9451398731069626
2019-06-20,0.945706205134768
2019-06-21,0.9460266570739955
2019-06-24,0.9443230145766094
2019-06-25,0.9436672607923293
2019-06-26,0.9414111114422256
2019-06-27,0.9421510110453346
2019-06-28,0.941520767101116
2019-07-01,0.9392303257948919
2019-07-02,0.9407258849447997
2019-07-03,0.9405714905948337
2019-07-04,0.9425244389310923
2019-07-05,0.9435332479697193
2019-07-08,0.944361142846239
2019-07-09,0.942360452736273
2019-07-10,0.9420285392514544
2019-07-11,0.9418396030387085
2019-07-12,0.9410977060663914
2019-07-15,0.9412617310116382
2019-07-16,0.9395976067310297
2019-07-17,0.9398591317730385
2019-07-18,0.9418711269914355
2019-07-19,0.9378379778116409
2019-07-22,0.9412753663281993
2019-07-23,0.941962949081334
2019-07-24,0.9449282638601875
2019-07-25,0.9454772838636518
2019-07-26,0.9448831876941225
2019-07-29,0.9479298298787046
2019-07-30,0.9466531747246494
2019-07-31,0.9476350862829226
2019-08-01,0.9475849526557382
2019-08-02,0.9474963157666908
2019-08-05,0.9557278223382245
2019-08-06,0.9629079982890284
2019-08-07,0.9687529636412026
2019-08-08,0.9684958005208335
2019-08-09,0.9715959358184685
2019-08-12,0.9712663891399635
2019-08-13,0.9747493129541339
2019-08-14,0.9665917736677394
2019-08-15,0.9680985224677711
2019-08-16,0.9680749483968973
2019-08-19,0.9663356484051808
2019-08-20,0.9673626618812742
2019-08-21,0.9646456150782814
2019-08-22,0.9668498257484037
2019-08-23,0.9669691650871608
2019-08-26,0.9547647297123137
2019-08-27,0.9557204633012832
2019-08-28,0.9554193436006062
2019-08-29,0.953587205540024
2019-08-30,0.9530774956634311
2019-09-02,0.9553326621280771
2019-09-03,0.9567590337480316
2019-09-04,0.956454285300404
2019-09-05,0.9577728955477972
2019-09-06,0.957378979491035
2019-09-09,0.9566952321487476
2019-09-10,0.955320940054656
2019-09-11,0.9557045072065996
2019-09-12,0.9560898796246112
2019-09-16,0.9554645645639337
2019-09-17,0.9547378725347662
2019-09-18,0.9544368372554425
2019-09-19,0.954902061024981
2019-09-20,0.957491306474617
2019-09-23,0.9582894987315599
2019-09-24,0.9565277775677022
2019-09-25,0.956906595158096
2019-09-26,0.9555200950631588
2019-09-27,0.9528210252528538
2019-09-30,0.9533557084774122
2019-10-08,0.9529438332995935
2019-10-09,0.9549096570889464
2019-10-10,0.9570017598021492
2019-10-11,0.9586231106327318
2019-10-14,0.9559841285335344
2019-10-15,0.955906345652023
2019-10-16,0.9546156955521726
2019-10-17,0.9577369130556084
2019-10-18,0.959364272313482
2019-10-21,0.9587310785407843
2019-10-22,0.9598111324606662
2019-10-23,0.9582640156198091
2019-10-24,0.9547319504430626
2019-10-25,0.9564847354628286
2019-10-28,0.9564103606097863
2019-10-29,0.9570507595308089
2019-10-30,0.9579791452803976
2019-10-31,0.9593799584081127
2019-11-01,0.9593712217547482
2019-11-04,0.9586140014912032
2019-11-05,0.9580932358949831
2019-11-06,0.9558395334014536
2019-11-07,0.9568728446036644
2019-11-08,0.9576241882994361
2019-11-11,0.9574055400364059
2019-11-12,0.9573906913217366
2019-11-13,0.9610667262063917
2019-11-14,0.9610984700011976
2019-11-15,0.9588326345119877
2019-11-18,0.9613720105140425
2019-11-19,0.9551732625416679
2019-11-20,0.9563321332869209
2019-11-21,0.9601515143043842
2019-11-22,0.9559839077713932
2019-11-25,0.9504943481615674
2019-11-26,0.9540346551793495
2019-11-27,0.9581762020176511
2019-11-28,0.9597963837616417
2019-11-29,0.9603565841517422
2019-12-02,0.9558364833163018
2019-12-03,0.9642858927442611
2019-12-04,0.9650272459179913
2019-12-05,0.9687821923167114
2019-12-06,0.9710661518087904
2019-12-09,0.9681189106291108
2019-12-10,0.9671629754465217
2019-12-11,0.9658566030116315
2019-12-12,0.9600905817951653
2019-12-13,0.9649208754454316
2019-12-16,0.9814663453327351
2019-12-17,0.981700478678082
2019-12-18,0.9812054225132554
2019-12-19,0.978244517597552
2019-12-20,0.9795972962157272
2019-12-23,0.9799291813488956
2019-12-24,0.9790636209653093
2019-12-25,0.980310013718247
2019-12-26,0.9796786618448058
2019-12-27,0.9800481234434301
2019-12-30,0.981026803397971
2019-12-31,0.9800750351181797
2020-01-02,0.9844656141234225
2020-01-03,0.9845147056663406
2020-01-06,0.9859847103900194
2020-01-07,0.9854342937179721
2020-01-08,0.9849296614313933
2020-01-09,0.9830668085026423
2020-01-10,0.9827115808756879
2020-01-13,0.9841231798542288
2020-01-14,0.9849025080938677
2020-01-15,0.9855361742926946
2020-01-16,0.9868972740137073
2020-01-17,0.9854653547919521
2020-01-20,0.9851613788468855
2020-01-21,0.985890290817999
2020-01-22,0.9857126126015925
2020-01-23,0.9859201085935934
2020-02-03,0.9926855389913245
2020-02-04,0.9917065754453538
2020-02-05,0.9901910326121051
2020-02-06,0.9914291434933388
2020-02-07,0.9920578169747923
2020-02-10,0.9914332416072615
2020-02-11,0.994736785475928
2020-02-12,0.9936031026282651
2020-02-13,0.9915942520217014
2020-02-14,0.9902392530804778
2020-02-17,0.9898268106836968
2020-02-18,0.9880541076251294
2020-02-19,0.9882645009404073
2020-02-20,0.9904096497954126
2020-02-21,0.9914032589056516
2020-02-24,0.9885908647837454
2020-02-25,0.9892123297544378
2020-02-26,0.9870990801635113
2020-02-27,0.9867181928928312
2020-02-28,0.9833156380675679
2020-03-02,0.9845810982767993
2020-03-03,0.9848256021749721
2020-03-04,0.9869849589770376
2020-03-05,0.987651263249745
2020-03-06,0.9855347090490135
2020-03-09,0.9806808263596076
2020-03-10,0.9812187745281001
2020-03-11,0.9838080823990533
2020-03-12,0.9819867804768775
2020-03-13,0.9803253377944667
2020-03-16,0.9800717574652953
2020-03-17,0.9821370540905893
2020-03-18,0.9793608351431938
2020-03-19,0.9804498607941975
2020-03-20,0.9769468483505185
2020-03-23,0.9784282820591927
2020-03-24,0.9819042815156501
2020-03-25,0.9800625379189937
2020-03-26,0.9838360055454106
2020-03-27,0.9837629982661817
2020-03-30,0.962829185233343
2020-03-31,0.9644014527300891
2020-04-01,0.9792065711222167
2020-04-02,0.9839113578192317
2020-04-03,0.982820311170792
2020-04-07,0.985891815898589
2020-04-08,0.9861008660421668
2020-04-09,0.9862616819323775
2020-04-10,0.9848095352384311
2020-04-13,0.9829745310619732
2020-04-14,0.9837862557903194
2020-04-15,0.9836653047340818
2020-04-16,0.9820545772181137
2020-04-17,0.9817190313633567
2020-04-20,0.9817628207834181
2020-04-21,0.9810451114986374
2020-04-22,0.9778494143944692
2020-04-23,0.9802136499651953
2020-04-24,0.9801889338485277
2020-04-27,0.9787958178841311
2020-04-28,0.9794097231268284
2020-04-29,0.9804117939908715
2020-04-30,0.9806288124528744
2020-05-06,0.9812831685288832
2020-05-07,0.9806245294689473
2020-05-08,0.9799770052563825
2020-05-11,0.979905187112846
2020-05-12,0.9792007866647398
2020-05-13,0.980064330326343
2020-05-14,0.9801692392214697
2020-05-15,0.9803158393381244
2020-05-18,0.9780898521552036
2020-05-19,0.9775443984674459
2020-05-20,0.9785717693879968
2020-05-21,0.9779549003954913
2020-05-22,0.978150716586817
2020-05-25,0.9777746637746271
2020-05-26,0.9820029515199523
2020-05-27,0.9817273806787524
2020-05-28,0.9821878167889113
2020-05-29,0.97679807043979
2020-06-01,0.977547181576642
2020-06-02,0.976888530213206
2020-06-03,0.9775476974651629
2020-06-04,0.9784719603441151
2020-06-05,0.9787763035976953
2020-06-08,0.9741527294612581
2020-06-09,0.9751577197721583
2020-06-10,0.9753795861589833
2020-06-11,0.9749849872347606
2020-06-12,0.9720189700767131
2020-06-15,0.9727746481665062
2020-06-16,0.9717288538277838
2020-06-17,0.9744209895726895
2020-06-18,0.9754261198837199
2020-06-19,0.975887907682645
2020-06-22,0.9771371030585463
2020-06-23,0.9765385112412273
2020-06-24,0.9748665165108339
2020-06-29,0.9767142969188098
2020-06-30,0.9761023154826732
2020-07-01,0.9758244168304789
2020-07-02,0.9774488058144349
2020-07-03,0.9788677247251844
2020-07-06,0.9782653091180129
2020-07-07,0.9749723533264392
2020-07-08,0.9748529217812102
2020-07-09,0.974059995703196
2020-07-10,0.9708793527689183
2020-07-13,0.9637601687160727
2020-07-14,0.9622016673576225
2020-07-15,0.9635008044246978
2020-07-16,0.9653350178511989
2020-07-17,0.9660908909787291
2020-07-20,0.9663408397138614
2020-07-21,0.9615539970566626
2020-07-22,0.962496948459755
2020-07-23,0.9612709351682093
2020-07-24,0.9627330628879843
2020-07-27,0.964220025672699
2020-07-28,0.9626287424720572
2020-07-29,0.9588717626417999
2020-07-30,0.9602741201110149
2020-07-31,0.9575427163619035
2020-08-03,0.9501507980036477
2020-08-04,0.9476370900917206
2020-08-05,0.9494939527605705
2020-08-06,0.9521899766713183
2020-08-07,0.9568373420826789
2020-08-10,0.9597078425815863
2020-08-11,0.9680024784698885
2020-08-12,0.9704996589675293
2020-08-13,0.9704280412462956
2020-08-14,0.9708171690781516
2020-08-17,0.9690934399166703
2020-08-18,0.9682766063562005
2020-08-19,0.9682504847962404
2020-08-20,0.9701522150644574
2020-08-21,0.9725892213158221
2020-08-24,0.9756146319689323
2020-08-25,0.9770751485554868
2020-08-26,0.9766927890848444
2020-08-27,0.9773005186369835
2020-08-28,0.9750566741205691
2020-08-31,0.9732215997058198
2020-09-01,0.9724469014488848
2020-09-02,0.9732457925064799
2020-09-03,0.9720675386683795
2020-09-04,0.9742271688561139
2020-09-07,0.9753677129836523
2020-09-08,0.9750574346477979
2020-09-09,0.9749851810900764
2020-09-10,0.9760600739519367
2020-09-11,0.9742491084979116
2020-09-14,0.9748830741773687
2020-09-15,0.9756732535636575
2020-09-16,0.9778539235795943
2020-09-17,0.9774405203937903
2020-09-18,0.9774614458307712
2020-09-21,0.9763503287762623
2020-09-22,0.9763434050618188
2020-09-23,0.9761252954988847
2020-09-24,0.9767093008790778
2020-09-25,0.9764381540317514
2020-09-28,0.9764874334350219
2020-09-29,0.976589240437081
2020-09-30,0.9760888199138198
2020-10-09,0.9768252042379508
2020-10-12,0.9765939651689794
2020-10-13,0.9769459353066722
2020-10-14,0.978769160476312
2020-10-15,0.9808173516117993
2020-10-16,0.9824671759805556
2020-10-19,0.9824308918329739
2020-10-20,0.9806087932707859
2020-10-21,0.9790496312377982
2020-10-22,0.9767366175251126
2020-10-23,0.9771264165309926
2020-10-26,0.975016453175218
2020-10-27,0.974092007058558
2020-10-28,0.9719546580355314
2020-10-29,0.9708629970308267
2020-10-30,0.9684334206084302
2020-11-02,0.9691540589063089
2020-11-03,0.9707234555006826
2020-11-04,0.9713603785842142
2020-11-05,0.9695176026228226
2020-11-06,0.9683887095611614
2020-11-09,0.9677793874390812
2020-11-10,0.9672580190948504
2020-11-11,0.9665101537235861
2020-11-12,0.9685819202065781
2020-11-13,0.9668483955898808
2020-11-16,0.9666967586348815
2020-11-17,0.9623292423241393
2020-11-18,0.9617843461765425
2020-11-19,0.9584223326699356
2020-11-20,0.9560580785975198
2020-11-23,0.9640329204196462
2020-11-24,0.9615420853644842
2020-11-25,0.9693229257416225
2020-11-26,0.9679764551372406
2020-11-27,0.9667960090076197
2020-11-30,0.9640249736490124
2020-12-01,0.967419243169656
2020-12-02,0.9600724134062602
2020-12-03,0.9640549459884336
2020-12-04,0.9597350496765498
2020-12-07,0.9586320616274266
2020-12-08,0.9602823696004158
2020-12-09,0.9562827394113378
2020-12-10,0.9553366368589389
2020-12-11,0.9576536801283757
2020-12-14,0.9625036697391381
2020-12-15,0.9628105484469434
2020-12-16,0.9601800638832001
2020-12-17,0.9621549314319164
2020-12-18,0.9549761966259268
2020-12-21,0.9526770317108268
2020-12-22,0.9537413027079252
2020-12-23,0.9671629071146114
2020-12-24,0.9676782074645589
2020-12-25,0.9642784213084098
2020-12-28,0.973598753192863
2020-12-29,0.9735283473924046
2020-12-30,0.9789713419563397
2020-12-31,0.9744891206510179
2021-01-04,0.9726318503272189
2021-01-05,0.9703698001733041
2021-01-06,0.9717902074473079
2021-01-07,0.9730028192650205
2021-01-08,0.9732079310676819
2021-01-11,0.9716550692572021
2021-01-12,0.9725000731580015
2021-01-13,0.9750861337185369
2021-01-14,0.9731010718999445
2021-01-15,0.9751867853266365
2021-01-18,0.9715665748712103
2021-01-19,0.9733702648846799
2021-01-20,0.9742817794944865
2021-01-21,0.9737092888601409
2021-01-22,0.9733387905341765
2021-01-25,0.9747952753842101
2021-01-26,0.9770642289778276
2021-01-27,0.9751625750895685
2021-01-28,0.9805203633928318
2021-01-29,0.9808162365774177
2021-02-01,0.9833871938224156
2021-02-02,0.9892017078330738
2021-02-03,0.9869709220422628
2021-02-04,0.9850189700606191
2021-02-05,0.9830377611278651
2021-02-08,0.9836678450934275
2021-02-09,0.9832864471660606
2021-02-10,0.9816592616508291
2021-02-18,0.9796942929828841
2021-02-19,0.9828134889238809
2021-02-22,0.9832332588569833
2021-02-23,0.9866736845881121
2021-02-24,0.9854311576309303
2021-02-25,0.9850282957071249
2021-02-26,0.9830194554956632
2021-03-01,0.9836492162294521
2021-03-02,0.9798500646903391
2021-03-03,0.9796105460409019
2021-03-04,0.9780102899370318
2021-03-05,0.9826542619288567
2021-03-08,0.9801801586781884
2021-03-09,0.9838823331150134
2021-03-10,0.9836370940116802
2021-03-11,0.9830346184895212
2021-03-12,0.9827706131140511
2021-03-15,0.982342006121596
2021-03-16,0.982710891157947
2021-03-17,0.9825016662252138
2021-03-18,0.981846303650744
2021-03-19,0.9790125936452391
2021-03-22,0.9809341734180343
2021-03-23,0.9808265765374856
2021-03-24,0.9799595661654837
2021-03-25,0.9808434474595894
2021-03-26,0.9838841322550433
2021-03-29,0.981949611667067
2021-03-30,0.9826538056771221
2021-03-31,0.9811532580815732
2021-04-01,0.9818576644277073
2021-04-02,0.9853185985544914
2021-04-06,0.9852637508831036
2021-04-07,0.9861895818855013
2021-04-08,0.9869818483180348
2021-04-09,0.9872240896248637
2021-04-12,0.9925862925587295
2021-04-13,0.9908322589111631
2021-04-14,0.9917149481393733
2021-04-15,0.992160132534776
2021-04-16,0.9918384789192711
2021-04-19,0.9922349847424362
2021-04-20,0.9921311735704585
2021-04-21,0.990419676759951
2021-04-22,0.987845485925586
2021-04-23,0.9891593195530027
2021-04-26,0.9862002828502371
2021-04-27,0.987875768773882
2021-04-28,0.9903218105303215
2021-04-29,0.9909179468437693
2021-04-30,0.9917524958488971
2021-05-06,0.987416539494463
2021-05-07,0.9876659918864573
2021-05-10,0.988145541144355
2021-05-11,0.985665883933938
2021-05-12,0.9851514120564678
2021-05-13,0.9834717582810332
2021-05-14,0.982368320546135
2021-05-17,0.9837872963010542
2021-05-18,0.984315041238135
2021-05-19,0.9858566219686598
2021-05-20,0.9872495040804782
2021-05-21,0.9878517144305086
2021-05-24,0.9916867414917631
2021-05-25,0.9921816492598634
2021-05-26,0.9955019973101144
2021-05-27,0.9938219025629291
2021-05-28,0.9933513604906564
2021-05-31,0.9939476556322645
2021-06-01,0.9933770105509583
2021-06-02,0.9901860618030465
2021-06-03,0.9877961891762149
2021-06-04,0.9866405941952323
2021-06-07,0.9872326853845241
2021-06-08,0.988322543424836
2021-06-09,0.9875865316336289
2021-06-10,0.9848117636911201
2021-06-11,0.9847580250257979
2021-06-15,0.9844616256880883
2021-06-16,0.9865996853446852
2021-06-17,0.9857195500339498
2021-06-18,0.9837137657717636
2021-06-21,0.985414094252375
2021-06-22,0.9865207142749888
2021-06-23,0.9876764036260766
2021-06-24,0.9871415779748636
2021-06-25,0.9877725052024413
2021-06-28,0.9874929909220304
2021-06-29,0.9853881083147487
2021-06-30,0.9835640183739298
2021-07-01,0.9816359820185887
2021-07-02,0.9822430492962152
2021-07-05,0.985559781777256
2021-07-06,0.9864953058377204
2021-07-07,0.9847227907740078
2021-07-08,0.986194717572852
2021-07-09,0.986264318668206
2021-07-12,0.9856312124921979
2021-07-13,0.985450925514474
2021-07-14,0.9835349897539581
2021-07-15,0.9832253956758026
2021-07-16,0.9842506932573414
2021-07-19,0.9829076899569181
2021-07-20,0.9837325505150836
2021-07-21,0.9854612173564076
2021-07-22,0.98561084899395
2021-07-23,0.9855685424210054
2021-07-26,0.9919096618933396
2021-07-27,0.9928530782180511
2021-07-28,0.9991376046005662
2021-07-29,0.9973032575829829
2021-07-30,0.9996012676416607
2021-08-02,1.0239308998878356
2021-08-03,1.0277679577121195
2021-08-04,1.0265502225952081
2021-08-05,1.027064348804401
2021-08-06,1.0289865016338586
2021-08-09,1.0272085491968543
2021-08-10,1.0327754381366987
2021-08-11,1.0321275779793455
2021-08-12,1.03110828460113
2021-08-13,1.0311506403935298
2021-08-16,1.0298317020692396
2021-08-17,1.0320578845659925
2021-08-18,1.0338664018904737
2021-08-19,1.0328480190776086
2021-08-20,1.032571816351424
2021-08-23,1.0332330144038948
2021-08-24,1.0324979192983605
2021-08-25,1.0323481452101622
2021-08-26,1.0313560855205643
2021-08-27,1.0323988782288918
2021-08-30,1.0325522686829518
2021-08-31,1.031920263432081
2021-09-01,1.0342868392869118
2021-09-02,1.0330829235046761
2021-09-03,1.0318867825567453
2021-09-06,1.03424091849971
2021-09-07,1.0329116354386791
2021-09-08,1.02992475661935
2021-09-09,1.030371704714359
2021-09-10,1.0325053616562827
2021-09-13,1.0328228139397952
2021-09-14,1.0339005961318253
2021-09-15,1.034372746075382
2021-09-16,1.0331963489782228
2021-09-17,1.0329219283599758
2021-09-22,1.0322447589853845
2021-09-23,1.0308037558376841
2021-09-24,1.0308151659385778
2021-09-27,1.030124997123574
2021-09-28,1.0312368520682638
2021-09-29,1.0314622798584139
2021-09-30,1.0302830741916182
2021-10-08,1.0322274197438763
2021-10-11,1.0331288386068815
2021-10-12,1.0357746596728812
2021-10-13,1.0402007861746618
2021-10-14,1.0393913950348723
2021-10-15,1.041698869230652
2021-10-18,1.0415059955150827
2021-10-19,1.0402523072898888
2021-10-20,1.0432106181051908
2021-10-21,1.0495781194793077
2021-10-22,1.0492923735918547
2021-10-25,1.0496797026975464
2021-10-26,1.049105324620988
2021-10-27,1.050063359721997
2021-10-28,1.0513435360616334
2021-10-29,1.051683124174558
2021-11-01,1.0524347301233092
2021-11-02,1.0573853033419012
2021-11-03,1.0538173127843815
2021-11-04,1.055969038943131
2021-11-05,1.0577625809017892
2021-11-08,1.0611247871206118
2021-11-09,1.065953254321929
2021-11-10,1.067523038126876
2021-11-11,1.0611055855721392
2021-11-12,1.0645604794896755
2021-11-15,1.064600421977271
2021-11-16,1.064752871893092
2021-11-17,1.063588982097588
2021-11-18,1.06331609675583
2021-11-19,1.063455407081402
2021-11-22,1.0773152431983646
2021-11-23,1.0786927153701489
2021-11-24,1.0755377132076989
2021-11-25,1.0772071500367346
2021-11-26,1.08022520747227
2021-11-29,1.0810723879657866
2021-11-30,1.0804231777357467
2021-12-01,1.078628486439204
2021-12-02,1.078248324447712
2021-12-03,1.073251154945168
2021-12-06,1.0697057202502789
2021-12-07,1.0735725252476607
2021-12-08,1.0772189976479332
2021-12-09,1.0805144713975585
2021-12-10,1.0847557552174139
2021-12-13,1.0825642054779159
2021-12-14,1.0876489702418661
2021-12-15,1.0890551467286977
2021-12-16,1.0887818186786997
2021-12-17,1.086440216227405
2021-12-20,1.0863223492864196
2021-12-21,1.080740025773669
2021-12-22,1.0801151502692163
2021-12-23,1.0819083867324704
2021-12-24,1.0765563466607009
2021-12-27,1.0796784197675804
2021-12-28,1.0834911964419474
2021-12-29,1.0862461601887998
2021-12-30,1.084474861841244
2021-12-31,1.0824816046688719
2022-01-04,1.0955194657790643
2022-01-05,1.0964877958062162
2022-01-06,1.091487589334929
2022-01-07,1.092984679927912
2022-01-10,1.0959304449257132
2022-01-11,1.093282872184719
2022-01-12,1.0921582806025345
2022-01-13,1.0937495993009467
2022-01-14,1.0963413594236777
2022-01-17,1.095942436112601
2022-01-18,1.0943284102583837
2022-01-19,1.0931523370982992
2022-01-20,1.09233858524249
2022-01-21,1.0878654962522873
2022-01-24,1.0899048641229296
2022-01-25,1.0869197838150861
2022-01-26,1.0854328207069892
2022-01-27,1.084843616341763
2022-01-28,1.0748540286971333
2022-02-07,1.0770824371578105
2022-02-08,1.0791740872911872
2022-02-09,1.0832896281234843
2022-02-10,1.0784588900518408
2022-02-11,1.0793980546070703
2022-02-14,1.0838126481453052
2022-02-15,1.0936192889363752
2022-02-16,1.090142905353333
2022-02-17,1.093865903227962
2022-02-18,1.0949271704999768
2022-02-21,1.0955476201550098
2022-02-22,1.0970199788207669
2022-02-23,1.095390755006916
2022-02-24,1.0960086157493227
2022-02-25,1.0966791103775013
2022-02-28,1.0957498148506248
2022-03-01,1.0945234940203439
2022-03-02,1.095385684159075
2022-03-03,1.0948652200072573
2022-03-04,1.0944138616649943
2022-03-07,1.095077754206458
2022-03-08,1.0949081108800096
2022-03-09,1.096051844999419
2022-03-10,1.094930971121534
2022-03-11,1.094521478086032
2022-03-14,1.0944343637219893
2022-03-15,1.0948126800824356
2022-03-16,1.092611501376847
2022-03-17,1.0922149823006382
2022-03-18,1.093018350163751
2022-03-21,1.0931835447160616
2022-03-22,1.0923475789885955
2022-03-23,1.0923236526468758
2022-03-24,1.0930635795384478
2022-03-25,1.0932370915565195
2022-03-28,1.0918183581573209
2022-03-29,1.092566127640465
2022-03-30,1.093709071153728
2022-03-31,1.0931654101787898
2022-04-01,1.0946737155568727
2022-04-06,1.094691907979759
2022-04-07,1.094740187556727
2022-04-08,1.0947591059057729
2022-04-11,1.0965124959302965
2022-04-12,1.0962831829831983
2022-04-13,1.096663734467708
2022-04-14,1.0964962420227213
2022-04-15,1.0962147063779426
2022-04-18,1.09760608570212
2022-04-19,1.096829512565552
2022-04-20,1.0947354903506312
2022-04-21,1.0957594408322358
2022-04-22,1.093297428640138
2022-04-25,1.090821954218322
2022-04-26,1.089473423593058
2022-04-27,1.089128182778198
2022-04-28,1.0875713074630777
2022-04-29,1.0826980817757832
2022-05-05,1.0828608598703318
2022-05-06,1.0841441963735028
2022-05-09,1.0847386193005573
2022-05-10,1.0848287560996075
2022-05-11,1.0837166774939726
2022-05-12,1.08566038920917
2022-05-13,1.0843442059404012
2022-05-16,1.084199244279939
2022-05-17,1.0855217772438355
2022-05-18,1.0856952146796852
2022-05-19,1.0856019002838209
2022-05-20,1.0841039128496837
2022-05-23,1.0820766521850635
2022-05-24,1.0838366580878034
2022-05-25,1.0823771687059287
2022-05-26,1.0825852181514308
2022-05-27,1.081445469990714
2022-05-30,1.0796552676326132
2022-05-31,1.078069441900322
2022-06-01,1.0734117219241737
2022-06-02,1.0742019423470135
2022-06-06,1.0751986049308506
2022-06-07,1.0733878535818668
2022-06-08,1.073284303605741
2022-06-09,1.0747393241801084
2022-06-10,1.0742977922364805
2022-06-13,1.075317604011354
2022-06-14,1.0718919248220276
2022-06-15,1.0790015761529614
2022-06-16,1.0806224228233619
2022-06-17,1.0834822220297282
2022-06-20,1.095427780092391
2022-06-21,1.0959564777576034
2022-06-22,1.097257524263898
2022-06-23,1.0997022846900504
2022-06-24,1.1013626488825394
2022-06-27,1.101828220036373
2022-06-28,1.104609921539397
2022-06-29,1.105099404974307
2022-06-30,1.1043371259759842
2022-07-01,1.1030509938792203
2022-07-04,1.1027833938181841
2022-07-05,1.1047492082291537
2022-07-06,1.1056080432607152
2022-07-07,1.1088862865648763
2022-07-08,1.1060266014376856
2022-07-11,1.104742785616762
2022-07-12,1.1065319052125435
2022-07-13,1.1069864517724095
2022-07-14,1.1070113936224202
2022-07-15,1.1061092636503298
2022-07-18,1.1056584030875491
2022-07-19,1.1034540125269778
2022-07-20,1.101958966795804
2022-07-21,1.096546777443004
2022-07-22,1.102075486151156
2022-07-25,1.1119425078515728
2022-07-26,1.1119643044956142
2022-07-27,1.1139102631752056
2022-07-28,1.1143240403090489
2022-07-29,1.1199224246907942
2022-08-01,1.119422189108566
2022-08-02,1.1199348589388076
2022-08-03,1.119961987043506
2022-08-04,1.1234253888077095
2022-08-05,1.1285232645914849
2022-08-08,1.1254268412943325
2022-08-09,1.1268798875474115
2022-08-10,1.1322970169660065
2022-08-11,1.1295216781132056
2022-08-12,1.1300597136459825
2022-08-15,1.1275059042412452
2022-08-16,1.128466842120936
2022-08-17,1.1300808917974139
2022-08-18,1.1286822610792333
2022-08-19,1.128848065966495
2022-08-22,1.1278326655168303
2022-08-23,1.127705737663002
2022-08-24,1.1255691273903823
2022-08-25,1.1258885121059736
2022-08-26,1.1271894852660922
2022-08-29,1.1303462457275915
2022-08-30,1.1319025096298263
2022-08-31,1.1426436518791425
2022-09-01,1.1411199984723497
2022-09-02,1.141727171516475
2022-09-05,1.1408177708037266
2022-09-06,1.1428607468331478
2022-09-07,1.1438037602328643
2022-09-08,1.1457315175715683
2022-09-09,1.1458655005906435
2022-09-13,1.1452418459613571
2022-09-14,1.1472119251429052
2022-09-15,1.1464839971890202
2022-09-16,1.1475379741514442
2022-09-19,1.1508046073859366
2022-09-20,1.1523969539095702
2022-09-21,1.1517932317367774
2022-09-22,1.1508735704409208
2022-09-23,1.1507072038650412
2022-09-26,1.150597872132543
2022-09-27,1.1517778511525747
2022-09-28,1.1518405855931817
2022-09-29,1.1517941766083006
2022-09-30,1.15136307294235
2022-10-10,1.1516862026476562
2022-10-11,1.1523677497981417
2022-10-12,1.152856581494561
2022-10-13,1.1534220064360026
2022-10-14,1.152633670703477
2022-10-17,1.1536122254476346
2022-10-18,1.1540424901032682
2022-10-19,1.1538250728406276
2022-10-20,1.1499961964491312
2022-10-21,1.1512508612086136
2022-10-24,1.1537430481432656
2022-10-25,1.1530306195713487
2022-10-26,1.1517907381317252
2022-10-27,1.1494752981590708
2022-10-28,1.1466259653777549
2022-10-31,1.145257237192343
2022-11-01,1.1437630830774475
2022-11-02,1.142426070250641
2022-11-03,1.1427829395447284
2022-11-04,1.1442900778188176
2022-11-07,1.1430335905279685
2022-11-08,1.1438364906312346
2022-11-09,1.1484407990045453
2022-11-10,1.142646567922264
2022-11-11,1.1463736684435855
2022-11-14,1.139372163574156
2022-11-15,1.1398962234332266
2022-11-16,1.1413703880272745
2022-11-17,1.1412109778035988
2022-11-18,1.143132702946856
2022-11-21,1.1443174715330524
2022-11-22,1.1453980478561412
2022-11-23,1.1462007908269418
2022-11-24,1.1435691522425016
2022-11-25,1.1439155350882988
2022-11-28,1.1409303996378115
2022-11-29,1.141349201485004
2022-11-30,1.1403862045510251
2022-12-01,1.1429297819549753
2022-12-02,1.1441661953301263
2022-12-05,1.1433222886985124
2022-12-06,1.1394273572634839
2022-12-07,1.1380207555536919
2022-12-08,1.136330399525158
2022-12-09,1.1361084401474955
2022-12-12,1.1380584916291674
2022-12-13,1.1393845082390224
2022-12-14,1.1472431968330554
2022-12-15,1.154894223748863
2022-12-16,1.1535972655864362
2022-12-19,1.156103812777455
2022-12-20,1.1586522200546987
2022-12-21,1.162114372192105
2022-12-22,1.163695224241675
2022-12-23,1.1637091707120593
2022-12-26,1.1614993383420489
2022-12-27,1.1597122666448116
2022-12-28,1.1590147509122233
2022-12-29,1.1572605439523638
2022-12-30,1.1586988732488794
2023-01-03,1.1654541248757335
2023-01-04,1.1659283920988308
2023-01-05,1.162262620350658
2023-01-06,1.1659624488728064
2023-01-09,1.168170499560932
2023-01-10,1.1691687533581852
2023-01-11,1.1684764490887132
2023-01-12,1.171540056671872
2023-01-13,1.1745193130106781
2023-01-16,1.17319266548934
2023-01-17,1.1722985748976715
2023-01-18,1.1723852772587862
2023-01-19,1.1755579812401442
2023-01-20,1.1814674863738177
2023-01-30,1.1757742820073922
2023-01-31,1.1765616261768546
2023-02-01,1.1773852230592834
2023-02-02,1.180435367309819
2023-02-03,1.1789585263615905
2023-02-06,1.1725202563372867
2023-02-07,1.1745340027592988
2023-02-08,1.1737579360114656
2023-02-09,1.1744796558475465
2023-02-10,1.1732768817750603
2023-02-13,1.1746314010380272
2023-02-14,1.174177120811218
2023-02-15,1.1752693058599197
2023-02-16,1.1712126157040077
2023-02-17,1.1700088939241993
2023-02-20,1.1721915814955544
2023-02-21,1.1730582096403266
2023-02-22,1.1708181862137914
2023-02-23,1.1715014234283152
2023-02-24,1.1652403881283966
2023-02-27,1.1620996275297744
2023-02-28,1.1553756581278345
2023-03-01,1.1618339122127597
2023-03-02,1.161003127173102
2023-03-03,1.1586332580296355
2023-03-06,1.157193428302564
2023-03-07,1.157102677718096
2023-03-08,1.1542212024483165
2023-03-09,1.152235837015274
2023-03-10,1.151967175990578
2023-03-13,1.1523860346005212
2023-03-14,1.156521846427952
2023-03-15,1.1564188745139934
2023-03-16,1.1548269914212166
2023-03-17,1.1541446310525916
2023-03-20,1.1610500916053987
2023-03-21,1.1648582392439932
2023-03-22,1.165024958769977
2023-03-23,1.1682203878518294
2023-03-24,1.1686082031795892
2023-03-27,1.173196129780705
2023-03-28,1.1695500480518397
2023-03-29,1.168580324261344
2023-03-30,1.168269783381909
2023-03-31,1.1693129771643822
2023-04-03,1.1616779082414026
2023-04-04,1.1612072595348775
2023-04-06,1.1660531392120939
2023-04-07,1.1673470632643408
2023-04-10,1.16642467361032
2023-04-11,1.1688351014969782
2023-04-12,1.1699023048129014
2023-04-13,1.1714359570568345
2023-04-14,1.170284409399406
2023-04-17,1.1719286614444118
2023-04-18,1.174447477443041
2023-04-19,1.178712356147074
2023-04-20,1.179728525642166
2023-04-21,1.1727858379281728
2023-04-24,1.1777074334264073
2023-04-25,1.1766872787300462
2023-04-26,1.179849052056341
2023-04-27,1.1805920507824403
2023-04-28,1.1803801762013508
2023-05-04,1.1824823272773448
2023-05-05,1.1791192961105714
2023-05-08,1.176753834145376
2023-05-09,1.1787579504367707
2023-05-10,1.1893124668094328
2023-05-11,1.188642400322085
2023-05-12,1.1853506083480032
2023-05-15,1.1937281128002877
2023-05-16,1.193329709329477
2023-05-17,1.2003746951768577
2023-05-18,1.2004493599059949
2023-05-19,1.199403846543058
2023-05-22,1.1978081394470397
2023-05-23,1.189755088515013
2023-05-24,1.1891665578147792
2023-05-25,1.1869361994500913
2023-05-26,1.1940481538887668
2023-05-29,1.1976209973760992
2023-05-30,1.2016052779094557
2023-05-31,1.1802939624907933
2023-06-01,1.1892626954293342
2023-06-02,1.1898559754554445
2023-06-05,1.1865496556251984
2023-06-06,1.1870999984254116
2023-06-07,1.1887035859791892
2023-06-08,1.1885271042185397
2023-06-09,1.187457075970343
2023-06-12,1.1898127025419745
2023-06-13,1.1879417554157725
2023-06-14,1.1890630795417496
2023-06-15,1.1865131067780608
2023-06-16,1.1864260157187703
2023-06-19,1.1863763073234181
2023-06-20,1.1864829371095535
2023-06-21,1.186539200307884
2023-06-26,1.1854673694976319
2023-06-27,1.1844273093776128
2023-06-28,1.183449024138256
2023-06-29,1.1838769658326889
2023-06-30,1.184788569053114
2023-07-03,1.1823251093072764
2023-07-04,1.181954039209323
2023-07-05,1.1818683980247782
2023-07-06,1.183336381481065
2023-07-07,1.1843283732556087
2023-07-10,1.184406683429351
2023-07-11,1.1848678775265191
2023-07-12,1.1841621494702537
2023-07-13,1.1863183356636378
2023-07-14,1.1859173761408093
2023-07-17,1.1835646804843765
2023-07-18,1.184585123558992
2023-07-19,1.1856786192742692
2023-07-20,1.1847122574750806
2023-07-21,1.1843340920807082
2023-07-24,1.1837189017524974
2023-07-25,1.1819756907462775
2023-07-26,1.1794370530262572
2023-07-27,1.179263038169298
2023-07-28,1.177890803418945
2023-07-31,1.1796468419223574
2023-08-01,1.17981619760406
2023-08-02,1.1776730410048566
2023-08-03,1.177307256267026
2023-08-04,1.1756041359383167
2023-08-07,1.17543073401744
2023-08-08,1.180335673423966
2023-08-09,1.1798809164448307
2023-08-10,1.1787822741882583
2023-08-11,1.1882569682733084
2023-08-14,1.1851257795031254
2023-08-15,1.1863391133665084
2023-08-16,1.18881605525485
2023-08-17,1.1972666956977023
2023-08-18,1.198910126543859
2023-08-21,1.199003674901736
2023-08-22,1.201041018936447
2023-08-23,1.200427944633185
2023-08-24,1.2016125326543459
2023-08-25,1.2001387945574344
2023-08-28,1.204094196618711
2023-08-29,1.2019088249795464
2023-08-30,1.204628114000206
2023-08-31,1.2066964371813251
2023-09-01,1.206623955989951
2023-09-04,1.2083745272710202
2023-09-05,1.2112798509252547
2023-09-06,1.2110378002605084
2023-09-07,1.2114167670276765
2023-09-08,1.2122639306358929
2023-09-11,1.2129820472607635
2023-09-12,1.2143186381074091
2023-09-13,1.2144604804231687
2023-09-14,1.2147441392172464
2023-09-15,1.2129043445269143
2023-09-18,1.2128351422622856
2023-09-19,1.2167891952401033
2023-09-20,1.2170411136904256
2023-09-21,1.2172855241983094
2023-09-22,1.2171595880750181
2023-09-25,1.217322014878969
2023-09-26,1.2166564431059277
2023-09-27,1.213865373593115
2023-09-28,1.2100835757044075
2023-10-09,1.2123191916912883
2023-10-10,1.2103521648014375
2023-10-11,1.213966744977425
2023-10-12,1.2165537738157894
2023-10-13,1.215329725320285
2023-10-16,1.2168173465147285
2023-10-17,1.2162160568779985
2023-10-18,1.2179269520693885
2023-10-19,1.217462141845778
2023-10-20,1.2187223867123098
2023-10-23,1.2166656020901472
2023-10-24,1.2184783144958775
2023-10-25,1.2202448200663003
2023-10-26,1.2196197701522
2023-10-27,1.2187792239693684
2023-10-30,1.2168826306909404
2023-10-31,1.2179754085022778
2023-11-01,1.2182049297938007
2023-11-02,1.2178982254566502
2023-11-03,1.2168932640798988
2023-11-06,1.2174482466560332
2023-11-07,1.2198870839578484
2023-11-08,1.2193918266915116
2023-11-09,1.2196303196653617
2023-11-10,1.2198748966688802
2023-11-13,1.21920372772227
2023-11-14,1.2203401465883974
2023-11-15,1.2172371253981713
2023-11-16,1.2159395413806748
2023-11-17,1.2148713344824456
2023-11-20,1.2149894872879359
2023-11-21,1.2078377214350984
2023-11-22,1.2115270017214235
2023-11-23,1.2117130858668999
2023-11-24,1.2124163598640514
2023-11-27,1.2102515204631583
2023-11-28,1.2118052389945446
2023-11-29,1.2090116510264628
2023-11-30,1.209496671898376
2023-12-01,1.2076040479936543
2023-12-04,1.2021892657055016
2023-12-05,1.2069303609194104
2023-12-06,1.204726295999047
2023-12-07,1.2023545120920067
2023-12-08,1.202383932528579
2023-12-11,1.201412340319604
2023-12-12,1.201538893085476
2023-12-13,1.2065390853480988
2023-12-14,1.2056509576071277
2023-12-15,1.206151793210937
2023-12-18,1.2129421379033385
2023-12-19,1.2200621717490288
2023-12-20,1.2205343779956965
2023-12-21,1.22090801819575
2023-12-22,1.2236855553289034
2023-12-25,1.219949697126178
2023-12-26,1.2175069783328862
2023-12-27,1.220271663567362
2023-12-28,1.214652743829494
2023-12-29,1.226106423754467
2024-01-02,1.2281057233280808
2024-01-03,1.2296617343611396
2024-01-04,1.228099744408475
2024-01-05,1.2255787180350322
2024-01-08,1.2232164139444106
2024-01-09,1.2228595036794103
2024-01-10,1.2233386668139439
2024-01-11,1.2256508927440866
2024-01-12,1.225603983293486
2024-01-15,1.2287471657448816
2024-01-16,1.2286267661033825
2024-01-17,1.230396978644997
2024-01-18,1.2306166641487697
2024-01-19,1.2289067331375247
2024-01-22,1.2263917451817632
2024-01-23,1.2266752497209108
2024-01-24,1.2264046933119344
2024-01-25,1.2260290310598916
2024-01-26,1.2271912642687621
2024-01-29,1.2296477294412584
2024-01-30,1.2328368821757163
2024-01-31,1.2337670993356706
2024-02-01,1.2325492917903678
2024-02-02,1.2337455141981106
2024-02-05,1.2322915144087327
2024-02-06,1.2293943736292783
2024-02-07,1.2288322393350997
2024-02-08,1.2296415076318252
2024-02-19,1.2305954265121117
2024-02-20,1.2372836185656173
2024-02-21,1.2389571206032832
2024-02-22,1.2431578583363978
2024-02-23,1.2447074480443558
2024-02-26,1.247655854160633
2024-02-27,1.2518565186292248
2024-02-28,1.252622400585015
2024-02-29,1.2545235228047849
2024-03-01,1.2556748614413693
2024-03-04,1.2524043794279052
2024-03-05,1.253807014209954
2024-03-06,1.2456260034481366
2024-03-07,1.2439275805901855
2024-03-08,1.2405974944210059
2024-03-11,1.235399277821974
2024-03-12,1.2218462194023305
2024-03-13,1.2057958623114804
2024-03-14,1.207958674263591
2024-03-15,1.2025068464518809
2024-03-18,1.2118859717943429
2024-03-19,1.2191272421913888
2024-03-20,1.2160758053348455
2024-03-21,1.2215344274952886
2024-03-22,1.2190989773545002
2024-03-25,1.220092550314875
2024-03-26,1.217841769732555
2024-03-27,1.2207260771306971
2024-03-28,1.210667004315698
2024-03-29,1.2095894277467016
2024-04-01,1.2091247299197203
2024-04-02,1.2110133503399607
2024-04-03,1.2051327046620777
2024-04-08,1.217869053137319
2024-04-09,1.220697186401645
2024-04-10,1.2235835735750382
2024-04-11,1.2247991166329237
2024-04-12,1.2246331027856254
2024-04-15,1.2250704494582023
2024-04-16,1.2203206452300426
2024-04-17,1.2302513707340428
2024-04-18,1.2299898378334109
2024-04-19,1.2316408895937727
2024-04-22,1.2325260003815608
2024-04-23,1.22798020476978
2024-04-24,1.2332622521199088
2024-04-25,1.2314528716473085
2024-04-26,1.232032367895263
2024-04-29,1.232868752337075
2024-04-30,1.2266665248127306
2024-05-06,1.2322161577627935
2024-05-07,1.2328596234943876
2024-05-08,1.2336413818571992
2024-05-09,1.2331533353142592
2024-05-10,1.2323508793672169
2024-05-13,1.23466222816949
2024-05-14,1.2348604305571391
2024-05-15,1.2349835680121128
2024-05-16,1.2356420910168553
2024-05-17,1.2352970373754728
2024-05-20,1.2334322495608434
2024-05-21,1.2335875896864938
2024-05-22,1.2350261395912594
2024-05-23,1.234977071098997
2024-05-24,1.2352230724620923
2024-05-27,1.2340054640491493
2024-05-28,1.2355349767748403
2024-05-29,1.2355711978860877
2024-05-30,1.2351973723305587
2024-05-31,1.2357608762007346
2024-06-03,1.2360300492521796
2024-06-04,1.236982039528502
2024-06-05,1.2373089350163406
2024-06-06,1.238410029994071
2024-06-07,1.240675203418389
2024-06-11,1.2386287612182405
2024-06-12,1.238969690531993
2024-06-13,1.2391338050512741
2024-06-14,1.2371511903820445
2024-06-17,1.2374445267788317
2024-06-18,1.2370976692980296
2024-06-19,1.236342189211534
2024-06-20,1.2361705809919863
2024-06-21,1.2364861406868959
2024-06-24,1.237032190128738
2024-06-25,1.237209775548498
2024-06-26,1.2373707249119175
2024-06-27,1.2369266106294323
2024-06-28,1.2361552039869246
2024-07-01,1.2357523516729572
2024-07-02,1.2357860540870174
2024-07-03,1.2370456805924905
2024-07-04,1.2386841758442029
2024-07-05,1.2364532091264437
2024-07-08,1.2377758627874813
2024-07-09,1.2393006905545938
2024-07-10,1.2407406678367234
2024-07-11,1.2417622913899646
2024-07-12,1.243669737871899
2024-07-15,1.2455002650082407
2024-07-16,1.2487078010024457
2024-07-17,1.2506349450159917
2024-07-18,1.249424921860542
2024-07-19,1.2458707741998258
2024-07-22,1.2439572446155533
2024-07-23,1.2463440313094354
2024-07-24,1.2509181382052414
2024-07-25,1.2481477382738793
2024-07-26,1.2481804823237213
2024-07-29,1.2504138398591071
2024-07-30,1.248877888567635
2024-07-31,1.2484397793619015
2024-08-01,1.2487536286503753
2024-08-02,1.2493440296641922
2024-08-05,1.280578618977745
2024-08-06,1.2820993448968296
2024-08-07,1.2860724660751806
2024-08-08,1.2841152135495117
2024-08-09,1.2853431330745464
2024-08-12,1.2875009082548636
2024-08-13,1.2893989900914662
2024-08-14,1.2894524378457581
2024-08-15,1.2889909635780092
2024-08-16,1.2911031233499268
2024-08-19,1.2791467931123601
2024-08-20,1.2789219561333631
2024-08-21,1.2842792321882988
2024-08-22,1.287902451066179
2024-08-23,1.2882571418828985
2024-08-26,1.2965212509934538
2024-08-27,1.2971221028116093
2024-08-28,1.2952347597360598
2024-08-29,1.294738285573343
2024-08-30,1.3018786276587788
2024-09-02,1.2986659875817212
2024-09-03,1.2917186839007428
2024-09-04,1.2922880718605034
2024-09-05,1.2910713666668405
2024-09-06,1.2915251767735225
2024-09-09,1.294867007969768
2024-09-10,1.2954603971605572
2024-09-11,1.2950717880244011
2024-09-12,1.2977789671683362
2024-09-13,1.2979233544320397
2024-09-18,1.2962839767396364
2024-09-19,1.296928673766466
2024-09-20,1.298240587645968
2024-09-23,1.30008303401618
2024-09-24,1.3063487690224842
2024-09-25,1.3071865109078273
2024-09-26,1.3048091244332314
2024-09-27,1.3102777937197345
2024-09-30,1.3161359405117068
2024-10-08,1.313076839015689
2024-10-09,1.3116058048089012
2024-10-10,1.3118834277131424
2024-10-11,1.310993608836431
2024-10-14,1.3131153002400102
2024-10-15,1.3160967026980954
2024-10-16,1.312380864114226
2024-10-17,1.3108090269729364
2024-10-18,1.3115749142727084
2024-10-21,1.3120282519446487
2024-10-22,1.3129527020302576
2024-10-23,1.3123771250150416
2024-10-24,1.3124069899332687
2024-10-25,1.3130063270465644
2024-10-28,1.3145061588353886
2024-10-29,1.3142419096075477
2024-10-30,1.3146285662287678
2024-10-31,1.3147088089713923
2024-11-01,1.3126311268942237
2024-11-04,1.3095842229302097
2024-11-05,1.3112735405283773
2024-11-06,1.3081795336464583
2024-11-07,1.3046132422581462
2024-11-08,1.3064606881554575
2024-11-11,1.3037117973183072
2024-11-12,1.3039670534162864
2024-11-13,1.3097077376442399
2024-11-14,1.3070958172740665
2024-11-15,1.3105581816564245
2024-11-18,1.3142454686294511
2024-11-19,1.3107568356616641
2024-11-20,1.313736899468272
2024-11-21,1.3164793098918612
2024-11-22,1.3148084934733308
2024-11-25,1.3146201439369933
2024-11-26,1.3137094382441319
2024-11-27,1.312854070850085
2024-11-28,1.3153325486055667
2024-11-29,1.3119583035542521
2024-12-02,1.3110409904801208
2024-12-03,1.3149750438194372
2024-12-04,1.3097007838468844
2024-12-05,1.310533057206139
2024-12-06,1.3125694885247852
2024-12-09,1.3142574370509923
2024-12-10,1.3220440188386104
2024-12-11,1.3264933760498392
2024-12-12,1.3248400540238432
2024-12-13,1.3203748473184436
2024-12-16,1.3177810076704062
2024-12-17,1.3244495853919849
2024-12-18,1.3276627805121302
2024-12-19,1.326268811737374
2024-12-20,1.3238431389405514
2024-12-23,1.3231813615862376
2024-12-24,1.3236929432043847
2024-12-25,1.3234896417531592
2024-12-26,1.3210782120729996
2024-12-27,1.322097737681151
2024-12-30,1.3211889201435716
2024-12-31,1.3175839241569312
2025-01-02,1.3175214542007032
2025-01-03,1.3171793725669203
2025-01-06,1.315205656915767
2025-01-07,1.310572672310656
2025-01-08,1.3112553874180983
2025-01-09,1.3149064765252145
2025-01-10,1.3140566934375582
2025-01-13,1.310951887181095
2025-01-14,1.3125994590161614
2025-01-15,1.3123720901317104
2025-01-16,1.3120122395030125
2025-01-17,1.3129253091067739
2025-01-20,1.3146541116316164
2025-01-21,1.3137489530228248
2025-01-22,1.3123289948373245
2025-01-23,1.3151774410670898
2025-01-24,1.3136976771471418
2025-01-27,1.3143117158201052
2025-02-05,1.3069504574842599
2025-02-06,1.3074603728985255
2025-02-07,1.303486311455603
2025-02-10,1.3022263752291074
2025-02-11,1.2982024304749473
2025-02-12,1.3018035158906176
2025-02-13,1.304377436843285
2025-02-14,1.3031746536972326
2025-02-17,1.310652181184345
2025-02-18,1.3069047636450595
2025-02-19,1.3046115332088222
2025-02-20,1.2997979781317286
2025-02-21,1.3009507250658683
2025-02-24,1.3005402704688804
2025-02-25,1.299235458601758
2025-02-26,1.3093315864900577
2025-02-27,1.3152108499684723
2025-02-28,1.317730934405004
2025-03-03,1.3512598460067802
2025-03-04,1.3516449086154452
2025-03-05,1.348309819707094
2025-03-06,1.349366207428894
2025-03-07,1.3473521891486078
2025-03-10,1.346852911578196
2025-03-11,1.3475646164793333
2025-03-12,1.3461345553782524
2025-03-13,1.3438314326653562
2025-03-14,1.3410973387511609
2025-03-17,1.338825598965972
2025-03-18,1.337784670661329
2025-03-19,1.3370874022628805
2025-03-20,1.3357278527932737
2025-03-21,1.3353201350917425
2025-03-24,1.3344312370127926
2025-03-25,1.3371826236871571
2025-03-26,1.333089449460467
2025-03-27,1.333009122898416
2025-03-28,1.3321989760335202
2025-03-31,1.3333549093060872
2025-04-01,1.3299863309710507
2025-04-02,1.3313457451741344
2025-04-03,1.3408498023443731
2025-04-07,1.345706460882032
2025-04-08,1.346850118912302
2025-04-09,1.344981581124549
2025-04-10,1.3462159393539823
2025-04-11,1.34790188014889
2025-04-14,1.3441889654995687
2025-04-15,1.3440700903903597
2025-04-16,1.3434289443549468
2025-04-17,1.3439424570079699
2025-04-18,1.3428463425708137
2025-04-21,1.344869754775013
2025-04-22,1.3471672746317385
2025-04-23,1.3483485955263943
2025-04-24,1.3504318742200125
2025-04-25,1.345090518921735
2025-04-28,1.3459804019568766
2025-04-29,1.3471928404314282
2025-04-30,1.348292652939915
2025-05-06,1.3491313163650402
2025-05-07,1.3480706582204658
2025-05-08,1.3446849149218902
2025-05-09,1.347272938255884
2025-05-12,1.3488907716045884
2025-05-13,1.3464354153165492
2025-05-14,1.3494250942757358
2025-05-15,1.3515636340251296
2025-05-16,1.3510982979067756
2025-05-19,1.3509853101352107
2025-05-20,1.3516287279665387
2025-05-21,1.3528975330094262
2025-05-22,1.3540294484849862
2025-05-23,1.3523769568550705
2025-05-26,1.3521404968723525
2025-05-27,1.3529632369812932
2025-05-28,1.3526688800050741
2025-05-29,1.3528702463407503
2025-05-30,1.3553264071414117
2025-06-03,1.3554378263703502
2025-06-04,1.3533157552538375
2025-06-05,1.355166792975201
2025-06-06,1.3564007056172842
2025-06-09,1.3569845689163498
2025-06-10,1.3591569151814116
2025-06-11,1.3602592695134668
2025-06-12,1.359201513784641
2025-06-13,1.3549734487036837
2025-06-16,1.3536856216755127
2025-06-17,1.355952167792484
2025-06-18,1.3533523226432032
2025-06-19,1.3486587161268495
2025-06-20,1.3506125570927106
2025-06-23,1.348105788160042
2025-06-24,1.352231651469316
2025-06-25,1.3520201145018438
2025-06-26,1.3514470222786439
2025-06-27,1.350264648689869
2025-06-30,1.3498857705722243
2025-07-01,1.351498490758744
2025-07-02,1.3498777128652588
2025-07-03,1.351349694271467
2025-07-04,1.351518591644467
2025-07-07,1.3509245059640282
2025-07-08,1.351718350598607
2025-07-09,1.3505703099420443
2025-07-10,1.348831207958223
2025-07-11,1.3505893609680386
2025-07-14,1.351703815215118
2025-07-15,1.348488552692477
2025-07-16,1.3430841922632202
2025-07-17,1.342155383458575
2025-07-18,1.3432830763694235
2025-07-21,1.345032941064146
2025-07-22,1.3516458254918793
2025-07-23,1.3552553430011107
2025-07-24,1.3535455526121323
2025-07-25,1.3721008801210726
2025-07-28,1.3635163044742042
2025-07-29,1.3681194703664896
2025-07-30,1.36853746208072
2025-07-31,1.3614280768815108
2025-08-01,1.3549849253098654
2025-08-04,1.3603869872969359
2025-08-05,1.3657924640366683
2025-08-06,1.367330575906871
2025-08-07,1.36536066645227
2025-08-08,1.3783384083604526
2025-08-11,1.3771302826306624
2025-08-12,1.376099290862527
2025-08-13,1.3836465647070417
2025-08-14,1.384175805476719
2025-08-15,1.3853046892013299
2025-08-18,1.3861695481458718
2025-08-19,1.3844589413305481
2025-08-20,1.3857091182544774
2025-08-21,1.3878416875588566
2025-08-22,1.386693440342527
2025-08-25,1.3891856381290695
2025-08-26,1.389025042475137
2025-08-27,1.3896240519039547
2025-08-28,1.3865988424874083
2025-08-29,1.3886594169144528
2025-09-01,1.3936877834200294
2025-09-02,1.3942180164979445
2025-09-03,1.392430254254274
2025-09-04,1.389085770664107
2025-09-05,1.3894944492905807
2025-09-08,1.3866716165525481
2025-09-09,1.3866273196117944
2025-09-10,1.3880080035866817
2025-09-11,1.3863924486179429
2025-09-12,1.3841698892012326
2025-09-15,1.3848395534928786
2025-09-16,1.38544737652454
2025-09-17,1.3864875160084629
2025-09-18,1.3877542596089478
2025-09-19,1.3876572850797886
2025-09-22,1.3909439616796533
2025-09-23,1.3919062814246737
2025-09-24,1.3925514470331244
2025-09-25,1.3933167599860825
2025-09-26,1.3915252307457224
2025-09-29,1.3950132992988442
2025-09-30,1.397126638453966
2025-10-09,1.3969742975307045
2025-10-10,1.396140592016092
2025-10-13,1.3983079659379924
2025-10-14,1.3999742392974137
2025-10-15,1.4009935303816285
2025-10-16,1.401764360071864
2025-10-17,1.3996255096138672
2025-10-20,1.4009352012034495
2025-10-21,1.4013689681462407
2025-10-22,1.4019629439100876
2025-10-23,1.4036835062099289
2025-10-24,1.401068779988055
2025-10-27,1.4009827952094795
2025-10-28,1.4044937168864218
2025-10-29,1.404579899153245
2025-10-30,1.403294917236939
2025-10-31,1.4047690626639253
2025-11-03,1.4076656293251426
2025-11-04,1.4092133898400356
2025-11-05,1.4052100080416534
2025-11-06,1.409115057392448
2025-11-07,1.411140791658235
2025-11-10,1.4108506209670424
2025-11-11,1.4092724003377783
2025-11-12,1.4071660081485915
2025-11-13,1.403045258048125
2025-11-14,1.4032786380193787
2025-11-17,1.4026868571350446
2025-11-18,1.3973605897474577
2025-11-19,1.3966317406072792
2025-11-20,1.3994716737792852
2025-11-21,1.4095776440720769
2025-11-24,1.4109717474877281
2025-11-25,1.4101334341936003
2025-11-26,1.4107614831227961
2025-11-27,1.4120944271300728
2025-11-28,1.4304330410171473
2025-12-01,1.4289173630859882
2025-12-02,1.4236173926618885
2025-12-03,1.4183865809645186
2025-12-04,1.4213227266060329
2025-12-05,1.417778479679519
2025-12-08,1.4228528761389898
2025-12-09,1.4244389432202986
2025-12-10,1.4216491261999806
2025-12-11,1.4297264053063936
2025-12-12,1.436385203894982
2025-12-15,1.4361705034671548
2025-12-16,1.431730295163315
2025-12-17,1.4335694345943104
2025-12-18,1.4346377577388127
2025-12-19,1.4402253859549212
2025-12-22,1.4501700125662493
2025-12-23,1.4533969068760997
2025-12-24,1.455293222702144
2025-12-25,1.45536610278067
2025-12-26,1.4590143904460968
2025-12-29,1.449088810453323
2025-12-30,1.4447036950604157
2025-12-31,1.4446265176878854
2026-01-05,1.44490197668619
2026-01-06,1.4414397928359155
2026-01-07,1.449089288068691
2026-01-08,1.4502435752229577
2026-01-09,1.447255540521732
2026-01-12,1.4468005024898536
2026-01-13,1.4476051968114045
2026-01-14,1.444751926914406
2026-01-15,1.450898244135015
2026-01-16,1.4533091009765893
2026-01-19,1.4616892117120464
2026-01-20,1.4602204796886937
2026-01-21,1.4645469199326824
2026-01-22,1.4644325773606282
2026-01-23,1.4619207972875872
2026-01-26,1.4648969990255034
2026-01-27,1.4615881868143095
2026-01-28,1.4604884951465273
2026-01-29,1.4577796141326405
2026-01-30,1.4546223316979685
2026-02-02,1.4546599417371087
2026-02-03,1.4550363779711952
2026-02-04,1.4533381791918225
2026-02-05,1.4595366471903122
2026-02-06,1.4644519597469017
2026-02-09,1.4619036662791636
2026-02-10,1.4681353621822166
2026-02-11,1.4718137046046802
2026-02-12,1.4710808233892356
2026-02-13,1.4750893106011917
2026-02-24,1.4750417556891664
2026-02-25,1.4743856825369246
2026-02-26,1.4740686440711113
2026-02-27,1.4794273765428039
2026-03-02,1.4768142006810965
2026-03-03,1.4747543086452923
2026-03-04,1.479574303369066
2026-03-05,1.47931308193238
2026-03-06,1.481909501865888
2026-03-09,1.4797906971474855
2026-03-10,1.4805931534020966
2026-03-11,1.481071430518466
2026-03-12,1.4801382460405061
2026-03-13,1.4786672215957188
2026-03-16,1.4798893030069662
2026-03-17,1.4812472209233922
2026-03-18,1.4825736860465868
2026-03-19,1.471543629801085
2026-03-20,1.4688030170117503
2026-03-23,1.4705767123627453
2026-03-24,1.4729421584287044
2026-03-25,1.469144533747939
2026-03-26,1.4663335184996467
2026-03-27,1.4643195813122036
2026-03-30,1.4629358082659751
2026-03-31,1.4633558559834319
2026-04-01,1.464702893705277
2026-04-02,1.4654016271948562
2026-04-03,1.4699992793252175
2026-04-07,1.4683347511002471
2026-04-08,1.477285837015899
2026-04-09,1.4773181020285608
2026-04-10,1.4783548674721185
2026-04-13,1.475468729305984
2026-04-14,1.482681781994363
2026-04-15,1.4834444143695096
2026-04-16,1.4827249632754977
2026-04-17,1.4801013848781244
2026-04-20,1.4875463870415135
2026-04-21,1.4900217271950125
2026-04-22,1.491113655197582
2026-04-23,1.4863317866470094
2026-04-24,1.4855669898391053
2026-04-27,1.4863255790572782
2026-04-28,1.4847237225153502
2026-04-29,1.4861860945486889
2026-04-30,1.4911964560898239
2026-05-06,1.4812853649283302
2026-05-07,1.483401506056418
2026-05-08,1.4838636742866917
2026-05-11,1.4834758954074025
2026-05-12,1.479618707153366
2026-05-13,1.4812120559100865
2026-05-14,1.4787988801204965
2026-05-15,1.4824936484787015
2026-05-18,1.4844060617349863
2026-05-19,1.4856875387118285
2026-05-20,1.4818694471295693
2026-05-21,1.4807588821518682
2026-05-22,1.4829723855428938
2026-05-25,1.4830643922197837
2026-05-26,1.487599110420678
2026-05-27,1.486041977004839
2026-05-28,1.4853401533526187
2026-05-29,1.4907516251738515
2026-06-01,1.4882571811770064
2026-06-02,1.486522707866931
2026-06-03,1.4828481811804155
2026-06-04,1.4830974112755286
2026-06-05,1.4835331271096086
2026-06-08,1.479572765288079
2026-06-09,1.4836005757748043
2026-06-10,1.479325942150937
2026-06-11,1.4815442672557753
2026-06-12,1.4783313076055171
2026-06-15,1.4842035775936566
2026-06-16,1.4859397668035372
2026-06-17,1.483209119304527
2026-06-18,1.4799359635457954
2026-06-22,1.482285994741931
2026-06-23,1.477880872700306
2026-06-24,1.4762227171798532
2026-06-25,1.4736891753343784
2026-06-26,1.471817723616239
2026-06-29,1.4701729852697292
2026-06-30,1.4678255652015049
2026-07-01,1.466767750054332
2026-07-02,1.468222283365703
2026-07-03,1.4635465327570782
2026-07-06,1.4667375167584662
2026-07-07,1.4642218252851678
2026-07-08,1.470267407753129
2026-07-09,1.4699864338275859
2026-07-10,1.471153027755071
2026-07-13,1.4676375436683438
2026-07-14,1.4708786372285019
2026-07-15,1.4768058591033117
2026-07-16,1.4762182838530946
2026-07-17,1.477949240624538
2026-07-20,1.4812441519326938
2026-07-21,1.4809864713965062
2026-07-22,1.4805668777427987
2026-07-23,1.4808708084813271
2026-07-24,1.4818365069946517
2026-07-27,1.4856584622094589
2026-07-28,1.4812142157307284
2026-07-29,1.4767572707645635
2026-07-30,1.468436887693951
2026-07-31,1.4661629264237677
2026-08-03,1.4624431989783775
2026-08-04,1.4747702519668002
2026-08-05,1.4766311806626424
2026-08-06,1.4896269590931954
2026-08-07,1.4892883700685213
