book,n,tv,soft,hard,is_sharpe,is_cagr,is_dd,oos_sharpe,oos_cagr,oos_dd,oos_vol,full_sharpe,full_cagr,full_dd,oos_hit,full_hit,score
legacy5,5,0.28,0.08,0.095,0.06203069939743879,0.0016674003804970638,-0.09500000000400022,0.0,0.0,0.0,0.0,0.04237632984346574,0.0007774014892838466,-0.09500000000400022,0,0,-148.7593860120512
legacy5,5,0.32,0.08,0.095,0.06162190043624942,0.0016209405764162632,-0.09500000000400022,0.0,0.0,0.0,0.0,0.04209706070891907,0.0007557496280770071,-0.09500000000400022,0,0,-148.76756199127502
legacy5,5,0.36,0.08,0.095,0.06162190043624942,0.0016209405764162632,-0.09500000000400022,0.0,0.0,0.0,0.0,0.04209706070891907,0.0007557496280770071,-0.09500000000400022,0,0,-148.76756199127502
legacy5,5,0.24,0.08,0.095,0.05031330239301746,0.0007226540671803061,-0.09500000000400022,0.0,0.0,0.0,0.0,0.03437162715734158,0.0003370119365246893,-0.09500000000400022,0,0,-148.99373395213965
legacy5,5,0.2,0.08,0.095,-0.021198424385466152,-0.004833831349757123,-0.09500000000400022,0.0,0.0,0.0,0.0,-0.014481775441021343,-0.0022576213606467777,-0.09500000000400022,0,0,-150.42396848770932
is025,13,0.16,0.08,0.095,-0.10236854387356359,-0.004343846098945892,-0.09499999999999997,0.0,0.0,0.0,0.0,-0.069932674265692,-0.002028509630919051,-0.09499999999999997,0,0,-152.04737087747128
is025,13,0.28,0.08,0.095,-0.10236854387356359,-0.004343846098945892,-0.09499999999999997,0.0,0.0,0.0,0.0,-0.069932674265692,-0.002028509630919051,-0.09499999999999997,0,0,-152.04737087747128
is025,13,0.24,0.08,0.095,-0.10236854387356359,-0.004343846098945892,-0.09499999999999997,0.0,0.0,0.0,0.0,-0.069932674265692,-0.002028509630919051,-0.09499999999999997,0,0,-152.04737087747128
is025,13,0.32,0.08,0.095,-0.10236854387356359,-0.004343846098945892,-0.09499999999999997,0.0,0.0,0.0,0.0,-0.069932674265692,-0.002028509630919051,-0.09499999999999997,0,0,-152.04737087747128
is025,13,0.36,0.08,0.095,-0.10236854387356359,-0.004343846098945892,-0.09499999999999997,0.0,0.0,0.0,0.0,-0.069932674265692,-0.002028509630919051,-0.09499999999999997,0,0,-152.04737087747128
is025,13,0.2,0.08,0.095,-0.10236854387356359,-0.004343846098945892,-0.09499999999999997,0.0,0.0,0.0,0.0,-0.069932674265692,-0.002028509630919051,-0.09499999999999997,0,0,-152.04737087747128
is025,13,0.12,0.08,0.095,-0.10237564889590399,-0.004343846098945892,-0.09499999999999997,0.0,0.0,0.0,0.0,-0.06993752792637169,-0.002028509630919051,-0.09499999999999997,0,0,-152.04751297791807
legacy5,5,0.16,0.08,0.095,-0.11531155509749129,-0.011300641155096769,-0.09500000001000064,0.0,0.0,0.0,0.0,-0.07877440706024,-0.005287088051507904,-0.09500000001000064,0,0,-152.30623110194983
is025,13,0.24,0.07,0.099,-0.13366249087349547,-0.005485464431388198,-0.09899999999999998,0.0,0.0,0.0,0.0,-0.09131029823666433,-0.002562411112196461,-0.09899999999999998,0,0,-152.67324981746992
is025,13,0.2,0.08,0.099,-0.13366249087349547,-0.005485464431388198,-0.09899999999999998,0.0,0.0,0.0,0.0,-0.09131029823666433,-0.002562411112196461,-0.09899999999999998,0,0,-152.67324981746992
is025,13,0.24,0.08,0.099,-0.13366249087349547,-0.005485464431388198,-0.09899999999999998,0.0,0.0,0.0,0.0,-0.09131029823666433,-0.002562411112196461,-0.09899999999999998,0,0,-152.67324981746992
is025,13,0.32,0.07,0.099,-0.13366249087349547,-0.005485464431388198,-0.09899999999999998,0.0,0.0,0.0,0.0,-0.09131029823666433,-0.002562411112196461,-0.09899999999999998,0,0,-152.67324981746992
is025,13,0.28,0.07,0.099,-0.13366249087349547,-0.005485464431388198,-0.09899999999999998,0.0,0.0,0.0,0.0,-0.09131029823666433,-0.002562411112196461,-0.09899999999999998,0,0,-152.67324981746992
is025,13,0.2,0.07,0.099,-0.13366249087349547,-0.005485464431388198,-0.09899999999999998,0.0,0.0,0.0,0.0,-0.09131029823666433,-0.002562411112196461,-0.09899999999999998,0,0,-152.67324981746992
is025,13,0.32,0.08,0.099,-0.13366249087349547,-0.005485464431388198,-0.09899999999999998,0.0,0.0,0.0,0.0,-0.09131029823666433,-0.002562411112196461,-0.09899999999999998,0,0,-152.67324981746992
is025,13,0.36,0.07,0.099,-0.13366249087349547,-0.005485464431388198,-0.09899999999999998,0.0,0.0,0.0,0.0,-0.09131029823666433,-0.002562411112196461,-0.09899999999999998,0,0,-152.67324981746992
is025,13,0.28,0.08,0.099,-0.13366249087349547,-0.005485464431388198,-0.09899999999999998,0.0,0.0,0.0,0.0,-0.09131029823666433,-0.002562411112196461,-0.09899999999999998,0,0,-152.67324981746992
is025,13,0.16,0.07,0.099,-0.13366249087349547,-0.005485464431388198,-0.09899999999999998,0.0,0.0,0.0,0.0,-0.09131029823666433,-0.002562411112196461,-0.09899999999999998,0,0,-152.67324981746992
is025,13,0.16,0.08,0.099,-0.13366249087349547,-0.005485464431388198,-0.09899999999999998,0.0,0.0,0.0,0.0,-0.09131029823666433,-0.002562411112196461,-0.09899999999999998,0,0,-152.67324981746992
is025,13,0.36,0.08,0.099,-0.13366249087349547,-0.005485464431388198,-0.09899999999999998,0.0,0.0,0.0,0.0,-0.09131029823666433,-0.002562411112196461,-0.09899999999999998,0,0,-152.67324981746992
is025,13,0.12,0.08,0.099,-0.13367132155055741,-0.005485464431388198,-0.09899999999999998,0.0,0.0,0.0,0.0,-0.09131633060383558,-0.002562411112196461,-0.09899999999999998,0,0,-152.67342643101114
is025,13,0.12,0.07,0.099,-0.13367132155055741,-0.005485464431388198,-0.09899999999999998,0.0,0.0,0.0,0.0,-0.09131633060383558,-0.002562411112196461,-0.09899999999999998,0,0,-152.67342643101114
carry_pairs,4,0.12,0.08,0.095,-0.1341503608811965,-0.007839268064280702,-0.09499999999999997,0.0,0.0,0.0,0.0,-0.09164356944541047,-0.003664249307559375,-0.09499999999999997,0,0,-152.68300721762392
carry_pairs,4,0.36,0.08,0.095,-0.14459902137122352,-0.007839268064280702,-0.09499999999999997,0.0,0.0,0.0,0.0,-0.09878116965186459,-0.003664249307559375,-0.09499999999999997,0,0,-152.89198042742447
carry_pairs,4,0.2,0.08,0.095,-0.14459902137122352,-0.007839268064280702,-0.09499999999999997,0.0,0.0,0.0,0.0,-0.09878116965186459,-0.003664249307559375,-0.09499999999999997,0,0,-152.89198042742447
carry_pairs,4,0.32,0.08,0.095,-0.14459902137122352,-0.007839268064280702,-0.09499999999999997,0.0,0.0,0.0,0.0,-0.09878116965186459,-0.003664249307559375,-0.09499999999999997,0,0,-152.89198042742447
carry_pairs,4,0.24,0.08,0.095,-0.14459902137122352,-0.007839268064280702,-0.09499999999999997,0.0,0.0,0.0,0.0,-0.09878116965186459,-0.003664249307559375,-0.09499999999999997,0,0,-152.89198042742447
carry_pairs,4,0.28,0.08,0.095,-0.14459902137122352,-0.007839268064280702,-0.09499999999999997,0.0,0.0,0.0,0.0,-0.09878116965186459,-0.003664249307559375,-0.09499999999999997,0,0,-152.89198042742447
carry_pairs,4,0.16,0.08,0.095,-0.14459908813773592,-0.007839268064280702,-0.09499999999999997,0.0,0.0,0.0,0.0,-0.09878121526062365,-0.003664249307559375,-0.09499999999999997,0,0,-152.8919817627547
legacy5,5,0.12,0.08,0.095,-0.14840952809017727,-0.011300641155096769,-0.09500000001000064,0.0,0.0,0.0,0.0,-0.10138415383552854,-0.005287088051507904,-0.09500000001000064,0,0,-152.96819056180354
carry_pairs,4,0.12,0.08,0.099,-0.15679566913771584,-0.008976878549455947,-0.09899999999999998,0.0,0.0,0.0,0.0,-0.10711275299977459,-0.00419727568985373,-0.09899999999999998,0,0,-153.13591338275432
carry_pairs,4,0.12,0.07,0.099,-0.15679566913771584,-0.008976878549455947,-0.09899999999999998,0.0,0.0,0.0,0.0,-0.10711275299977459,-0.00419727568985373,-0.09899999999999998,0,0,-153.13591338275432
univ_core,21,0.36,0.07,0.099,-0.16445400416365155,-0.01231670255779993,-0.09899999999999998,0.0,0.0,0.0,0.0,-0.11234414382200668,-0.005764036133002137,-0.09899999999999998,0,0,-153.28908008327303
univ_core,21,0.28,0.08,0.099,-0.16445400416365155,-0.01231670255779993,-0.09899999999999998,0.0,0.0,0.0,0.0,-0.11234414382200668,-0.005764036133002137,-0.09899999999999998,0,0,-153.28908008327303
univ_core,21,0.24,0.07,0.099,-0.16445400416365155,-0.01231670255779993,-0.09899999999999998,0.0,0.0,0.0,0.0,-0.11234414382200668,-0.005764036133002137,-0.09899999999999998,0,0,-153.28908008327303
univ_core,21,0.24,0.08,0.099,-0.16445400416365155,-0.01231670255779993,-0.09899999999999998,0.0,0.0,0.0,0.0,-0.11234414382200668,-0.005764036133002137,-0.09899999999999998,0,0,-153.28908008327303
univ_core,21,0.12,0.08,0.099,-0.16445400416365155,-0.01231670255779993,-0.09899999999999998,0.0,0.0,0.0,0.0,-0.11234414382200668,-0.005764036133002137,-0.09899999999999998,0,0,-153.28908008327303
univ_core,21,0.16,0.07,0.099,-0.16445400416365155,-0.01231670255779993,-0.09899999999999998,0.0,0.0,0.0,0.0,-0.11234414382200668,-0.005764036133002137,-0.09899999999999998,0,0,-153.28908008327303
univ_core,21,0.16,0.08,0.099,-0.16445400416365155,-0.01231670255779993,-0.09899999999999998,0.0,0.0,0.0,0.0,-0.11234414382200668,-0.005764036133002137,-0.09899999999999998,0,0,-153.28908008327303
univ_core,21,0.2,0.07,0.099,-0.16445400416365155,-0.01231670255779993,-0.09899999999999998,0.0,0.0,0.0,0.0,-0.11234414382200668,-0.005764036133002137,-0.09899999999999998,0,0,-153.28908008327303
univ_core,21,0.12,0.07,0.099,-0.16445400416365155,-0.01231670255779993,-0.09899999999999998,0.0,0.0,0.0,0.0,-0.11234414382200668,-0.005764036133002137,-0.09899999999999998,0,0,-153.28908008327303
univ_core,21,0.28,0.07,0.099,-0.16445400416365155,-0.01231670255779993,-0.09899999999999998,0.0,0.0,0.0,0.0,-0.11234414382200668,-0.005764036133002137,-0.09899999999999998,0,0,-153.28908008327303
univ_core,21,0.32,0.07,0.099,-0.16445400416365155,-0.01231670255779993,-0.09899999999999998,0.0,0.0,0.0,0.0,-0.11234414382200668,-0.005764036133002137,-0.09899999999999998,0,0,-153.28908008327303
univ_core,21,0.32,0.08,0.099,-0.16445400416365155,-0.01231670255779993,-0.09899999999999998,0.0,0.0,0.0,0.0,-0.11234414382200668,-0.005764036133002137,-0.09899999999999998,0,0,-153.28908008327303
univ_core,21,0.2,0.08,0.099,-0.16445400416365155,-0.01231670255779993,-0.09899999999999998,0.0,0.0,0.0,0.0,-0.11234414382200668,-0.005764036133002137,-0.09899999999999998,0,0,-153.28908008327303
univ_core,21,0.36,0.08,0.099,-0.16445400416365155,-0.01231670255779993,-0.09899999999999998,0.0,0.0,0.0,0.0,-0.11234414382200668,-0.005764036133002137,-0.09899999999999998,0,0,-153.28908008327303
carry_pairs,4,0.16,0.07,0.099,-0.16813341043855565,-0.008976878549455947,-0.09899999999999998,0.0,0.0,0.0,0.0,-0.1148575229024353,-0.00419727568985373,-0.09899999999999998,0,0,-153.3626682087711
carry_pairs,4,0.16,0.08,0.099,-0.16813341043855565,-0.008976878549455947,-0.09899999999999998,0.0,0.0,0.0,0.0,-0.1148575229024353,-0.00419727568985373,-0.09899999999999998,0,0,-153.3626682087711
carry_pairs,4,0.36,0.08,0.099,-0.16813372525369313,-0.008976878549455947,-0.09899999999999998,0.0,0.0,0.0,0.0,-0.11485773795023836,-0.00419727568985373,-0.09899999999999998,0,0,-153.36267450507387
carry_pairs,4,0.32,0.08,0.099,-0.16813372525369313,-0.008976878549455947,-0.09899999999999998,0.0,0.0,0.0,0.0,-0.11485773795023836,-0.00419727568985373,-0.09899999999999998,0,0,-153.36267450507387
carry_pairs,4,0.28,0.07,0.099,-0.16813372525369313,-0.008976878549455947,-0.09899999999999998,0.0,0.0,0.0,0.0,-0.11485773795023836,-0.00419727568985373,-0.09899999999999998,0,0,-153.36267450507387
carry_pairs,4,0.32,0.07,0.099,-0.16813372525369313,-0.008976878549455947,-0.09899999999999998,0.0,0.0,0.0,0.0,-0.11485773795023836,-0.00419727568985373,-0.09899999999999998,0,0,-153.36267450507387
carry_pairs,4,0.24,0.07,0.099,-0.16813372525369313,-0.008976878549455947,-0.09899999999999998,0.0,0.0,0.0,0.0,-0.11485773795023836,-0.00419727568985373,-0.09899999999999998,0,0,-153.36267450507387
carry_pairs,4,0.2,0.08,0.099,-0.16813372525369313,-0.008976878549455947,-0.09899999999999998,0.0,0.0,0.0,0.0,-0.11485773795023836,-0.00419727568985373,-0.09899999999999998,0,0,-153.36267450507387
carry_pairs,4,0.24,0.08,0.099,-0.16813372525369313,-0.008976878549455947,-0.09899999999999998,0.0,0.0,0.0,0.0,-0.11485773795023836,-0.00419727568985373,-0.09899999999999998,0,0,-153.36267450507387
carry_pairs,4,0.2,0.07,0.099,-0.16813372525369313,-0.008976878549455947,-0.09899999999999998,0.0,0.0,0.0,0.0,-0.11485773795023836,-0.00419727568985373,-0.09899999999999998,0,0,-153.36267450507387
carry_pairs,4,0.28,0.08,0.099,-0.16813372525369313,-0.008976878549455947,-0.09899999999999998,0.0,0.0,0.0,0.0,-0.11485773795023836,-0.00419727568985373,-0.09899999999999998,0,0,-153.36267450507387
carry_pairs,4,0.36,0.07,0.099,-0.16813372525369313,-0.008976878549455947,-0.09899999999999998,0.0,0.0,0.0,0.0,-0.11485773795023836,-0.00419727568985373,-0.09899999999999998,0,0,-153.36267450507387
univ_core,21,0.24,0.08,0.095,-0.19006103991117407,-0.01118292590730341,-0.09499999999999997,0.0,0.0,0.0,0.0,-0.12983593503847451,-0.0052318483953816,-0.09499999999999997,0,0,-153.80122079822348
univ_core,21,0.2,0.08,0.095,-0.19006103991117407,-0.01118292590730341,-0.09499999999999997,0.0,0.0,0.0,0.0,-0.12983593503847451,-0.0052318483953816,-0.09499999999999997,0,0,-153.80122079822348
univ_core,21,0.16,0.08,0.095,-0.19006103991117407,-0.01118292590730341,-0.09499999999999997,0.0,0.0,0.0,0.0,-0.12983593503847451,-0.0052318483953816,-0.09499999999999997,0,0,-153.80122079822348
univ_core,21,0.28,0.08,0.095,-0.19006103991117407,-0.01118292590730341,-0.09499999999999997,0.0,0.0,0.0,0.0,-0.12983593503847451,-0.0052318483953816,-0.09499999999999997,0,0,-153.80122079822348
univ_core,21,0.12,0.08,0.095,-0.19006103991117407,-0.01118292590730341,-0.09499999999999997,0.0,0.0,0.0,0.0,-0.12983593503847451,-0.0052318483953816,-0.09499999999999997,0,0,-153.80122079822348
univ_core,21,0.36,0.08,0.095,-0.19006103991117407,-0.01118292590730341,-0.09499999999999997,0.0,0.0,0.0,0.0,-0.12983593503847451,-0.0052318483953816,-0.09499999999999997,0,0,-153.80122079822348
univ_core,21,0.32,0.08,0.095,-0.19006103991117407,-0.01118292590730341,-0.09499999999999997,0.0,0.0,0.0,0.0,-0.12983593503847451,-0.0052318483953816,-0.09499999999999997,0,0,-153.80122079822348
is040,9,0.32,0.08,0.095,-0.27961420771334833,-0.011882153201843493,-0.09499999999999997,0.0,0.0,0.0,0.0,-0.19100365949242487,-0.005560022852487134,-0.09499999999999997,0,0,-155.59228415426696
is040,9,0.36,0.08,0.095,-0.27961420771334833,-0.011882153201843493,-0.09499999999999997,0.0,0.0,0.0,0.0,-0.19100365949242487,-0.005560022852487134,-0.09499999999999997,0,0,-155.59228415426696
is040,9,0.28,0.08,0.095,-0.27961420771334833,-0.011882153201843493,-0.09499999999999997,0.0,0.0,0.0,0.0,-0.19100365949242487,-0.005560022852487134,-0.09499999999999997,0,0,-155.59228415426696
is040,9,0.24,0.08,0.095,-0.27961420771334833,-0.011882153201843493,-0.09499999999999997,0.0,0.0,0.0,0.0,-0.19100365949242487,-0.005560022852487134,-0.09499999999999997,0,0,-155.59228415426696
is040,9,0.12,0.08,0.095,-0.27961420771334833,-0.011882153201843493,-0.09499999999999997,0.0,0.0,0.0,0.0,-0.19100365949242487,-0.005560022852487134,-0.09499999999999997,0,0,-155.59228415426696
is040,9,0.2,0.08,0.095,-0.27961420771334833,-0.011882153201843493,-0.09499999999999997,0.0,0.0,0.0,0.0,-0.19100365949242487,-0.005560022852487134,-0.09499999999999997,0,0,-155.59228415426696
is040,9,0.16,0.08,0.095,-0.27961420771334833,-0.011882153201843493,-0.09499999999999997,0.0,0.0,0.0,0.0,-0.19100365949242487,-0.005560022852487134,-0.09499999999999997,0,0,-155.59228415426696
legacy5,5,0.36,0.08,0.099,-0.28206973124499096,-0.012434282830583565,-0.09899999999999998,0.0,0.0,0.0,0.0,-0.1926807389623227,-0.005819246235319486,-0.09899999999999998,0,0,-155.64139462489982
legacy5,5,0.32,0.08,0.099,-0.28206973124499096,-0.012434282830583565,-0.09899999999999998,0.0,0.0,0.0,0.0,-0.1926807389623227,-0.005819246235319486,-0.09899999999999998,0,0,-155.64139462489982
legacy5,5,0.24,0.07,0.099,-0.28206973124499096,-0.012434282830583565,-0.09899999999999998,0.0,0.0,0.0,0.0,-0.1926807389623227,-0.005819246235319486,-0.09899999999999998,0,0,-155.64139462489982
legacy5,5,0.24,0.08,0.099,-0.28206973124499096,-0.012434282830583565,-0.09899999999999998,0.0,0.0,0.0,0.0,-0.1926807389623227,-0.005819246235319486,-0.09899999999999998,0,0,-155.64139462489982
legacy5,5,0.2,0.07,0.099,-0.28206973124499096,-0.012434282830583565,-0.09899999999999998,0.0,0.0,0.0,0.0,-0.1926807389623227,-0.005819246235319486,-0.09899999999999998,0,0,-155.64139462489982
legacy5,5,0.16,0.07,0.099,-0.28206973124499096,-0.012434282830583565,-0.09899999999999998,0.0,0.0,0.0,0.0,-0.1926807389623227,-0.005819246235319486,-0.09899999999999998,0,0,-155.64139462489982
legacy5,5,0.32,0.07,0.099,-0.28206973124499096,-0.012434282830583565,-0.09899999999999998,0.0,0.0,0.0,0.0,-0.1926807389623227,-0.005819246235319486,-0.09899999999999998,0,0,-155.64139462489982
legacy5,5,0.36,0.07,0.099,-0.28206973124499096,-0.012434282830583565,-0.09899999999999998,0.0,0.0,0.0,0.0,-0.1926807389623227,-0.005819246235319486,-0.09899999999999998,0,0,-155.64139462489982
legacy5,5,0.28,0.07,0.099,-0.28206973124499096,-0.012434282830583565,-0.09899999999999998,0.0,0.0,0.0,0.0,-0.1926807389623227,-0.005819246235319486,-0.09899999999999998,0,0,-155.64139462489982
legacy5,5,0.16,0.08,0.099,-0.28206973124499096,-0.012434282830583565,-0.09899999999999998,0.0,0.0,0.0,0.0,-0.1926807389623227,-0.005819246235319486,-0.09899999999999998,0,0,-155.64139462489982
legacy5,5,0.2,0.08,0.099,-0.28206973124499096,-0.012434282830583565,-0.09899999999999998,0.0,0.0,0.0,0.0,-0.1926807389623227,-0.005819246235319486,-0.09899999999999998,0,0,-155.64139462489982
legacy5,5,0.28,0.08,0.099,-0.28206973124499096,-0.012434282830583565,-0.09899999999999998,0.0,0.0,0.0,0.0,-0.1926807389623227,-0.005819246235319486,-0.09899999999999998,0,0,-155.64139462489982
legacy5,5,0.12,0.07,0.099,-0.2859283109599236,-0.012434282830583565,-0.09899999999999998,0.0,0.0,0.0,0.0,-0.19531606623328837,-0.005819246235319486,-0.09899999999999998,0,0,-155.71856621919846
legacy5,5,0.12,0.08,0.099,-0.2859283109599236,-0.012434282830583565,-0.09899999999999998,0.0,0.0,0.0,0.0,-0.19531606623328837,-0.005819246235319486,-0.09899999999999998,0,0,-155.71856621919846
is040,9,0.12,0.07,0.099,-0.3071598932145763,-0.013015128119319597,-0.09900000000099995,0.0,0.0,0.0,0.0,-0.20981644464467816,-0.00609203502126876,-0.09900000000099995,0,0,-156.14319786429152
is040,9,0.2,0.08,0.099,-0.3071598932145763,-0.013015128119319597,-0.09900000000099995,0.0,0.0,0.0,0.0,-0.20981644464467816,-0.00609203502126876,-0.09900000000099995,0,0,-156.14319786429152
is040,9,0.2,0.07,0.099,-0.3071598932145763,-0.013015128119319597,-0.09900000000099995,0.0,0.0,0.0,0.0,-0.20981644464467816,-0.00609203502126876,-0.09900000000099995,0,0,-156.14319786429152
is040,9,0.24,0.08,0.099,-0.3071598932145763,-0.013015128119319597,-0.09900000000099995,0.0,0.0,0.0,0.0,-0.20981644464467816,-0.00609203502126876,-0.09900000000099995,0,0,-156.14319786429152
is040,9,0.36,0.08,0.099,-0.3071598932145763,-0.013015128119319597,-0.09900000000099995,0.0,0.0,0.0,0.0,-0.20981644464467816,-0.00609203502126876,-0.09900000000099995,0,0,-156.14319786429152
is040,9,0.32,0.08,0.099,-0.3071598932145763,-0.013015128119319597,-0.09900000000099995,0.0,0.0,0.0,0.0,-0.20981644464467816,-0.00609203502126876,-0.09900000000099995,0,0,-156.14319786429152
is040,9,0.36,0.07,0.099,-0.3071598932145763,-0.013015128119319597,-0.09900000000099995,0.0,0.0,0.0,0.0,-0.20981644464467816,-0.00609203502126876,-0.09900000000099995,0,0,-156.14319786429152
is040,9,0.28,0.08,0.099,-0.3071598932145763,-0.013015128119319597,-0.09900000000099995,0.0,0.0,0.0,0.0,-0.20981644464467816,-0.00609203502126876,-0.09900000000099995,0,0,-156.14319786429152
is040,9,0.16,0.08,0.099,-0.3071598932145763,-0.013015128119319597,-0.09900000000099995,0.0,0.0,0.0,0.0,-0.20981644464467816,-0.00609203502126876,-0.09900000000099995,0,0,-156.14319786429152
is040,9,0.12,0.08,0.099,-0.3071598932145763,-0.013015128119319597,-0.09900000000099995,0.0,0.0,0.0,0.0,-0.20981644464467816,-0.00609203502126876,-0.09900000000099995,0,0,-156.14319786429152
is040,9,0.16,0.07,0.099,-0.3071598932145763,-0.013015128119319597,-0.09900000000099995,0.0,0.0,0.0,0.0,-0.20981644464467816,-0.00609203502126876,-0.09900000000099995,0,0,-156.14319786429152
is040,9,0.32,0.07,0.099,-0.3071598932145763,-0.013015128119319597,-0.09900000000099995,0.0,0.0,0.0,0.0,-0.20981644464467816,-0.00609203502126876,-0.09900000000099995,0,0,-156.14319786429152
is040,9,0.28,0.07,0.099,-0.3071598932145763,-0.013015128119319597,-0.09900000000099995,0.0,0.0,0.0,0.0,-0.20981644464467816,-0.00609203502126876,-0.09900000000099995,0,0,-156.14319786429152
is040,9,0.24,0.07,0.099,-0.3071598932145763,-0.013015128119319597,-0.09900000000099995,0.0,0.0,0.0,0.0,-0.20981644464467816,-0.00609203502126876,-0.09900000000099995,0,0,-156.14319786429152
top_arb,6,0.2,0.08,0.095,-0.5353661147271357,-0.01917526834333516,-0.09499999999999997,0.0,0.0,0.0,0.0,-0.36562631168855503,-0.008990377143325512,-0.09499999999999997,0,0,-160.7073222945427
top_arb,6,0.12,0.08,0.095,-0.5353661147271357,-0.01917526834333516,-0.09499999999999997,0.0,0.0,0.0,0.0,-0.36562631168855503,-0.008990377143325512,-0.09499999999999997,0,0,-160.7073222945427
top_arb,6,0.16,0.08,0.095,-0.5353661147271357,-0.01917526834333516,-0.09499999999999997,0.0,0.0,0.0,0.0,-0.36562631168855503,-0.008990377143325512,-0.09499999999999997,0,0,-160.7073222945427
top_arb,6,0.32,0.08,0.095,-0.5353661147271357,-0.01917526834333516,-0.09499999999999997,0.0,0.0,0.0,0.0,-0.36562631168855503,-0.008990377143325512,-0.09499999999999997,0,0,-160.7073222945427
top_arb,6,0.36,0.08,0.095,-0.5353661147271357,-0.01917526834333516,-0.09499999999999997,0.0,0.0,0.0,0.0,-0.36562631168855503,-0.008990377143325512,-0.09499999999999997,0,0,-160.7073222945427
top_arb,6,0.24,0.08,0.095,-0.5353661147271357,-0.01917526834333516,-0.09499999999999997,0.0,0.0,0.0,0.0,-0.36562631168855503,-0.008990377143325512,-0.09499999999999997,0,0,-160.7073222945427
top_arb,6,0.28,0.08,0.095,-0.5353661147271357,-0.01917526834333516,-0.09499999999999997,0.0,0.0,0.0,0.0,-0.36562631168855503,-0.008990377143325512,-0.09499999999999997,0,0,-160.7073222945427
top_arb,6,0.2,0.07,0.099,-0.5629714610220443,-0.02029988098213109,-0.09899999999999998,0.0,0.0,0.0,0.0,-0.3844669353750294,-0.009520554118028213,-0.09899999999999998,0,0,-161.2594292204409
top_arb,6,0.16,0.07,0.099,-0.5629714610220443,-0.02029988098213109,-0.09899999999999998,0.0,0.0,0.0,0.0,-0.3844669353750294,-0.009520554118028213,-0.09899999999999998,0,0,-161.2594292204409
top_arb,6,0.24,0.08,0.099,-0.5629714610220443,-0.02029988098213109,-0.09899999999999998,0.0,0.0,0.0,0.0,-0.3844669353750294,-0.009520554118028213,-0.09899999999999998,0,0,-161.2594292204409
top_arb,6,0.36,0.07,0.099,-0.5629714610220443,-0.02029988098213109,-0.09899999999999998,0.0,0.0,0.0,0.0,-0.3844669353750294,-0.009520554118028213,-0.09899999999999998,0,0,-161.2594292204409
top_arb,6,0.32,0.08,0.099,-0.5629714610220443,-0.02029988098213109,-0.09899999999999998,0.0,0.0,0.0,0.0,-0.3844669353750294,-0.009520554118028213,-0.09899999999999998,0,0,-161.2594292204409
top_arb,6,0.28,0.07,0.099,-0.5629714610220443,-0.02029988098213109,-0.09899999999999998,0.0,0.0,0.0,0.0,-0.3844669353750294,-0.009520554118028213,-0.09899999999999998,0,0,-161.2594292204409
top_arb,6,0.32,0.07,0.099,-0.5629714610220443,-0.02029988098213109,-0.09899999999999998,0.0,0.0,0.0,0.0,-0.3844669353750294,-0.009520554118028213,-0.09899999999999998,0,0,-161.2594292204409
top_arb,6,0.36,0.08,0.099,-0.5629714610220443,-0.02029988098213109,-0.09899999999999998,0.0,0.0,0.0,0.0,-0.3844669353750294,-0.009520554118028213,-0.09899999999999998,0,0,-161.2594292204409
top_arb,6,0.2,0.08,0.099,-0.5629714610220443,-0.02029988098213109,-0.09899999999999998,0.0,0.0,0.0,0.0,-0.3844669353750294,-0.009520554118028213,-0.09899999999999998,0,0,-161.2594292204409
top_arb,6,0.16,0.08,0.099,-0.5629714610220443,-0.02029988098213109,-0.09899999999999998,0.0,0.0,0.0,0.0,-0.3844669353750294,-0.009520554118028213,-0.09899999999999998,0,0,-161.2594292204409
top_arb,6,0.24,0.07,0.099,-0.5629714610220443,-0.02029988098213109,-0.09899999999999998,0.0,0.0,0.0,0.0,-0.3844669353750294,-0.009520554118028213,-0.09899999999999998,0,0,-161.2594292204409
top_arb,6,0.28,0.08,0.099,-0.5629714610220443,-0.02029988098213109,-0.09899999999999998,0.0,0.0,0.0,0.0,-0.3844669353750294,-0.009520554118028213,-0.09899999999999998,0,0,-161.2594292204409
top_arb,6,0.12,0.08,0.099,-0.5631351470399691,-0.02029988098213109,-0.09899999999999998,0.0,0.0,0.0,0.0,-0.38457864547455695,-0.009520554118028213,-0.09899999999999998,0,0,-161.2627029407994
top_arb,6,0.12,0.07,0.099,-0.5631351470399691,-0.02029988098213109,-0.09899999999999998,0.0,0.0,0.0,0.0,-0.38457864547455695,-0.009520554118028213,-0.09899999999999998,0,0,-161.2627029407994
